customerID,gender,SeniorCitizen,Partner,Dependents,tenure,PhoneService,MultipleLines,InternetService,OnlineSecurity,OnlineBackup,DeviceProtection,TechSupport,StreamingTV,StreamingMovies,Contract,PaperlessBilling,PaymentMethod,MonthlyCharges,TotalCharges,Churn
7109-AOXZW,Male,0,No,No,61,No,No phone service,No,No internet service,No internet service,No internet service,No internet service,No internet service,No internet service,One year,Yes,Credit card (automatic),23.85,1450.78,No
6101-TQOCY,Female,1,No,No,2,Yes,No,Fiber optic,Yes,No,No,Yes,No,Yes,Two year,No,Electronic check,86.22,175.76,No
1257-GIAAX,Male,0,No,No,4,Yes,No,DSL,No,Yes,No,No,No,No,Month-to-month,Yes,Mailed check,53.58,202.33,Yes
7303-WOAEA,Male,0,Yes,No,63,Yes,No,DSL,Yes,No,Yes,No,No,No,Month-to-month,No,Mailed check,47.74,3015.58,Yes
9470-TSHLO,Male,0,Yes,No,50,Yes,Yes,Fiber optic,Yes,No,No,No,No,No,Month-to-month,Yes,Bank transfer (automatic),72.47,3617.05,Yes
2798-WQWQW,Female,1,Yes,No,7,Yes,Yes,DSL,Yes,No,Yes,Yes,Yes,Yes,Two year,No,Bank transfer (automatic),40.03,271.06,No
5033-GFXLN,Male,0,Yes,Yes,2,Yes,No,DSL,No,No,No,Yes,No,Yes,Month-to-month,Yes,Bank transfer (automatic),45.9,74.72,No
6799-PVBQY,Male,0,Yes,No,20,Yes,No,Fiber optic,No,No,No,No,No,No,Month-to-month,No,Credit card (automatic),72.57,1458.7,No
7505-VAMFA,Male,0,Yes,No,4,Yes,No,No,No internet service,No internet service,No internet service,No internet service,No internet service,No internet service,Month-to-month,Yes,Credit card (automatic),23.38,82.2,No
1256-PSDYB,Female,0,Yes,Yes,0,Yes,Yes,Fiber optic,No,No,No,Yes,No,No,Two year,No,Electronic check,74.94,0.0,No
7392-GLORP,Male,0,Yes,Yes,53,Yes,No,Fiber optic,No,No,No,No,Yes,No,Month-to-month,Yes,Mailed check,101.55,5374.29,No
6094-OHIRB,Male,0,Yes,No,3,Yes,No,No,No internet service,No internet service,No internet service,No internet service,No internet service,No internet service,Month-to-month,Yes,Mailed check,28.48,94.62,Yes
6721-IEKZG,Male,0,No,No,3,Yes,No,DSL,No,No,No,No,Yes,No,Month-to-month,Yes,Bank transfer (automatic),54.89,155.99,Yes
1061-BMOWA,Male,0,No,Yes,2,Yes,No,DSL,No,No,No,No,No,Yes,Month-to-month,No,Electronic check,42.12,65.44,Yes
3886-HGUZM,Female,0,Yes,No,52,Yes,No,No,No internet service,No internet service,No internet service,No internet service,No internet service,No internet service,Month-to-month,Yes,Electronic check,27.95,1457.74,No
6886-VUZSN,Male,0,Yes,No,5,Yes,No,Fiber optic,No,No,Yes,No,No,Yes,Month-to-month,No,Electronic check,95.47,480.57,Yes
5709-BOCCD,Female,0,Yes,Yes,59,Yes,Yes,DSL,No,No,No,No,No,No,Two year,No,Credit card (automatic),63.0,3731.74,No
3731-EHZZO,Female,0,No,Yes,67,Yes,No,Fiber optic,No,Yes,Yes,No,Yes,Yes,Month-to-month,Yes,Credit card (automatic),92.61,6191.49,No
6579-FYRQR,Female,1,Yes,No,60,Yes,No,No,No internet service,No internet service,No internet service,No internet service,No internet service,No internet service,Month-to-month,Yes,Electronic check,26.09,1583.34,No
8946-XWADN,Male,0,No,No,64,Yes,Yes,DSL,Yes,No,Yes,No,No,No,Month-to-month,No,Credit card (automatic),50.85,3236.4,No
3225-ZEDMQ,Female,1,Yes,No,4,Yes,No,Fiber optic,No,No,No,No,No,No,Two year,No,Credit card (automatic),78.47,316.61,No
8466-PAOHU,Male,0,Yes,No,58,Yes,No,DSL,No,No,Yes,Yes,Yes,No,Month-to-month,No,Bank transfer (automatic),49.16,2862.51,No
7816-RTYBI,Female,0,Yes,Yes,11,Yes,No,Fiber optic,Yes,No,Yes,Yes,No,No,Two year,Yes,Electronic check,90.12,1001.85,No
9463-MSFXJ,Female,1,Yes,No,56,Yes,No,Fiber optic,No,Yes,No,Yes,Yes,No,Two year,No,Electronic check,99.54,5580.54,No
5467-FMRKV,Female,0,No,No,54,No,No phone service,DSL,No,Yes,No,No,Yes,No,Month-to-month,Yes,Electronic check,64.88,3522.03,No
1823-WVZNT,Female,0,No,No,53,Yes,Yes,Fiber optic,Yes,Yes,No,No,No,No,Month-to-month,No,Electronic check,78.39,4151.83,No
9950-UINLO,Female,0,No,No,21,Yes,No,Fiber optic,No,No,No,No,No,No,One year,No,Credit card (automatic),75.69,1595.81,Yes
8889-GZVIB,Female,0,No,Yes,2,No,No phone service,DSL,No,No,Yes,Yes,No,Yes,One year,Yes,Electronic check,64.57,114.02,Yes
2276-LRIKE,Female,0,No,No,4,Yes,Yes,Fiber optic,No,Yes,No,Yes,No,Yes,Two year,Yes,Bank transfer (automatic),72.66,284.86,No
9209-ZSNBR,Female,0,No,Yes,17,Yes,Yes,Fiber optic,No,Yes,No,No,Yes,No,Two year,Yes,Bank transfer (automatic),97.75,1646.46,Yes
2312-ILRPG,Male,0,Yes,Yes,67,Yes,Yes,Fiber optic,No,No,No,No,Yes,Yes,Month-to-month,Yes,Mailed check,97.61,6542.59,No
5222-UCGFC,Male,0,Yes,No,64,Yes,Yes,No,No internet service,No internet service,No internet service,No internet service,No internet service,No internet service,One year,Yes,Electronic check,27.39,1768.29,No
4513-CJSVW,Female,0,Yes,Yes,58,Yes,No,DSL,No,No,No,Yes,Yes,Yes,Month-to-month,Yes,Mailed check,58.14,3366.44,No
3240-YKADV,Female,0,No,No,60,Yes,Yes,DSL,No,No,No,No,No,No,Month-to-month,No,Electronic check,65.28,3924.64,No
4628-AAAHX,Female,0,Yes,Yes,55,No,No phone service,Fiber optic,Yes,No,Yes,Yes,Yes,No,One year,Yes,Credit card (automatic),115.0,6315.06,No
4895-MEKPI,Male,0,No,Yes,64,Yes,Yes,Fiber optic,Yes,No,No,No,No,Yes,Month-to-month,Yes,Credit card (automatic),71.93,4605.77,No
8387-KHXUZ,Female,1,Yes,No,57,Yes,No,No,No internet service,No internet service,No internet service,No internet service,No internet service,No internet service,Month-to-month,Yes,Credit card (automatic),23.82,1343.53,No
3369-BUPWB,Male,0,No,Yes,51,Yes,Yes,DSL,No,No,No,Yes,No,Yes,Month-to-month,Yes,Credit card (automatic),53.9,2729.3,Yes
6241-LGSNG,Male,1,Yes,Yes,2,Yes,Yes,Fiber optic,No,No,No,Yes,Yes,No,Month-to-month,Yes,Bank transfer (automatic),93.33,206.29,No
2699-VSCRM,Male,0,Yes,No,69,Yes,Yes,Fiber optic,Yes,No,No,Yes,Yes,Yes,Two year,Yes,Mailed check,74.72,5169.25,No
7650-CVTIJ,Male,0,No,Yes,1,Yes,Yes,No,No internet service,No internet service,No internet service,No internet service,No internet service,No internet service,Month-to-month,Yes,Mailed check,19.21,24.43,Yes
4179-XRRBY,Male,0,Yes,Yes,2,Yes,Yes,Fiber optic,No,No,No,Yes,No,Yes,One year,Yes,Electronic check,84.32,159.28,Yes
1235-PGYCE,Female,0,No,No,65,Yes,No,Fiber optic,No,No,No,No,Yes,Yes,Month-to-month,Yes,Bank transfer (automatic),105.05,6838.05,Yes
3128-TXSGS,Female,0,Yes,Yes,3,Yes,Yes,DSL,No,No,No,No,No,Yes,Month-to-month,Yes,Credit card (automatic),65.36,180.16,Yes
7158-MEDKC,Female,0,Yes,No,63,Yes,Yes,Fiber optic,No,No,No,No,No,No,Month-to-month,Yes,Bank transfer (automatic),78.09,4924.97,No
2927-AIPPD,Female,0,No,Yes,64,No,No phone service,DSL,Yes,No,No,No,No,Yes,Month-to-month,No,Credit card (automatic),41.61,2675.19,Yes
7639-DSRNZ,Female,1,No,Yes,64,Yes,No,No,No internet service,No internet service,No internet service,No internet service,No internet service,No internet service,Month-to-month,Yes,Credit card (automatic),29.02,1864.21,No
8781-DOUDM,Male,0,Yes,No,70,Yes,Yes,DSL,Yes,Yes,Yes,Yes,Yes,No,Two year,No,Bank transfer (automatic),43.36,3045.65,No
3184-WIQRR,Female,0,No,No,63,Yes,No,Fiber optic,Yes,No,Yes,No,No,Yes,Month-to-month,Yes,Bank transfer (automatic),76.26,4787.34,Yes
5250-VIBMV,Female,0,No,Yes,50,No,No phone service,DSL,No,Yes,No,No,No,No,Month-to-month,Yes,Electronic check,63.71,3167.09,Yes
1209-OQQFH,Male,0,No,No,65,Yes,No,No,No internet service,No internet service,No internet service,No internet service,No internet service,No internet service,Month-to-month,Yes,Electronic check,20.08,1302.46,No
1042-RSYVC,Female,0,Yes,Yes,1,Yes,No,Fiber optic,Yes,Yes,Yes,No,No,No,Month-to-month,Yes,Credit card (automatic),75.06,86.72,No
6332-MHQFM,Male,0,Yes,Yes,57,Yes,No,No,No internet service,No internet service,No internet service,No internet service,No internet service,No internet service,Month-to-month,No,Bank transfer (automatic),23.73,1344.63,No
7689-HMOAR,Female,1,No,No,7,Yes,No,DSL,Yes,No,No,No,Yes,No,One year,Yes,Credit card (automatic),55.64,399.03,No
4978-QLDAA,Male,0,No,Yes,57,Yes,No,DSL,Yes,Yes,No,No,No,No,Month-to-month,Yes,Electronic check,49.92,2828.31,No
4630-OEXXH,Female,0,No,No,66,Yes,No,Fiber optic,Yes,No,No,No,No,No,Month-to-month,Yes,Bank transfer (automatic),86.48,5713.9,No
3656-OQBEH,Female,0,Yes,Yes,3,Yes,Yes,Fiber optic,No,Yes,No,No,No,No,One year,Yes,Electronic check,97.98,310.89,No
8412-JTMTF,Male,0,Yes,No,65,No,No phone service,DSL,Yes,No,No,No,No,No,Month-to-month,Yes,Mailed check,68.84,4473.01,No
4217-KZETI,Male,0,No,No,5,Yes,No,Fiber optic,No,No,Yes,No,No,No,Month-to-month,No,Mailed check,88.88,426.7,No
7847-VWLEC,Male,0,Yes,No,0,Yes,Yes,DSL,No,No,No,No,No,No,One year,No,Electronic check,68.35,8.84,No
7701-NBMON,Male,0,Yes,Yes,1,Yes,No,Fiber optic,No,No,No,Yes,No,No,Two year,Yes,Credit card (automatic),108.94,124.29,No
7772-WTCNW,Male,0,Yes,No,53,Yes,Yes,Fiber optic,Yes,Yes,Yes,No,No,No,Month-to-month,No,Electronic check,98.46,5212.89,Yes
8781-HIOEL,Male,0,No,No,3,Yes,No,Fiber optic,No,No,No,No,No,Yes,One year,No,Credit card (automatic),72.4,212.08,No
5139-IZQCO,Male,0,Yes,No,0,Yes,No,Fiber optic,No,Yes,No,No,Yes,No,Month-to-month,Yes,Bank transfer (automatic),71.28,0.0,Yes
8982-LFAAO,Male,0,No,No,58,No,No phone service,DSL,No,No,No,Yes,Yes,No,One year,Yes,Electronic check,55.0,3174.25,No
2693-QICZB,Female,0,No,No,2,Yes,No,No,No internet service,No internet service,No internet service,No internet service,No internet service,No internet service,Two year,No,Bank transfer (automatic),28.34,48.93,No
2789-YPYKY,Female,0,No,No,68,Yes,No,No,No internet service,No internet service,No internet service,No internet service,No internet service,No internet service,Month-to-month,Yes,Credit card (automatic),25.86,1755.46,No
1706-ZTUOQ,Male,1,Yes,No,4,Yes,Yes,Fiber optic,No,No,No,No,No,No,Month-to-month,No,Bank transfer (automatic),89.6,355.14,No
5935-NGWUR,Female,1,Yes,No,51,Yes,No,Fiber optic,No,No,Yes,Yes,No,No,Month-to-month,Yes,Electronic check,90.6,4608.85,Yes
9775-JHVOX,Female,0,No,No,3,Yes,Yes,DSL,Yes,Yes,Yes,No,No,Yes,Month-to-month,No,Electronic check,48.25,146.97,Yes
7842-SIISS,Female,0,No,Yes,53,Yes,No,Fiber optic,No,No,Yes,No,Yes,No,Month-to-month,Yes,Electronic check,93.17,4939.63,Yes
8471-KZZLF,Female,0,No,No,68,Yes,No,Fiber optic,No,Yes,Yes,No,Yes,Yes,One year,Yes,Bank transfer (automatic),113.8,7733.67,No
6134-CVHBV,Male,0,No,No,55,Yes,Yes,Fiber optic,No,Yes,No,No,Yes,Yes,Month-to-month,No,Electronic check,98.71,5446.44,No
3562-ADUCP,Female,1,No,No,58,Yes,Yes,No,No internet service,No internet service,No internet service,No internet service,No internet service,No internet service,Month-to-month,Yes,Bank transfer (automatic),27.66,1622.9,No
8753-LAAHQ,Male,0,No,Yes,55,Yes,No,DSL,No,Yes,No,No,No,No,One year,No,Electronic check,52.88,2915.58,No
6765-EIBAF,Female,1,Yes,No,68,Yes,Yes,DSL,No,Yes,No,No,Yes,No,One year,No,Bank transfer (automatic),59.11,4010.88,No
7303-AXIWY,Female,1,Yes,No,0,Yes,Yes,Fiber optic,No,No,No,No,No,Yes,Month-to-month,No,Mailed check,102.42,17.53,Yes
7866-OJJZS,Female,0,No,No,12,Yes,No,Fiber optic,No,No,Yes,Yes,Yes,No,One year,Yes,Credit card (automatic),92.8,1122.45,No
7116-BHIKX,Male,0,Yes,No,59,Yes,No,DSL,No,No,No,No,Yes,Yes,Two year,No,Mailed check,61.29,3613.74,No
5841-UEKPY,Female,0,No,No,1,Yes,No,Fiber optic,No,No,No,Yes,Yes,Yes,Month-to-month,Yes,Electronic check,78.05,93.21,Yes
8266-KDRCF,Male,1,Yes,No,60,Yes,No,DSL,No,No,No,No,Yes,No,Month-to-month,Yes,Bank transfer (automatic),45.82,2735.37,No
5851-XEMKV,Female,0,No,Yes,6,No,No phone service,Fiber optic,No,No,Yes,No,Yes,No,One year,No,Electronic check,99.91,606.06,Yes
1683-NPGJP,Male,1,Yes,Yes,57,Yes,No,Fiber optic,No,No,No,No,Yes,No,One year,Yes,Electronic check,81.44,4633.2,No
1517-ISBKR,Female,0,Yes,Yes,19,Yes,No,No,No internet service,No internet service,No internet service,No internet service,No internet service,No internet service,Month-to-month,Yes,Credit card (automatic),18.62,355.83,Yes
3426-HOLIX,Male,0,No,Yes,17,Yes,Yes,Fiber optic,No,Yes,No,No,Yes,Yes,Month-to-month,Yes,Bank transfer (automatic),113.63,1923.33,No
5597-RAQMM,Male,1,Yes,No,6,Yes,Yes,No,No internet service,No internet service,No internet service,No internet service,No internet service,No internet service,Two year,No,Electronic check,20.6,126.78,No
4842-BQUKU,Female,0,Yes,No,61,Yes,No,Fiber optic,No,No,Yes,Yes,Yes,No,Two year,Yes,Credit card (automatic),90.31,5506.11,No
3066-VWRKY,Male,0,Yes,No,64,Yes,No,No,No internet service,No internet service,No internet service,No internet service,No internet service,No internet service,Two year,No,Electronic check,27.53,1765.24,No
3381-GPJLP,Female,0,No,No,1,Yes,No,No,No internet service,No internet service,No internet service,No internet service,No internet service,No internet service,Two year,Yes,Bank transfer (automatic),26.09,9.14,No
9768-GDULM,Female,0,No,No,4,Yes,No,Fiber optic,No,No,Yes,No,No,No,One year,Yes,Electronic check,101.55,386.33,Yes
8531-LFKRE,Female,0,No,No,4,Yes,No,Fiber optic,No,Yes,No,No,Yes,No,Two year,Yes,Mailed check,93.94,387.1,No
8212-PUPVP,Female,0,Yes,No,10,Yes,Yes,Fiber optic,No,Yes,Yes,No,No,Yes,One year,Yes,Electronic check,111.33,1104.3,No
3607-OQANI,Female,1,No,Yes,60,Yes,No,Fiber optic,No,Yes,No,No,No,No,Two year,Yes,Mailed check,77.33,4647.61,No
6872-AXFXZ,Female,1,Yes,No,8,Yes,No,DSL,Yes,No,No,No,No,Yes,Month-to-month,Yes,Electronic check,67.35,520.36,Yes
9977-LBVHV,Female,0,No,Yes,21,No,No phone service,No,No internet service,No internet service,No internet service,No internet service,No internet service,No internet service,Two year,Yes,Mailed check,18.02,384.88,No
5537-VEDXV,Female,0,No,No,2,Yes,No,Fiber optic,No,No,No,No,No,Yes,Month-to-month,No,Electronic check,103.37,215.37,Yes
5189-JFMBK,Female,0,No,No,70,No,No phone service,DSL,No,No,Yes,No,No,Yes,Month-to-month,No,Credit card (automatic),65.22,4573.73,Yes
9093-VGQCJ,Female,0,No,No,57,Yes,No,Fiber optic,No,Yes,No,Yes,Yes,Yes,Month-to-month,Yes,Credit card (automatic),83.45,4770.68,No
7531-SMDPL,Female,1,No,Yes,57,Yes,No,No,No internet service,No internet service,No internet service,No internet service,No internet service,No internet service,Month-to-month,No,Electronic check,26.54,1527.31,No
5134-SPMFB,Male,0,No,No,1,Yes,Yes,No,No internet service,No internet service,No internet service,No internet service,No internet service,No internet service,Month-to-month,Yes,Credit card (automatic),21.22,9.24,Yes
3126-LYPQW,Male,0,Yes,No,34,Yes,No,Fiber optic,Yes,No,Yes,No,No,Yes,Two year,No,Credit card (automatic),81.15,2762.25,No
7123-PPZEM,Female,0,No,Yes,4,Yes,No,DSL,Yes,No,Yes,No,No,No,One year,Yes,Bank transfer (automatic),54.85,200.23,No
8399-ZWFKH,Female,0,Yes,Yes,9,No,No phone service,Fiber optic,No,No,No,Yes,No,No,Two year,Yes,Mailed check,92.03,811.81,No
6152-LFCWA,Female,0,Yes,No,71,No,No phone service,Fiber optic,No,Yes,Yes,Yes,No,No,Two year,No,Credit card (automatic),95.43,6772.29,No
3698-DWCZM,Female,0,Yes,Yes,55,Yes,No,DSL,No,No,No,No,No,No,Month-to-month,Yes,Credit card (automatic),46.26,2525.84,No
9839-DZJME,Female,0,Yes,No,9,Yes,No,No,No internet service,No internet service,No internet service,No internet service,No internet service,No internet service,Month-to-month,No,Mailed check,22.96,200.48,No
3384-MPRYN,Female,0,Yes,No,2,Yes,Yes,DSL,No,No,No,No,Yes,No,Month-to-month,No,Bank transfer (automatic),40.36,86.3,No
7988-CJMAN,Female,0,No,No,4,Yes,No,Fiber optic,No,No,No,Yes,No,No,Month-to-month,Yes,Credit card (automatic),87.75,363.62,No
8147-STEGD,Female,0,Yes,Yes,59,Yes,Yes,DSL,Yes,No,No,Yes,No,Yes,One year,Yes,Credit card (automatic),53.6,3159.82,No
9715-ZLRMX,Male,0,Yes,No,6,Yes,Yes,No,No internet service,No internet service,No internet service,No internet service,No internet service,No internet service,Month-to-month,Yes,Credit card (automatic),28.43,169.99,No
3895-DANOR,Female,0,No,No,65,Yes,Yes,DSL,No,No,No,No,No,Yes,Month-to-month,Yes,Credit card (automatic),41.21,2658.89,No
5557-CTUFW,Male,0,Yes,Yes,13,Yes,Yes,Fiber optic,No,No,No,Yes,Yes,No,Month-to-month,Yes,Mailed check,79.81,1052.19,No
2134-ZMIEJ,Female,0,No,Yes,56,Yes,Yes,No,No internet service,No internet service,No internet service,No internet service,No internet service,No internet service,Month-to-month,No,Credit card (automatic),28.63,1622.64,No
7043-ALGBB,Female,0,No,Yes,59,Yes,No,DSL,Yes,No,No,No,No,Yes,Month-to-month,Yes,Electronic check,67.77,3996.47,No
9491-TVRWP,Male,0,No,No,8,Yes,Yes,DSL,No,Yes,No,No,No,No,Two year,No,Electronic check,42.31,330.62,No
8319-CJSBZ,Female,1,No,No,67,Yes,Yes,DSL,No,No,No,No,Yes,No,Month-to-month,Yes,Electronic check,59.91,4001.01,No
3425-PPMUJ,Male,1,Yes,Yes,51,Yes,No,Fiber optic,No,No,No,No,No,No,Month-to-month,Yes,Mailed check,87.89,4491.38,Yes
8029-QKSFO,Female,0,Yes,No,60,Yes,No,Fiber optic,No,No,No,No,Yes,Yes,Month-to-month,No,Bank transfer (automatic),98.25,5891.45,No
5200-SCYXF,Female,1,Yes,No,0,Yes,Yes,Fiber optic,Yes,Yes,No,No,Yes,Yes,Two year,No,Electronic check,91.99,0.0,No
6740-FQKDP,Male,0,No,No,61,Yes,Yes,DSL,No,No,No,No,No,No,Month-to-month,Yes,Mailed check,64.07,3911.89,No
7441-JVCVR,Female,0,Yes,No,1,Yes,No,Fiber optic,No,No,No,Yes,No,No,Month-to-month,Yes,Bank transfer (automatic),74.12,86.57,Yes
4471-DHAVU,Male,0,Yes,Yes,0,Yes,No,No,No internet service,No internet service,No internet service,No internet service,No internet service,No internet service,Month-to-month,Yes,Electronic check,27.46,8.35,Yes
3176-QEGWN,Female,0,Yes,Yes,51,Yes,Yes,No,No internet service,No internet service,No internet service,No internet service,No internet service,No internet service,Two year,Yes,Electronic check,19.86,1025.3,No
2056-ZNJPP,Male,0,No,No,53,Yes,Yes,Fiber optic,No,Yes,Yes,No,No,No,Two year,Yes,Electronic check,94.9,5030.94,No
4729-RZISM,Male,0,Yes,Yes,51,Yes,No,No,No internet service,No internet service,No internet service,No internet service,No internet service,No internet service,Month-to-month,Yes,Bank transfer (automatic),23.73,1213.26,No
4532-ZJLIV,Female,0,No,No,64,Yes,No,No,No internet service,No internet service,No internet service,No internet service,No internet service,No internet service,One year,No,Credit card (automatic),25.64,1621.49,No
8965-JRJGD,Female,0,Yes,No,2,Yes,No,Fiber optic,Yes,No,No,No,Yes,No,Month-to-month,Yes,Mailed check,83.69,164.6,Yes
7852-JRPTC,Male,0,Yes,No,0,Yes,Yes,DSL,Yes,No,Yes,No,Yes,No,Month-to-month,No,Mailed check,56.43,12.13,No
2430-BPDYO,Female,1,Yes,No,60,Yes,No,No,No internet service,No internet service,No internet service,No internet service,No internet service,No internet service,Month-to-month,Yes,Electronic check,29.88,1797.63,No
5350-ELFIH,Female,0,No,No,2,Yes,Yes,No,No internet service,No internet service,No internet service,No internet service,No internet service,No internet service,Month-to-month,No,Credit card (automatic),28.38,64.42,No
6407-TFRGO,Female,0,No,No,52,Yes,No,DSL,No,No,Yes,Yes,No,No,Two year,No,Credit card (automatic),41.74,2156.43,No
9092-CWPUN,Male,0,Yes,No,14,Yes,No,No,No internet service,No internet service,No internet service,No internet service,No internet service,No internet service,Two year,No,Mailed check,20.42,302.45,No
7120-BAJDY,Male,0,Yes,No,3,No,No phone service,Fiber optic,No,No,Yes,No,No,Yes,Month-to-month,No,Credit card (automatic),100.14,310.39,No
1864-QJRET,Male,0,No,No,3,Yes,No,DSL,No,Yes,No,Yes,No,No,Month-to-month,No,Mailed check,63.55,206.55,Yes
4946-OSBWX,Male,0,Yes,No,67,Yes,No,Fiber optic,Yes,No,Yes,Yes,Yes,No,Month-to-month,No,Mailed check,103.38,6918.0,No
1705-OGYMU,Male,0,Yes,Yes,53,Yes,No,DSL,Yes,No,No,No,No,Yes,One year,No,Bank transfer (automatic),55.62,2951.23,No
8798-OLFXI,Male,0,Yes,Yes,4,Yes,Yes,Fiber optic,Yes,No,Yes,No,No,Yes,Two year,No,Electronic check,76.89,319.7,No
4821-OWGDW,Male,0,Yes,No,51,Yes,No,Fiber optic,No,Yes,Yes,Yes,No,Yes,Two year,Yes,Credit card (automatic),103.6,5280.23,No
4706-SUNMC,Male,0,Yes,No,63,Yes,No,Fiber optic,No,Yes,No,No,Yes,Yes,One year,No,Electronic check,83.31,5242.13,No
4530-POUPL,Male,0,Yes,No,3,Yes,Yes,Fiber optic,Yes,Yes,No,No,Yes,Yes,Month-to-month,Yes,Credit card (automatic),102.69,304.27,No
8227-JZZTJ,Female,0,Yes,No,65,Yes,Yes,Fiber optic,No,No,No,Yes,Yes,No,Two year,No,Credit card (automatic),71.34,4642.58,No
4021-WQTGA,Male,0,No,Yes,62,Yes,No,DSL,No,Yes,Yes,Yes,No,No,Month-to-month,No,Mailed check,66.89,4141.95,No
9809-MSCAH,Female,0,Yes,No,50,Yes,No,No,No internet service,No internet service,No internet service,No internet service,No internet service,No internet service,Two year,Yes,Bank transfer (automatic),20.43,1010.3,No
4075-ZXLFN,Female,1,No,No,55,Yes,No,Fiber optic,No,No,No,No,No,No,Month-to-month,Yes,Mailed check,96.66,5316.58,No
1600-LELMP,Female,1,Yes,No,14,Yes,No,Fiber optic,Yes,Yes,Yes,No,No,Yes,One year,No,Bank transfer (automatic),112.61,1559.28,No
2774-YITXR,Male,1,No,No,14,Yes,No,Fiber optic,No,No,No,Yes,Yes,No,Month-to-month,Yes,Electronic check,81.1,1151.59,Yes
4649-QRCVD,Male,0,Yes,No,51,Yes,No,No,No internet service,No internet service,No internet service,No internet service,No internet service,No internet service,Month-to-month,Yes,Bank transfer (automatic),18.55,963.37,No
8041-KWMFO,Male,0,No,No,5,Yes,Yes,DSL,No,No,No,No,No,Yes,One year,No,Mailed check,41.84,228.57,No
9977-PGDHS,Male,0,Yes,No,6,Yes,Yes,DSL,Yes,No,Yes,Yes,Yes,No,One year,Yes,Electronic check,67.95,417.97,No
6389-REYHB,Female,0,No,No,3,Yes,No,No,No internet service,No internet service,No internet service,No internet service,No internet service,No internet service,Two year,No,Credit card (automatic),25.09,87.37,No
4286-QPTTC,Male,0,Yes,No,8,Yes,Yes,Fiber optic,Yes,No,No,No,Yes,Yes,One year,Yes,Credit card (automatic),111.77,907.71,No
5960-KXQVW,Male,0,Yes,Yes,63,Yes,Yes,DSL,No,No,Yes,No,No,No,Month-to-month,Yes,Electronic check,60.31,3786.46,Yes
3595-VIHTT,Male,1,No,No,71,Yes,No,Fiber optic,Yes,No,No,No,Yes,Yes,Two year,No,Credit card (automatic),109.81,7784.72,No
3807-RHOPD,Male,0,No,No,11,Yes,No,Fiber optic,Yes,Yes,No,No,No,No,Two year,No,Mailed check,101.71,1131.61,Yes
4331-EHIQZ,Male,1,Yes,No,36,Yes,No,Fiber optic,No,Yes,No,No,No,No,Month-to-month,Yes,Electronic check,100.3,3607.48,Yes
3959-ADBCJ,Female,0,No,No,57,Yes,Yes,Fiber optic,No,Yes,No,Yes,Yes,No,Two year,No,Mailed check,103.75,5925.42,No
7296-PQIRS,Male,0,Yes,No,56,Yes,No,No,No internet service,No internet service,No internet service,No internet service,No internet service,No internet service,Two year,Yes,Mailed check,24.62,1364.5,No
4777-VTVTZ,Female,0,Yes,No,61,No,No phone service,No,No internet service,No internet service,No internet service,No internet service,No internet service,No internet service,One year,No,Electronic check,27.69,1671.04,No
9108-IROSJ,Male,0,No,No,1,Yes,Yes,No,No internet service,No internet service,No internet service,No internet service,No internet service,No internet service,Month-to-month,No,Mailed check,20.58,16.48,No
4072-NWMZD,Female,0,Yes,No,69,No,No phone service,Fiber optic,No,No,Yes,Yes,No,Yes,One year,Yes,Mailed check,99.55,6859.81,No
9139-ZTFHI,Male,0,No,Yes,8,Yes,No,DSL,Yes,No,No,Yes,No,No,Month-to-month,Yes,Mailed check,58.02,476.63,No
9257-MHJYN,Male,0,Yes,No,2,Yes,No,Fiber optic,No,Yes,No,No,No,No,One year,No,Electronic check,92.37,201.42,Yes
8558-FPZFV,Female,0,No,Yes,57,Yes,No,Fiber optic,No,No,No,Yes,No,Yes,Month-to-month,Yes,Bank transfer (automatic),90.15,5144.7,No
8560-TVXBW,Female,1,No,Yes,54,Yes,No,DSL,No,No,No,No,No,No,Two year,Yes,Electronic check,52.25,2805.72,No
4584-BAXUM,Female,0,No,No,0,No,No phone service,Fiber optic,Yes,No,No,Yes,No,No,One year,Yes,Electronic check,86.45,0.0,No
1267-GMKBF,Male,1,No,No,63,Yes,Yes,Fiber optic,Yes,No,No,No,Yes,Yes,Month-to-month,No,Electronic check,79.35,5010.19,No
4789-BLXKQ,Female,0,Yes,Yes,10,Yes,Yes,No,No internet service,No internet service,No internet service,No internet service,No internet service,No internet service,One year,No,Bank transfer (automatic),27.28,287.66,No
2103-SKIYF,Male,0,No,No,9,No,No phone service,DSL,Yes,No,No,No,No,No,Month-to-month,Yes,Credit card (automatic),52.1,486.81,No
6867-FLRCO,Male,0,Yes,No,1,No,No phone service,Fiber optic,No,Yes,Yes,Yes,Yes,No,Month-to-month,No,Credit card (automatic),82.54,91.24,No
8762-RNQZF,Female,0,No,Yes,69,Yes,No,Fiber optic,No,No,Yes,No,Yes,No,Month-to-month,Yes,Credit card (automatic),74.13,5096.24,Yes
7651-ZCLEU,Female,0,No,No,9,Yes,No,DSL,No,Yes,No,Yes,No,No,Month-to-month,Yes,Electronic check,53.85,483.8,Yes
1972-HQRED,Male,0,No,No,0,Yes,No,DSL,Yes,No,Yes,Yes,No,No,Two year,Yes,Mailed check,65.94,0.0,No
9502-DYWYL,Male,0,No,No,68,Yes,Yes,DSL,No,No,No,No,Yes,No,Month-to-month,Yes,Mailed check,62.59,4237.83,No
4289-NRFXE,Female,0,Yes,No,52,No,No phone service,DSL,No,Yes,Yes,No,No,No,Two year,No,Mailed check,48.11,2518.15,No
8933-ZNUUB,Female,0,No,No,67,Yes,No,DSL,Yes,Yes,No,Yes,No,No,Month-to-month,Yes,Electronic check,55.99,3761.88,No
3512-UJEFN,Female,0,Yes,No,2,Yes,Yes,No,No internet service,No internet service,No internet service,No internet service,No internet service,No internet service,One year,No,Credit card (automatic),28.21,44.63,No
7149-VFRRE,Male,0,No,No,2,Yes,No,DSL,No,No,No,No,Yes,No,One year,No,Electronic check,62.6,131.29,No
9293-RGRKR,Male,0,Yes,No,8,Yes,No,No,No internet service,No internet service,No internet service,No internet service,No internet service,No internet service,Month-to-month,No,Mailed check,27.87,235.47,Yes
2295-EBKON,Male,0,No,No,8,Yes,Yes,No,No internet service,No internet service,No internet service,No internet service,No internet service,No internet service,Two year,No,Mailed check,23.3,200.56,No
9980-OXPZQ,Male,0,Yes,No,63,Yes,No,Fiber optic,No,Yes,Yes,No,No,No,Month-to-month,Yes,Mailed check,84.49,5337.59,No
6989-CWIKM,Male,0,No,Yes,71,Yes,No,DSL,Yes,No,No,No,No,No,One year,Yes,Bank transfer (automatic),52.17,3715.46,No
6862-OWCBJ,Male,0,Yes,Yes,4,Yes,No,Fiber optic,Yes,No,No,No,Yes,No,Month-to-month,Yes,Credit card (automatic),73.24,297.72,Yes
8697-QYEHZ,Female,0,No,No,0,Yes,No,DSL,Yes,No,Yes,Yes,Yes,No,Month-to-month,No,Credit card (automatic),53.98,0.0,No
2293-PDGBL,Male,0,Yes,No,3,Yes,No,DSL,No,No,No,No,Yes,No,Two year,Yes,Credit card (automatic),66.91,191.18,Yes
4742-SLSJO,Male,0,No,Yes,8,Yes,Yes,Fiber optic,No,Yes,No,No,No,No,One year,Yes,Mailed check,103.06,825.8,No
6623-GYTSA,Male,0,Yes,No,1,Yes,No,Fiber optic,No,No,Yes,No,No,No,Month-to-month,Yes,Electronic check,113.64,108.34,No
3541-JGHJX,Female,1,No,Yes,2,Yes,Yes,Fiber optic,No,Yes,No,No,Yes,No,Two year,No,Electronic check,99.48,207.41,Yes
3697-ALZHR,Male,0,Yes,Yes,3,Yes,No,Fiber optic,No,No,Yes,No,No,Yes,Month-to-month,Yes,Electronic check,102.62,292.59,No
2810-VEFLU,Male,0,No,Yes,68,Yes,No,No,No internet service,No internet service,No internet service,No internet service,No internet service,No internet service,One year,No,Bank transfer (automatic),25.81,1772.82,No
6760-CEWRJ,Female,0,Yes,No,7,Yes,No,DSL,Yes,No,No,No,No,No,Month-to-month,No,Mailed check,47.7,327.46,No
2244-LLLEB,Male,0,No,No,69,Yes,No,DSL,No,Yes,No,Yes,No,No,One year,No,Bank transfer (automatic),65.52,4521.58,No
1178-ALEOK,Male,0,Yes,Yes,5,Yes,Yes,Fiber optic,Yes,No,No,No,No,Yes,Month-to-month,Yes,Mailed check,108.59,536.35,Yes
8972-XWDSW,Male,0,Yes,No,20,Yes,No,No,No internet service,No internet service,No internet service,No internet service,No internet service,No internet service,Month-to-month,No,Credit card (automatic),19.96,411.14,No
5778-ZPQCO,Male,0,No,Yes,64,Yes,Yes,No,No internet service,No internet service,No internet service,No internet service,No internet service,No internet service,Two year,Yes,Bank transfer (automatic),18.48,1168.88,No
5031-ISFMU,Male,0,Yes,No,60,Yes,Yes,Fiber optic,Yes,No,No,No,Yes,Yes,Month-to-month,No,Credit card (automatic),95.81,5742.78,No
2104-GFSLW,Female,0,Yes,Yes,52,Yes,No,Fiber optic,No,No,No,No,Yes,Yes,Month-to-month,No,Electronic check,106.65,5550.41,Yes
1621-WANYV,Female,0,No,No,68,Yes,Yes,Fiber optic,Yes,No,No,No,No,No,Month-to-month,No,Electronic check,81.61,5531.32,No
4193-XLPJL,Female,1,No,No,1,Yes,Yes,DSL,No,Yes,Yes,No,Yes,No,Month-to-month,Yes,Mailed check,53.69,58.12,No
4600-BCQCZ,Male,0,No,No,64,Yes,No,Fiber optic,No,Yes,No,No,No,Yes,Month-to-month,Yes,Mailed check,105.17,6738.73,Yes
7668-QZQHK,Male,1,Yes,Yes,2,Yes,No,Fiber optic,No,No,No,No,No,No,Month-to-month,No,Mailed check,77.51,173.04,Yes
9256-EWJZP,Male,0,Yes,Yes,4,Yes,No,Fiber optic,No,Yes,No,No,No,No,Month-to-month,No,Credit card (automatic),108.31,452.25,Yes
7919-PAPVO,Female,1,No,No,66,Yes,No,No,No internet service,No internet service,No internet service,No internet service,No internet service,No internet service,One year,No,Bank transfer (automatic),24.1,1581.05,No
7437-DYSVF,Male,1,Yes,No,7,Yes,Yes,No,No internet service,No internet service,No internet service,No internet service,No internet service,No internet service,One year,Yes,Electronic check,25.75,187.01,No
7484-YUZIB,Male,0,No,No,60,No,No phone service,DSL,No,No,No,Yes,No,Yes,Two year,No,Bank transfer (automatic),57.13,3411.15,No
4423-CVYRZ,Female,0,Yes,No,6,Yes,No,No,No internet service,No internet service,No internet service,No internet service,No internet service,No internet service,One year,Yes,Electronic check,18.18,117.94,No
1622-MEASK,Male,0,No,No,3,Yes,Yes,DSL,No,No,Yes,No,No,No,Month-to-month,No,Mailed check,44.19,125.9,No
4057-GWEYD,Female,0,No,No,8,Yes,No,DSL,Yes,No,Yes,Yes,No,No,Month-to-month,Yes,Credit card (automatic),69.24,542.42,Yes
1249-GWHUZ,Female,0,No,No,67,Yes,Yes,No,No internet service,No internet service,No internet service,No internet service,No internet service,No internet service,Two year,No,Electronic check,27.26,1807.14,No
5421-BBFZU,Female,0,Yes,Yes,11,Yes,No,Fiber optic,No,No,No,Yes,No,No,One year,Yes,Credit card (automatic),106.32,1170.55,No
4947-BXBNT,Male,0,No,No,2,Yes,Yes,No,No internet service,No internet service,No internet service,No internet service,No internet service,No internet service,Month-to-month,Yes,Electronic check,27.37,41.91,No
9404-NYINB,Male,0,Yes,No,3,Yes,Yes,DSL,Yes,No,Yes,No,No,No,Month-to-month,Yes,Electronic check,65.53,199.78,Yes
7664-VUKPR,Male,1,No,No,65,Yes,No,No,No internet service,No internet service,No internet service,No internet service,No internet service,No internet service,One year,Yes,Mailed check,22.01,1431.09,No
4437-ZKEPA,Male,0,No,Yes,68,Yes,Yes,No,No internet service,No internet service,No internet service,No internet service,No internet service,No internet service,One year,Yes,Credit card (automatic),25.53,1740.79,No
2678-YFMYD,Male,0,Yes,No,3,Yes,No,Fiber optic,Yes,No,Yes,No,Yes,No,One year,Yes,Electronic check,72.52,207.33,No
1905-WGFAY,Male,0,Yes,No,14,Yes,No,Fiber optic,Yes,Yes,Yes,No,Yes,No,Month-to-month,No,Electronic check,90.39,1250.18,No
7542-DANNP,Male,1,No,No,0,Yes,No,No,No internet service,No internet service,No internet service,No internet service,No internet service,No internet service,One year,Yes,Mailed check,28.85,11.32,Yes
1202-FUNGN,Female,0,Yes,Yes,70,Yes,Yes,Fiber optic,No,No,Yes,Yes,No,Yes,Two year,No,Bank transfer (automatic),93.36,6554.85,No
8388-RVDAO,Male,0,No,No,53,Yes,No,Fiber optic,No,No,No,No,No,No,Two year,Yes,Bank transfer (automatic),102.09,5405.96,No
2356-BKFPW,Female,0,Yes,Yes,2,Yes,No,Fiber optic,No,No,No,No,Yes,Yes,One year,Yes,Electronic check,71.39,138.27,No
5302-FVMSM,Male,0,Yes,No,12,Yes,No,Fiber optic,No,Yes,No,No,No,No,One year,No,Mailed check,81.85,996.83,No
5644-SDIED,Male,0,No,No,11,Yes,No,No,No internet service,No internet service,No internet service,No internet service,No internet service,No internet service,One year,No,Electronic check,20.66,214.23,Yes
7663-XZKFM,Male,1,No,No,63,Yes,No,DSL,No,No,No,No,No,No,Month-to-month,Yes,Mailed check,56.21,3535.06,Yes
9352-MNXBW,Female,0,Yes,No,60,Yes,No,Fiber optic,Yes,No,No,Yes,Yes,No,Month-to-month,Yes,Credit card (automatic),96.19,5762.55,Yes
4226-HNHDH,Female,0,No,No,66,Yes,Yes,Fiber optic,No,Yes,No,No,Yes,No,Two year,Yes,Credit card (automatic),72.88,4795.14,No
1084-VHMXU,Female,1,No,No,64,Yes,No,Fiber optic,No,Yes,No,Yes,No,Yes,Month-to-month,Yes,Credit card (automatic),101.77,6515.03,No
3412-JIFBA,Female,0,No,Yes,60,Yes,Yes,DSL,Yes,Yes,No,Yes,No,No,One year,Yes,Mailed check,65.3,3923.08,No
3993-AJIVI,Male,0,Yes,No,5,Yes,No,Fiber optic,No,Yes,No,No,Yes,No,Two year,Yes,Bank transfer (automatic),113.2,581.14,No
1076-JGUWZ,Female,1,Yes,No,7,Yes,Yes,No,No internet service,No internet service,No internet service,No internet service,No internet service,No internet service,Two year,Yes,Credit card (automatic),19.84,144.82,No
3457-AFLOY,Male,0,No,Yes,52,Yes,No,Fiber optic,No,Yes,Yes,No,No,Yes,One year,No,Mailed check,102.93,5334.37,No
8592-KCKEX,Male,0,No,No,5,Yes,No,DSL,No,No,No,No,No,No,Month-to-month,No,Mailed check,61.39,288.9,No
5368-TUBJL,Female,0,Yes,Yes,15,No,No phone service,Fiber optic,No,No,No,No,No,Yes,Month-to-month,No,Bank transfer (automatic),102.36,1517.76,No
9179-GPUNH,Female,0,No,Yes,9,Yes,Yes,Fiber optic,No,No,Yes,No,No,No,Two year,No,Mailed check,102.69,914.33,No
1067-GMPZJ,Female,0,Yes,No,2,No,No phone service,Fiber optic,No,No,No,No,Yes,Yes,Month-to-month,No,Bank transfer (automatic),78.11,146.25,Yes
1062-KKBTR,Female,0,Yes,No,66,Yes,No,Fiber optic,No,No,No,No,Yes,No,Two year,No,Mailed check,111.69,7382.57,No
1091-GIKFI,Female,0,No,No,0,No,No phone service,DSL,Yes,No,No,Yes,No,No,Month-to-month,No,Bank transfer (automatic),54.83,0.0,No
1165-OEUPU,Female,1,No,No,4,Yes,No,Fiber optic,Yes,No,No,No,Yes,No,One year,No,Credit card (automatic),95.78,387.52,No
3805-VEZOT,Female,0,Yes,No,1,Yes,No,Fiber optic,Yes,No,Yes,No,Yes,No,Month-to-month,No,Mailed check,77.48,81.34,No
2831-MDUGE,Female,1,No,Yes,7,Yes,Yes,Fiber optic,Yes,Yes,No,No,No,No,Month-to-month,Yes,Mailed check,104.92,734.95,No
4686-VVBXC,Male,0,No,Yes,3,No,No phone service,DSL,No,Yes,No,No,No,Yes,Two year,Yes,Credit card (automatic),41.75,106.17,No
7352-VKBPR,Female,0,No,No,8,Yes,Yes,DSL,Yes,No,No,No,No,No,One year,Yes,Mailed check,51.1,421.81,No
3457-SROBJ,Female,0,No,No,54,Yes,Yes,No,No internet service,No internet service,No internet service,No internet service,No internet service,No internet service,Month-to-month,No,Mailed check,25.61,1378.05,No
6634-CHVIP,Male,0,Yes,No,1,Yes,No,Fiber optic,Yes,Yes,No,No,No,No,Month-to-month,Yes,Credit card (automatic),113.54,111.47,Yes
3961-QJFYU,Female,0,Yes,No,14,Yes,No,DSL,No,No,No,No,No,Yes,One year,Yes,Electronic check,64.16,905.05,No
2419-GULGS,Male,1,Yes,Yes,60,Yes,No,DSL,Yes,No,No,Yes,No,No,Month-to-month,Yes,Bank transfer (automatic),61.85,3717.54,No
5753-XENKA,Male,0,No,No,2,Yes,Yes,DSL,No,No,No,No,Yes,Yes,Two year,No,Electronic check,68.68,128.41,No
4561-JYBCA,Female,0,No,No,0,Yes,No,Fiber optic,Yes,No,No,No,Yes,Yes,Month-to-month,No,Mailed check,83.13,0.0,Yes
7568-JKKXE,Male,0,Yes,No,4,Yes,No,Fiber optic,No,No,Yes,Yes,No,No,Month-to-month,Yes,Electronic check,74.47,310.1,No
4189-MTUVM,Male,0,Yes,Yes,53,Yes,No,DSL,Yes,Yes,No,No,Yes,Yes,Month-to-month,Yes,Mailed check,46.84,2492.77,Yes
2748-HCGMD,Male,0,Yes,No,61,Yes,No,Fiber optic,Yes,Yes,No,No,Yes,No,Month-to-month,Yes,Credit card (automatic),73.13,4466.58,No
7787-YNUBQ,Male,0,Yes,Yes,5,Yes,No,DSL,No,No,No,No,No,Yes,Month-to-month,Yes,Mailed check,48.84,261.6,Yes
9945-YQGUS,Female,0,No,No,55,Yes,No,DSL,No,No,No,No,No,No,Two year,Yes,Bank transfer (automatic),58.9,3227.68,No
1689-LWXGG,Male,0,No,Yes,0,Yes,No,No,No internet service,No internet service,No internet service,No internet service,No internet service,No internet service,Month-to-month,Yes,Electronic check,22.28,0.0,Yes
3248-UPSCQ,Female,0,Yes,No,62,Yes,No,Fiber optic,No,No,Yes,No,No,No,Month-to-month,No,Credit card (automatic),95.46,5938.47,No
1283-GLPMD,Male,0,No,No,65,Yes,Yes,No,No internet service,No internet service,No internet service,No internet service,No internet service,No internet service,Month-to-month,Yes,Credit card (automatic),20.15,1324.49,No
1094-DKCXZ,Male,0,No,No,2,No,No phone service,DSL,No,Yes,No,No,Yes,Yes,One year,Yes,Credit card (automatic),69.7,121.06,No
2158-HYYDE,Male,1,No,No,20,Yes,No,DSL,No,No,Yes,Yes,No,Yes,One year,No,Bank transfer (automatic),59.88,1190.81,No
4152-XJCXZ,Male,0,Yes,Yes,68,Yes,No,Fiber optic,No,Yes,No,No,No,Yes,One year,Yes,Mailed check,99.5,6766.71,No
8974-JDGCN,Female,0,Yes,No,5,Yes,Yes,Fiber optic,Yes,No,No,Yes,No,No,Month-to-month,No,Electronic check,100.59,508.08,Yes
7850-MNXII,Female,0,Yes,No,8,Yes,Yes,Fiber optic,No,No,No,No,Yes,No,One year,No,Credit card (automatic),77.88,619.7,No
8513-KLKCL,Male,0,No,No,14,Yes,No,Fiber optic,Yes,Yes,No,No,No,No,One year,No,Mailed check,71.02,977.78,Yes
9763-LBYXY,Male,1,No,No,51,Yes,No,DSL,No,Yes,No,No,Yes,No,Month-to-month,Yes,Mailed check,55.78,2843.7,No
6975-DYCYI,Female,0,No,No,6,Yes,No,Fiber optic,Yes,Yes,Yes,No,Yes,Yes,Month-to-month,No,Electronic check,100.75,606.37,No
8476-FGEYC,Male,0,Yes,No,51,Yes,No,No,No internet service,No internet service,No internet service,No internet service,No internet service,No internet service,Two year,Yes,Credit card (automatic),25.53,1294.62,No
8030-FWTVH,Male,0,Yes,No,0,Yes,Yes,Fiber optic,No,Yes,Yes,No,No,No,Month-to-month,Yes,Mailed check,84.06,0.0,Yes
5743-DSCFM,Male,0,Yes,No,8,Yes,No,DSL,Yes,No,Yes,No,No,Yes,Month-to-month,Yes,Electronic check,42.95,344.32,No
5860-JMDKG,Female,0,No,Yes,51,Yes,No,Fiber optic,No,Yes,Yes,No,No,Yes,Month-to-month,Yes,Electronic check,94.82,4826.93,Yes
3609-JGVNA,Female,0,Yes,Yes,55,Yes,No,Fiber optic,No,No,Yes,No,No,No,Month-to-month,Yes,Bank transfer (automatic),94.19,5170.01,Yes
8680-YFGRV,Female,0,Yes,Yes,1,Yes,No,DSL,No,No,No,Yes,Yes,No,Month-to-month,Yes,Credit card (automatic),57.89,66.84,Yes
2609-IZXNX,Male,0,No,Yes,3,Yes,No,Fiber optic,No,Yes,No,Yes,No,No,One year,Yes,Mailed check,89.96,272.26,No
5932-WISMN,Male,0,No,No,3,Yes,Yes,No,No internet service,No internet service,No internet service,No internet service,No internet service,No internet service,Two year,Yes,Credit card (automatic),19.95,69.58,No
7346-INLHC,Female,1,No,Yes,13,Yes,Yes,Fiber optic,No,No,No,No,No,Yes,One year,Yes,Electronic check,72.45,939.77,No
7823-PJACF,Female,0,Yes,Yes,56,Yes,No,DSL,No,Yes,Yes,No,Yes,No,Month-to-month,Yes,Mailed check,57.52,3204.22,No
3423-JHPJI,Female,0,No,No,8,Yes,Yes,Fiber optic,No,No,No,No,Yes,No,Two year,Yes,Mailed check,97.25,777.7,Yes
8268-WRFTX,Female,0,Yes,No,10,Yes,Yes,DSL,No,No,No,No,No,No,One year,No,Electronic check,65.03,654.11,Yes
7472-BFMLF,Male,1,No,No,15,Yes,No,DSL,Yes,No,No,No,No,Yes,Month-to-month,No,Electronic check,49.48,753.27,No
1925-GRSXI,Female,0,Yes,No,1,Yes,Yes,DSL,No,No,Yes,Yes,Yes,No,One year,No,Electronic check,56.34,59.66,No
8042-CDKZU,Male,1,Yes,Yes,50,Yes,No,DSL,No,Yes,No,No,No,Yes,One year,No,Credit card (automatic),65.78,3300.83,No
3988-PTZGD,Female,0,No,Yes,11,No,No phone service,No,No internet service,No internet service,No internet service,No internet service,No internet service,No internet service,Month-to-month,Yes,Mailed check,26.34,290.25,No
3029-IAVWW,Male,0,No,No,70,Yes,Yes,Fiber optic,No,No,No,Yes,Yes,No,Month-to-month,Yes,Credit card (automatic),74.77,5238.38,No
2622-RCFIM,Female,0,No,No,53,Yes,Yes,Fiber optic,No,Yes,Yes,No,Yes,No,Month-to-month,Yes,Credit card (automatic),99.71,5265.53,No
1417-XANAG,Female,0,Yes,No,0,Yes,Yes,No,No internet service,No internet service,No internet service,No internet service,No internet service,No internet service,Two year,No,Electronic check,23.39,14.46,No
4407-WIVKT,Female,0,Yes,No,69,Yes,No,Fiber optic,No,No,No,No,No,Yes,Month-to-month,No,Mailed check,97.58,6719.64,Yes
3144-SAZAM,Female,0,No,Yes,51,Yes,No,Fiber optic,No,No,No,Yes,No,No,Month-to-month,No,Mailed check,80.45,4112.51,Yes
7750-TOEZG,Male,0,No,No,5,Yes,Yes,DSL,No,No,Yes,No,No,Yes,Month-to-month,Yes,Credit card (automatic),54.39,269.74,No
7646-WRVOT,Female,0,No,Yes,58,Yes,No,Fiber optic,No,No,No,No,No,Yes,Two year,No,Bank transfer (automatic),73.96,4305.37,No
1831-PZVZZ,Male,0,No,No,6,Yes,No,Fiber optic,No,Yes,Yes,No,Yes,Yes,Month-to-month,No,Mailed check,75.26,443.74,No
5142-KMANQ,Male,0,No,No,66,Yes,Yes,DSL,No,No,No,Yes,Yes,Yes,Two year,No,Mailed check,46.15,3064.78,No
4129-GUPTZ,Male,0,No,No,7,Yes,No,DSL,No,No,No,No,No,No,One year,No,Credit card (automatic),52.94,380.01,No
4166-OOION,Male,0,Yes,No,50,Yes,No,DSL,No,Yes,Yes,Yes,No,Yes,One year,No,Electronic check,40.62,2035.58,No
3241-QGHRR,Female,0,Yes,No,9,Yes,No,Fiber optic,No,No,No,No,Yes,Yes,Two year,Yes,Mailed check,110.9,1015.74,No
2761-IEMCD,Male,0,Yes,No,1,Yes,No,DSL,No,Yes,Yes,Yes,Yes,No,Month-to-month,Yes,Electronic check,51.24,52.83,No
7765-ZFGXG,Male,1,Yes,No,57,Yes,Yes,Fiber optic,No,No,Yes,No,No,No,Two year,Yes,Mailed check,97.97,5578.83,No
1140-GOXBP,Male,0,No,No,23,Yes,Yes,DSL,No,No,Yes,No,Yes,Yes,Two year,No,Credit card (automatic),68.12,1574.56,Yes
3984-WIQVP,Female,0,No,No,2,Yes,No,Fiber optic,Yes,Yes,Yes,No,No,No,Two year,Yes,Mailed check,78.99,147.74,Yes
3090-YPLNV,Female,0,No,No,20,Yes,Yes,Fiber optic,No,Yes,No,Yes,No,No,Two year,Yes,Credit card (automatic),75.01,1501.1,No
9175-PWFJM,Female,1,Yes,No,0,No,No phone service,Fiber optic,No,No,No,No,No,No,Two year,Yes,Credit card (automatic),111.87,15.78,No
6170-ZNOQY,Female,0,Yes,Yes,64,No,No phone service,DSL,Yes,No,No,No,Yes,Yes,Month-to-month,No,Credit card (automatic),55.48,3548.33,No
2442-ZKTEX,Male,0,Yes,No,5,Yes,No,DSL,No,No,Yes,No,Yes,No,Month-to-month,Yes,Bank transfer (automatic),68.47,339.33,No
1055-HAZOH,Male,1,No,No,4,Yes,No,DSL,No,No,No,No,Yes,No,Month-to-month,Yes,Bank transfer (automatic),53.73,208.41,No
3978-JEENA,Female,0,Yes,No,23,Yes,Yes,Fiber optic,No,Yes,No,No,Yes,No,Month-to-month,Yes,Electronic check,92.95,2144.12,No
6352-URBGY,Male,0,No,No,21,Yes,Yes,DSL,No,Yes,Yes,No,Yes,Yes,One year,Yes,Credit card (automatic),59.36,1237.23,Yes
2684-TBLDN,Male,0,Yes,Yes,12,No,No phone service,Fiber optic,No,Yes,No,No,Yes,No,Month-to-month,No,Credit card (automatic),70.68,860.46,Yes
3179-IGMXA,Male,0,Yes,Yes,51,Yes,No,DSL,No,No,Yes,No,Yes,No,Month-to-month,No,Electronic check,68.6,3503.87,No
6783-UDYEK,Female,0,No,No,5,Yes,No,No,No internet service,No internet service,No internet service,No internet service,No internet service,No internet service,Two year,Yes,Electronic check,20.56,121.12,Yes
9112-EWNOJ,Female,0,No,Yes,71,No,No phone service,Fiber optic,Yes,No,No,No,No,Yes,Two year,Yes,Electronic check,107.02,7615.33,No
9276-ECUEP,Male,0,Yes,Yes,66,Yes,Yes,DSL,No,No,Yes,Yes,No,Yes,Two year,No,Bank transfer (automatic),44.35,2919.82,No
2043-VYSCJ,Female,1,No,Yes,15,Yes,No,DSL,No,No,Yes,No,No,No,Two year,Yes,Electronic check,47.74,729.02,No
6516-FEHHI,Female,0,No,Yes,4,Yes,No,DSL,Yes,Yes,No,No,Yes,Yes,One year,No,Mailed check,44.56,160.36,No
1697-PHEKW,Female,0,No,No,1,No,No phone service,No,No internet service,No internet service,No internet service,No internet service,No internet service,No internet service,Two year,Yes,Bank transfer (automatic),21.49,14.5,No
3919-ECHWI,Female,0,No,No,2,Yes,No,DSL,No,No,Yes,No,No,No,Month-to-month,No,Bank transfer (automatic),43.2,97.26,No
1564-WDNAS,Female,0,No,No,9,No,No phone service,No,No internet service,No internet service,No internet service,No internet service,No internet service,No internet service,Two year,Yes,Bank transfer (automatic),21.89,179.95,No
3152-LTXDW,Male,0,Yes,No,55,No,No phone service,Fiber optic,Yes,No,Yes,No,Yes,No,Month-to-month,Yes,Credit card (automatic),87.23,4801.5,Yes
6517-XFZRY,Female,0,No,Yes,53,Yes,Yes,No,No internet service,No internet service,No internet service,No internet service,No internet service,No internet service,Two year,No,Electronic check,21.38,1143.48,No
8514-MVOYA,Male,0,Yes,Yes,1,Yes,No,No,No internet service,No internet service,No internet service,No internet service,No internet service,No internet service,One year,Yes,Bank transfer (automatic),24.91,33.21,No
1420-DPBYT,Male,0,No,No,11,Yes,No,No,No internet service,No internet service,No internet service,No internet service,No internet service,No internet service,One year,Yes,Bank transfer (automatic),20.53,236.85,No
4545-LQZGR,Female,0,Yes,No,57,Yes,No,DSL,Yes,No,Yes,No,Yes,No,One year,Yes,Electronic check,54.72,3105.6,No
6595-YSYRF,Male,0,Yes,Yes,3,Yes,No,No,No internet service,No internet service,No internet service,No internet service,No internet service,No internet service,Two year,Yes,Electronic check,23.77,64.01,No
2950-YCJQG,Male,0,No,No,16,No,No phone service,DSL,No,Yes,No,Yes,No,No,Two year,Yes,Bank transfer (automatic),50.61,820.1,No
7003-IYBWH,Male,0,Yes,No,55,Yes,No,DSL,No,No,No,Yes,Yes,No,Month-to-month,No,Electronic check,52.07,2867.34,No
7896-UUJNR,Female,0,Yes,No,1,Yes,Yes,Fiber optic,Yes,No,Yes,No,Yes,No,Month-to-month,Yes,Electronic check,80.37,63.85,No
9473-CTUDF,Female,1,No,Yes,14,Yes,No,Fiber optic,Yes,No,No,No,No,Yes,Month-to-month,Yes,Credit card (automatic),111.73,1581.16,Yes
8808-FUZSL,Male,0,No,No,68,Yes,No,Fiber optic,No,No,Yes,No,No,Yes,Month-to-month,Yes,Electronic check,88.14,5980.34,Yes
4864-OKOZC,Female,0,No,Yes,0,Yes,No,No,No internet service,No internet service,No internet service,No internet service,No internet service,No internet service,Month-to-month,No,Electronic check,26.6,3.68,Yes
5324-AUKNF,Female,0,Yes,No,6,Yes,Yes,No,No internet service,No internet service,No internet service,No internet service,No internet service,No internet service,One year,Yes,Credit card (automatic),24.67,136.33,No
8479-MUVLB,Female,0,No,No,20,Yes,No,Fiber optic,No,Yes,No,Yes,No,Yes,Month-to-month,No,Electronic check,100.1,2014.7,Yes
5936-XKXFJ,Female,0,Yes,No,0,Yes,No,Fiber optic,No,Yes,Yes,No,Yes,No,One year,Yes,Electronic check,106.91,3.28,No
1394-BYQXL,Male,1,Yes,Yes,35,Yes,No,DSL,Yes,No,Yes,Yes,No,No,Month-to-month,No,Electronic check,57.64,2013.84,No
4994-HFFPB,Male,1,No,Yes,13,Yes,No,Fiber optic,No,Yes,No,Yes,No,Yes,One year,Yes,Bank transfer (automatic),76.64,1005.71,No
2236-GGVCP,Female,0,No,No,16,Yes,No,Fiber optic,No,No,No,No,No,No,Month-to-month,Yes,Electronic check,74.38,1184.09,No
7422-KNUUB,Female,0,No,No,68,Yes,No,Fiber optic,Yes,No,Yes,No,No,No,Two year,No,Credit card (automatic),80.16,5430.96,No
3840-XLAAT,Male,0,No,No,1,No,No phone service,No,No internet service,No internet service,No internet service,No internet service,No internet service,No internet service,One year,No,Mailed check,20.41,3.99,No
7029-JXARP,Male,0,Yes,No,3,Yes,No,DSL,Yes,No,No,Yes,No,No,Month-to-month,No,Mailed check,53.47,142.8,No
3601-KUOMY,Female,0,No,Yes,54,Yes,No,No,No internet service,No internet service,No internet service,No internet service,No internet service,No internet service,Month-to-month,No,Electronic check,18.14,968.35,No
5954-WYLLF,Male,0,Yes,No,1,Yes,Yes,Fiber optic,Yes,No,No,No,No,No,Month-to-month,No,Electronic check,99.35,115.76,No
9856-YGOLK,Female,0,No,Yes,61,No,No phone service,DSL,No,No,No,Yes,No,No,Two year,No,Credit card (automatic),41.39,2512.32,No
4947-UNGPB,Female,0,No,Yes,60,No,No phone service,Fiber optic,Yes,No,Yes,Yes,No,Yes,One year,Yes,Credit card (automatic),98.6,5919.38,No
3502-WDTXQ,Male,0,No,No,17,Yes,Yes,Fiber optic,No,Yes,Yes,No,No,No,One year,Yes,Electronic check,71.61,1228.81,Yes
8691-VERNR,Male,1,No,No,70,Yes,Yes,Fiber optic,Yes,No,Yes,Yes,No,Yes,Month-to-month,Yes,Electronic check,95.92,6723.95,No
4781-XFACA,Female,0,No,No,60,Yes,No,DSL,Yes,No,No,No,No,No,Month-to-month,Yes,Mailed check,66.79,4000.5,No
3619-DKTPZ,Female,0,No,No,71,Yes,No,Fiber optic,No,No,No,No,No,No,Month-to-month,Yes,Mailed check,77.12,5474.56,No
2172-CNJGQ,Male,0,Yes,No,70,Yes,Yes,DSL,No,Yes,Yes,No,No,Yes,Month-to-month,No,Bank transfer (automatic),64.15,4473.54,No
1956-IBHAD,Female,1,Yes,Yes,68,Yes,No,No,No internet service,No internet service,No internet service,No internet service,No internet service,No internet service,Month-to-month,Yes,Credit card (automatic),23.4,1575.13,No
3285-JPWQZ,Male,1,No,No,1,Yes,No,No,No internet service,No internet service,No internet service,No internet service,No internet service,No internet service,Month-to-month,Yes,Bank transfer (automatic),27.2,17.08,Yes
6169-OXLOK,Female,0,No,No,14,Yes,No,Fiber optic,No,Yes,Yes,No,Yes,No,One year,Yes,Bank transfer (automatic),102.95,1427.3,No
7526-KOLSV,Male,0,Yes,No,54,Yes,Yes,DSL,No,No,Yes,Yes,Yes,No,Month-to-month,Yes,Electronic check,51.03,2738.33,Yes
1183-TKYJY,Male,0,Yes,No,0,Yes,No,Fiber optic,Yes,No,No,Yes,Yes,No,Month-to-month,Yes,Mailed check,86.46,0.0,Yes
8549-XKYZY,Male,0,Yes,No,21,Yes,Yes,Fiber optic,No,No,No,No,Yes,Yes,One year,Yes,Mailed check,82.51,1734.1,No
8668-LZZOA,Female,0,No,No,5,Yes,No,No,No internet service,No internet service,No internet service,No internet service,No internet service,No internet service,One year,No,Bank transfer (automatic),19.42,85.52,No
9574-PSZWL,Female,0,Yes,No,54,Yes,No,DSL,No,No,Yes,No,No,No,One year,Yes,Electronic check,68.21,3674.58,No
6498-ZEWRU,Male,0,Yes,No,56,No,No phone service,Fiber optic,Yes,No,No,No,No,No,Month-to-month,Yes,Credit card (automatic),79.69,4475.58,No
6630-CLGWO,Female,0,No,Yes,11,Yes,Yes,Fiber optic,Yes,Yes,No,No,No,No,Two year,Yes,Bank transfer (automatic),70.91,790.05,No
6168-FWKOF,Male,0,No,No,26,Yes,No,DSL,No,No,Yes,No,Yes,No,Two year,No,Mailed check,58.48,1501.71,No
4058-HWMOP,Male,1,Yes,Yes,15,Yes,No,DSL,No,No,No,Yes,Yes,No,Month-to-month,Yes,Bank transfer (automatic),62.99,928.06,No
1750-QTLKW,Female,0,Yes,Yes,9,Yes,No,Fiber optic,Yes,No,No,No,No,No,Month-to-month,No,Electronic check,108.56,994.17,Yes
4748-JBKZY,Female,0,No,Yes,8,Yes,No,DSL,No,No,Yes,No,No,No,Two year,Yes,Mailed check,57.95,458.06,No
9712-QQWOV,Male,0,Yes,Yes,52,Yes,Yes,No,No internet service,No internet service,No internet service,No internet service,No internet service,No internet service,Two year,Yes,Bank transfer (automatic),21.22,1084.38,No
4717-VGNXE,Female,0,No,No,0,Yes,No,No,No internet service,No internet service,No internet service,No internet service,No internet service,No internet service,Month-to-month,Yes,Credit card (automatic),29.49,0.0,No
2329-PLYQL,Female,0,No,No,6,Yes,No,Fiber optic,No,Yes,No,No,Yes,No,Month-to-month,Yes,Mailed check,92.53,565.76,No
6238-MRXGE,Male,0,Yes,Yes,66,Yes,No,Fiber optic,No,No,No,No,No,Yes,Two year,No,Bank transfer (automatic),77.58,5136.37,No
5879-CJWRH,Male,1,No,Yes,11,Yes,No,DSL,No,No,No,No,No,No,Month-to-month,No,Mailed check,51.4,573.43,Yes
9386-DUVAT,Female,0,Yes,No,69,Yes,No,No,No internet service,No internet service,No internet service,No internet service,No internet service,No internet service,Two year,No,Mailed check,23.08,1583.43,No
4633-JRFOC,Male,0,Yes,Yes,9,Yes,No,Fiber optic,Yes,Yes,No,Yes,No,No,Month-to-month,Yes,Mailed check,73.3,679.17,Yes
1681-ENWEE,Male,0,No,No,57,Yes,Yes,Fiber optic,No,No,Yes,No,Yes,Yes,Two year,Yes,Bank transfer (automatic),107.35,6105.02,No
5460-JLUPF,Female,0,No,Yes,35,Yes,Yes,No,No internet service,No internet service,No internet service,No internet service,No internet service,No internet service,Month-to-month,No,Bank transfer (automatic),18.29,634.89,No
9390-WZHTI,Male,0,Yes,Yes,59,No,No phone service,DSL,No,Yes,No,Yes,Yes,No,Month-to-month,No,Electronic check,43.12,2538.32,No
5351-KTMMD,Male,0,Yes,No,61,Yes,No,Fiber optic,Yes,Yes,No,No,Yes,No,Two year,No,Electronic check,75.03,4576.51,No
1855-EOVTN,Female,0,Yes,No,63,Yes,No,Fiber optic,No,No,No,No,No,No,Month-to-month,Yes,Bank transfer (automatic),95.9,6026.33,No
7862-DZADB,Female,0,Yes,No,3,Yes,Yes,DSL,No,Yes,Yes,No,Yes,No,Month-to-month,No,Electronic check,65.68,201.58,Yes
6908-QKLWY,Male,0,No,Yes,1,Yes,No,DSL,Yes,No,No,No,No,Yes,Two year,No,Bank transfer (automatic),52.26,57.79,No
5786-QRHKA,Male,0,Yes,No,63,Yes,No,Fiber optic,No,Yes,No,No,Yes,Yes,Month-to-month,No,Credit card (automatic),83.62,5266.19,Yes
3963-KDZBH,Female,0,No,No,1,Yes,No,Fiber optic,No,No,No,Yes,No,Yes,Month-to-month,Yes,Credit card (automatic),111.02,94.95,No
7219-HRJYH,Female,0,Yes,Yes,64,Yes,Yes,DSL,No,No,Yes,No,Yes,Yes,Month-to-month,Yes,Credit card (automatic),59.56,3822.28,No
8981-ACQOE,Female,0,No,Yes,4,Yes,No,No,No internet service,No internet service,No internet service,No internet service,No internet service,No internet service,One year,Yes,Mailed check,19.47,95.0,No
4590-VNIUQ,Female,0,No,Yes,8,Yes,Yes,DSL,Yes,Yes,No,No,No,Yes,One year,Yes,Electronic check,58.09,458.81,Yes
6744-XHPKE,Male,1,No,No,7,Yes,Yes,Fiber optic,No,Yes,No,No,Yes,Yes,Two year,No,Electronic check,100.97,696.25,No
3272-TGQYN,Female,0,Yes,Yes,2,Yes,No,DSL,No,Yes,No,No,No,No,Month-to-month,Yes,Credit card (automatic),60.86,139.87,No
1622-IUKUD,Female,0,Yes,No,40,Yes,Yes,DSL,No,Yes,Yes,Yes,No,Yes,Month-to-month,Yes,Mailed check,67.96,2703.96,No
6040-SVWWF,Male,1,Yes,Yes,56,Yes,No,Fiber optic,No,Yes,Yes,No,No,Yes,Month-to-month,Yes,Electronic check,104.07,5827.1,No
5219-BIMSP,Female,0,No,Yes,63,Yes,No,Fiber optic,Yes,Yes,No,No,No,Yes,Two year,No,Mailed check,89.39,5639.33,No
4247-LOFUW,Male,0,No,Yes,16,Yes,No,Fiber optic,Yes,No,No,No,No,No,One year,Yes,Credit card (automatic),110.32,1746.86,No
8450-QHVCD,Female,0,No,No,52,Yes,Yes,Fiber optic,Yes,No,No,No,Yes,No,Two year,No,Mailed check,79.99,4171.89,No
6267-LLXWV,Female,0,No,Yes,13,Yes,No,DSL,No,Yes,No,Yes,Yes,No,Two year,No,Bank transfer (automatic),44.1,580.09,No
9617-SACGZ,Female,0,Yes,No,51,Yes,No,Fiber optic,No,Yes,Yes,Yes,Yes,No,Month-to-month,No,Electronic check,98.19,5017.55,Yes
5756-WSWFR,Male,0,No,No,59,Yes,Yes,Fiber optic,No,Yes,Yes,Yes,Yes,No,Month-to-month,No,Electronic check,90.68,5338.51,No
9283-RGPIZ,Male,0,No,No,62,Yes,Yes,DSL,No,Yes,No,No,No,No,One year,Yes,Credit card (automatic),63.43,3923.45,No
7339-UBHXU,Female,0,Yes,No,3,Yes,Yes,No,No internet service,No internet service,No internet service,No internet service,No internet service,No internet service,Month-to-month,Yes,Electronic check,28.99,106.78,No
7410-DRVRF,Male,1,Yes,No,67,Yes,Yes,Fiber optic,No,Yes,Yes,No,No,No,Month-to-month,Yes,Credit card (automatic),86.44,5785.86,No
5679-MJMNS,Male,0,No,No,9,Yes,No,DSL,Yes,No,No,Yes,No,No,Two year,No,Credit card (automatic),66.2,576.78,No
5386-LSQGR,Male,1,Yes,No,9,Yes,No,Fiber optic,No,No,No,No,Yes,No,Month-to-month,Yes,Electronic check,110.56,989.21,Yes
9420-UCITF,Male,0,Yes,Yes,2,Yes,Yes,No,No internet service,No internet service,No internet service,No internet service,No internet service,No internet service,One year,Yes,Credit card (automatic),19.01,33.25,No
1191-DTZIV,Male,0,No,Yes,62,Yes,Yes,Fiber optic,Yes,Yes,No,No,No,Yes,One year,No,Credit card (automatic),78.65,4891.67,No
8792-CJIMZ,Male,0,No,No,58,Yes,Yes,Fiber optic,No,No,Yes,No,No,Yes,One year,Yes,Credit card (automatic),77.99,4514.54,No
4685-HZCNQ,Female,0,Yes,No,2,Yes,Yes,Fiber optic,Yes,No,No,No,Yes,Yes,Month-to-month,Yes,Credit card (automatic),105.04,221.82,Yes
6433-DQVTT,Female,0,Yes,No,56,Yes,Yes,Fiber optic,No,No,No,No,No,Yes,One year,Yes,Credit card (automatic),97.21,5428.14,No
4254-NKGUV,Male,0,No,Yes,3,Yes,Yes,Fiber optic,No,No,No,Yes,No,No,Month-to-month,No,Bank transfer (automatic),94.34,283.45,Yes
8771-CYDHO,Female,0,No,No,1,Yes,Yes,Fiber optic,No,No,Yes,No,No,No,Two year,Yes,Mailed check,99.52,95.8,Yes
4280-OSGCZ,Female,1,Yes,No,7,Yes,No,Fiber optic,No,Yes,No,No,No,No,Month-to-month,Yes,Electronic check,103.22,715.61,Yes
1385-MZJYW,Female,0,No,No,2,Yes,No,DSL,Yes,No,No,No,No,No,Two year,Yes,Electronic check,48.28,107.61,No
7607-HMIWS,Female,0,No,No,24,Yes,No,DSL,Yes,Yes,No,Yes,No,No,Month-to-month,Yes,Bank transfer (automatic),42.13,1015.2,No
8396-VUKFF,Male,0,No,No,9,Yes,No,No,No internet service,No internet service,No internet service,No internet service,No internet service,No internet service,Two year,Yes,Electronic check,25.85,250.68,No
6056-DHQWW,Female,0,Yes,Yes,2,Yes,Yes,No,No internet service,No internet service,No internet service,No internet service,No internet service,No internet service,Two year,Yes,Mailed check,28.29,51.01,No
2026-YJADX,Female,0,Yes,No,13,Yes,No,No,No internet service,No internet service,No internet service,No internet service,No internet service,No internet service,One year,No,Electronic check,22.7,279.99,No
6760-IFFKS,Male,0,No,No,57,No,No phone service,Fiber optic,No,No,No,Yes,Yes,Yes,Month-to-month,No,Credit card (automatic),93.9,5341.77,No
9142-BCCME,Male,0,Yes,No,9,Yes,No,DSL,No,No,No,No,Yes,No,Month-to-month,No,Electronic check,46.33,424.3,No
8041-PQPTI,Female,1,No,No,1,Yes,Yes,Fiber optic,Yes,No,Yes,No,No,No,Two year,No,Electronic check,97.36,103.62,No
2781-FPXDE,Female,0,Yes,No,56,Yes,Yes,Fiber optic,No,No,No,No,No,No,One year,Yes,Bank transfer (automatic),97.9,5487.61,No
8746-CXEQG,Female,0,Yes,Yes,60,Yes,No,DSL,No,No,No,No,No,Yes,Month-to-month,Yes,Bank transfer (automatic),42.48,2557.55,No
7029-SOXHT,Female,0,Yes,Yes,51,Yes,Yes,No,No internet service,No internet service,No internet service,No internet service,No internet service,No internet service,One year,Yes,Mailed check,29.35,1481.09,No
3148-UASRV,Female,0,Yes,No,57,Yes,Yes,Fiber optic,No,Yes,No,No,Yes,No,One year,Yes,Mailed check,82.01,4666.11,No
3666-SCMUC,Female,0,No,No,4,Yes,Yes,Fiber optic,No,Yes,No,No,No,No,Month-to-month,Yes,Credit card (automatic),114.96,462.82,Yes
8468-QGLXT,Male,0,Yes,Yes,65,Yes,No,No,No internet service,No internet service,No internet service,No internet service,No internet service,No internet service,Month-to-month,Yes,Mailed check,19.32,1253.24,No
4613-TIJJI,Female,1,No,No,8,Yes,Yes,No,No internet service,No internet service,No internet service,No internet service,No internet service,No internet service,Month-to-month,No,Electronic check,28.25,226.3,No
4882-EQDNL,Female,0,No,No,1,Yes,No,Fiber optic,Yes,No,No,No,No,No,Month-to-month,No,Credit card (automatic),70.17,58.68,No
6217-MIYDV,Male,0,Yes,Yes,12,Yes,No,DSL,No,No,No,No,Yes,No,Month-to-month,No,Credit card (automatic),57.34,692.48,Yes
1075-AUXBP,Male,1,No,Yes,58,Yes,Yes,No,No internet service,No internet service,No internet service,No internet service,No internet service,No internet service,Two year,Yes,Mailed check,26.49,1529.84,No
9869-YQVOL,Male,0,Yes,Yes,2,Yes,No,DSL,No,No,Yes,No,No,Yes,Month-to-month,Yes,Electronic check,41.07,94.12,No
4542-AYAQM,Male,0,No,No,2,Yes,No,Fiber optic,Yes,Yes,No,Yes,Yes,No,Month-to-month,Yes,Electronic check,84.38,172.25,Yes
5599-FNEMH,Female,0,No,No,3,Yes,No,No,No internet service,No internet service,No internet service,No internet service,No internet service,No internet service,Month-to-month,No,Credit card (automatic),24.87,94.51,No
8215-FRTDV,Female,0,Yes,No,19,No,No phone service,DSL,Yes,No,No,No,Yes,No,Two year,No,Bank transfer (automatic),46.3,883.37,No
9942-QVHBE,Female,0,Yes,No,8,No,No phone service,Fiber optic,No,No,Yes,Yes,No,No,Month-to-month,Yes,Electronic check,105.56,826.61,No
4373-OXHCC,Female,0,No,No,10,Yes,No,Fiber optic,No,Yes,No,No,Yes,No,Two year,No,Bank transfer (automatic),105.79,1046.62,No
1916-UXDWX,Female,0,No,No,71,Yes,Yes,Fiber optic,No,No,Yes,Yes,No,No,Month-to-month,No,Credit card (automatic),70.16,4971.44,No
2051-TOFBS,Female,0,Yes,No,9,Yes,Yes,No,No internet service,No internet service,No internet service,No internet service,No internet service,No internet service,Month-to-month,Yes,Electronic check,20.71,167.4,Yes
8742-VXZJE,Male,0,No,No,50,Yes,Yes,No,No internet service,No internet service,No internet service,No internet service,No internet service,No internet service,One year,Yes,Mailed check,23.18,1175.75,No
6701-QBMWD,Female,0,Yes,Yes,64,Yes,No,DSL,No,No,No,Yes,No,No,Month-to-month,Yes,Mailed check,57.21,3666.52,No
8953-ZTBER,Male,0,No,No,53,Yes,Yes,DSL,No,No,No,No,Yes,No,Two year,Yes,Credit card (automatic),41.25,2198.73,No
8661-TVYDC,Male,0,Yes,No,68,Yes,No,No,No internet service,No internet service,No internet service,No internet service,No internet service,No internet service,Two year,Yes,Electronic check,19.38,1321.3,No
3110-RCYUE,Female,0,No,Yes,50,Yes,Yes,Fiber optic,Yes,Yes,No,Yes,Yes,No,Month-to-month,Yes,Electronic check,72.03,3615.79,No
9094-BVYXG,Male,0,Yes,No,50,Yes,No,DSL,No,No,Yes,No,Yes,Yes,One year,No,Mailed check,50.19,2514.58,No
7225-QUQED,Female,0,No,No,3,Yes,No,Fiber optic,No,Yes,No,Yes,Yes,No,One year,Yes,Credit card (automatic),93.57,264.0,No
8296-KPDOK,Male,1,No,No,69,Yes,Yes,DSL,No,No,Yes,No,Yes,Yes,Two year,Yes,Credit card (automatic),45.44,3116.53,No
1643-DTMQF,Female,0,No,No,4,Yes,Yes,DSL,No,No,Yes,No,Yes,No,Month-to-month,Yes,Mailed check,50.15,198.33,No
6185-FOIBY,Male,0,No,Yes,4,Yes,Yes,Fiber optic,Yes,No,No,No,Yes,No,Month-to-month,Yes,Electronic check,90.4,367.3,Yes
7097-TUIHV,Female,0,No,No,1,Yes,Yes,Fiber optic,No,Yes,No,No,Yes,No,One year,Yes,Credit card (automatic),96.57,110.45,No
8349-KQHYE,Female,0,No,No,57,No,No phone service,DSL,No,No,No,No,No,No,Two year,Yes,Electronic check,46.81,2683.98,No
5623-MKSQJ,Female,0,No,No,52,Yes,No,Fiber optic,No,Yes,Yes,No,Yes,No,Month-to-month,No,Mailed check,104.82,5463.47,No
6169-PHTWC,Female,1,No,No,70,No,No phone service,No,No internet service,No internet service,No internet service,No internet service,No internet service,No internet service,Month-to-month,Yes,Bank transfer (automatic),28.11,1951.94,No
4070-MVLNG,Female,0,No,No,0,Yes,No,Fiber optic,Yes,Yes,Yes,No,Yes,No,Month-to-month,Yes,Electronic check,81.02,10.23,Yes
6530-UNKVR,Male,0,No,Yes,9,No,No phone service,Fiber optic,Yes,Yes,No,Yes,Yes,Yes,Two year,No,Mailed check,91.18,814.6,No
9107-SHJWZ,Male,0,Yes,No,9,Yes,No,Fiber optic,Yes,Yes,No,No,Yes,No,Month-to-month,Yes,Mailed check,108.66,992.24,Yes
2881-GJDJX,Male,1,No,No,70,Yes,Yes,Fiber optic,No,Yes,No,Yes,No,Yes,Month-to-month,Yes,Credit card (automatic),83.99,5892.31,No
3482-EERRI,Female,0,Yes,No,3,Yes,No,Fiber optic,Yes,No,No,Yes,No,Yes,One year,Yes,Mailed check,76.54,235.65,Yes
7977-SXMAF,Male,1,No,No,53,Yes,No,DSL,No,Yes,Yes,No,Yes,No,Month-to-month,No,Credit card (automatic),66.55,3543.77,No
9421-ZMDJE,Female,0,No,No,11,Yes,No,DSL,No,Yes,No,No,No,No,Month-to-month,Yes,Electronic check,63.4,699.08,No
1292-WKSDN,Female,0,No,No,7,Yes,No,Fiber optic,No,No,Yes,Yes,No,No,Month-to-month,Yes,Mailed check,77.42,531.6,No
1403-UKQSE,Male,0,Yes,Yes,69,No,No phone service,DSL,No,Yes,No,Yes,No,No,Month-to-month,No,Bank transfer (automatic),65.02,4492.5,No
1103-MZAHX,Male,0,Yes,No,14,Yes,No,Fiber optic,Yes,No,Yes,No,Yes,Yes,Month-to-month,No,Electronic check,108.44,1505.81,Yes
4019-QNSVT,Female,0,No,No,53,Yes,No,DSL,Yes,Yes,No,Yes,No,Yes,Month-to-month,Yes,Credit card (automatic),49.54,2636.1,Yes
7117-UIRJI,Male,0,Yes,Yes,0,Yes,No,DSL,No,No,Yes,No,No,Yes,Month-to-month,Yes,Credit card (automatic),54.0,15.18,No
3655-BLUOO,Female,0,Yes,Yes,67,Yes,No,Fiber optic,No,No,No,No,Yes,No,Two year,Yes,Bank transfer (automatic),86.45,5798.78,No
6065-MEUZQ,Female,0,No,No,13,Yes,No,No,No internet service,No internet service,No internet service,No internet service,No internet service,No internet service,Month-to-month,Yes,Mailed check,20.28,263.26,Yes
5859-FLCSZ,Female,0,No,No,60,Yes,No,Fiber optic,No,No,No,No,No,No,One year,Yes,Bank transfer (automatic),76.94,4634.48,No
2072-PIQUX,Female,0,Yes,Yes,67,Yes,Yes,DSL,No,No,Yes,No,Yes,No,Month-to-month,Yes,Electronic check,45.16,3037.32,No
3621-NLRZS,Female,0,No,Yes,58,No,No phone service,No,No internet service,No internet service,No internet service,No internet service,No internet service,No internet service,Month-to-month,No,Electronic check,25.18,1458.86,No
8806-UDPNN,Male,0,Yes,Yes,62,Yes,No,Fiber optic,No,No,Yes,No,No,Yes,Two year,Yes,Mailed check,85.59,5308.57,No
4238-VALNE,Male,0,No,Yes,61,Yes,Yes,DSL,No,No,No,No,No,No,Month-to-month,Yes,Mailed check,69.22,4231.11,No
1528-BFENK,Female,0,Yes,No,5,Yes,Yes,Fiber optic,Yes,No,No,No,Yes,Yes,Month-to-month,No,Mailed check,97.08,483.01,Yes
3557-ZJPVA,Female,0,No,No,1,Yes,Yes,DSL,Yes,Yes,Yes,No,Yes,No,Two year,No,Electronic check,42.97,39.1,No
7972-AEHBF,Male,0,Yes,No,52,Yes,No,Fiber optic,No,Yes,No,No,No,No,One year,Yes,Electronic check,73.49,3836.18,No
2286-ATXEK,Male,0,No,No,64,Yes,Yes,No,No internet service,No internet service,No internet service,No internet service,No internet service,No internet service,One year,Yes,Credit card (automatic),25.45,1623.25,No
2348-XWFNP,Female,0,Yes,No,4,Yes,No,Fiber optic,No,No,No,No,Yes,No,One year,Yes,Credit card (automatic),108.43,453.43,No
8138-RBQSB,Male,0,No,No,9,Yes,No,Fiber optic,No,Yes,No,Yes,No,No,Month-to-month,No,Electronic check,73.4,654.19,Yes
4807-ATQEI,Female,0,Yes,No,68,Yes,Yes,DSL,No,Yes,No,No,Yes,No,Two year,No,Electronic check,49.79,3395.75,No
8198-JMDZD,Male,0,Yes,No,51,No,No phone service,DSL,No,Yes,Yes,No,No,No,Two year,No,Electronic check,55.15,2813.0,No
6396-TYQQG,Female,0,No,No,61,Yes,No,No,No internet service,No internet service,No internet service,No internet service,No internet service,No internet service,Month-to-month,No,Credit card (automatic),24.75,1492.1,No
9100-VOAMB,Male,0,No,No,2,Yes,No,Fiber optic,Yes,Yes,No,No,No,Yes,Two year,Yes,Electronic check,72.99,157.94,No
5293-BPPUJ,Female,0,Yes,No,53,Yes,Yes,Fiber optic,No,No,No,No,Yes,Yes,Month-to-month,Yes,Credit card (automatic),78.26,4161.07,Yes
6226-CGGEJ,Male,0,Yes,Yes,10,Yes,No,Fiber optic,No,Yes,No,No,Yes,No,One year,Yes,Electronic check,104.77,1057.53,No
9441-WBUPA,Male,0,Yes,Yes,2,Yes,No,DSL,Yes,No,No,No,Yes,No,Month-to-month,No,Mailed check,60.92,138.69,Yes
3867-UQIJO,Female,0,Yes,No,51,Yes,No,No,No internet service,No internet service,No internet service,No internet service,No internet service,No internet service,Month-to-month,Yes,Credit card (automatic),24.93,1253.92,No
7957-JBSCZ,Male,0,Yes,No,2,Yes,Yes,DSL,No,No,Yes,Yes,No,No,Month-to-month,Yes,Electronic check,55.68,103.73,No
5334-PQPDE,Female,0,Yes,No,53,Yes,No,Fiber optic,No,No,Yes,Yes,No,Yes,Month-to-month,Yes,Electronic check,108.76,5783.73,No
7367-RAAVV,Male,1,No,No,11,Yes,No,No,No internet service,No internet service,No internet service,No internet service,No internet service,No internet service,Month-to-month,No,Bank transfer (automatic),18.79,206.87,No
5494-VJVGH,Female,0,No,Yes,0,Yes,Yes,Fiber optic,Yes,No,No,No,No,Yes,Month-to-month,No,Bank transfer (automatic),72.56,0.0,Yes
8528-ELRLB,Male,0,Yes,No,3,Yes,Yes,No,No internet service,No internet service,No internet service,No internet service,No internet service,No internet service,One year,No,Bank transfer (automatic),22.13,60.98,No
9773-MIOVU,Female,0,No,No,0,Yes,Yes,Fiber optic,No,No,No,No,No,No,Two year,Yes,Bank transfer (automatic),102.48,17.69,Yes
4275-ZRHMO,Male,0,No,Yes,51,Yes,No,Fiber optic,No,No,No,No,No,Yes,Month-to-month,Yes,Mailed check,94.08,4806.97,Yes
9279-DOKGS,Female,0,Yes,No,50,Yes,Yes,No,No internet service,No internet service,No internet service,No internet service,No internet service,No internet service,Two year,Yes,Bank transfer (automatic),28.73,1421.35,No
6982-SAXER,Male,0,Yes,No,64,Yes,Yes,No,No internet service,No internet service,No internet service,No internet service,No internet service,No internet service,Month-to-month,Yes,Electronic check,18.32,1162.64,No
8956-SOCET,Female,0,No,No,53,Yes,No,Fiber optic,Yes,Yes,No,No,No,Yes,Two year,No,Electronic check,75.58,3990.05,No
1366-LWZDK,Female,0,Yes,No,12,No,No phone service,Fiber optic,No,Yes,No,No,Yes,No,Month-to-month,No,Bank transfer (automatic),72.07,879.33,Yes
3538-MHSEC,Female,1,Yes,No,7,Yes,Yes,Fiber optic,Yes,No,No,No,Yes,Yes,Two year,Yes,Electronic check,86.28,598.58,Yes
4721-UIQZI,Male,0,No,No,52,Yes,No,DSL,No,No,No,Yes,Yes,Yes,One year,No,Electronic check,62.35,3261.3,No
2962-PDTBH,Female,0,No,No,14,Yes,No,DSL,No,Yes,No,No,Yes,Yes,Month-to-month,Yes,Credit card (automatic),44.4,640.85,Yes
2374-PSKNB,Male,0,Yes,No,69,Yes,No,DSL,No,No,Yes,No,Yes,No,Month-to-month,Yes,Bank transfer (automatic),68.76,4750.87,No
1206-QJADR,Female,0,No,No,2,Yes,Yes,No,No internet service,No internet service,No internet service,No internet service,No internet service,No internet service,Two year,Yes,Bank transfer (automatic),26.76,61.12,Yes
1769-CMMOF,Male,0,No,No,0,Yes,Yes,Fiber optic,No,Yes,No,No,Yes,Yes,Two year,Yes,Bank transfer (automatic),106.24,0.0,No
2600-JLPZB,Female,0,No,No,20,Yes,No,No,No internet service,No internet service,No internet service,No internet service,No internet service,No internet service,Month-to-month,Yes,Bank transfer (automatic),25.42,505.1,No
4938-XDEOD,Male,0,No,No,58,Yes,No,Fiber optic,Yes,No,Yes,Yes,No,Yes,Month-to-month,Yes,Bank transfer (automatic),111.33,6452.43,Yes
7428-DPBIL,Male,0,Yes,No,1,Yes,Yes,Fiber optic,No,Yes,Yes,Yes,No,No,Two year,No,Electronic check,92.34,109.39,No
8157-WNWHW,Female,0,No,No,12,Yes,No,DSL,No,No,No,No,No,Yes,Two year,Yes,Credit card (automatic),54.4,648.77,No
7424-ONTQQ,Male,0,Yes,No,65,Yes,Yes,Fiber optic,No,Yes,Yes,No,Yes,No,Month-to-month,No,Electronic check,114.68,7472.77,Yes
9646-STKMO,Male,0,Yes,No,10,Yes,Yes,No,No internet service,No internet service,No internet service,No internet service,No internet service,No internet service,Two year,Yes,Mailed check,28.57,297.04,No
7570-XXZLO,Female,1,Yes,Yes,71,Yes,Yes,No,No internet service,No internet service,No internet service,No internet service,No internet service,No internet service,Month-to-month,No,Mailed check,22.43,1581.79,No
2908-WFINE,Male,0,Yes,No,57,Yes,No,Fiber optic,Yes,No,No,No,Yes,No,Two year,No,Credit card (automatic),93.78,5339.15,No
7161-CAAAV,Male,0,Yes,No,16,Yes,Yes,Fiber optic,Yes,Yes,Yes,Yes,No,No,One year,Yes,Mailed check,71.19,1124.95,Yes
1709-MCKON,Male,0,Yes,No,4,Yes,Yes,Fiber optic,Yes,No,No,No,Yes,Yes,Month-to-month,No,Mailed check,107.18,414.97,Yes
2632-RUULF,Female,0,Yes,No,2,Yes,No,DSL,No,No,No,No,No,No,Month-to-month,No,Credit card (automatic),40.68,83.55,No
8110-IQVAH,Male,0,No,No,4,Yes,Yes,DSL,No,No,No,No,No,No,One year,No,Credit card (automatic),61.71,237.95,Yes
9431-AROEG,Female,0,Yes,No,2,Yes,Yes,Fiber optic,No,No,Yes,Yes,No,No,One year,Yes,Credit card (automatic),89.8,197.44,Yes
9266-ISKJZ,Male,1,No,No,10,Yes,Yes,DSL,Yes,No,No,No,Yes,No,Two year,No,Electronic check,50.66,501.22,Yes
6188-IYCNU,Male,0,Yes,Yes,19,No,No phone service,No,No internet service,No internet service,No internet service,No internet service,No internet service,No internet service,Two year,Yes,Electronic check,18.99,342.69,No
6878-YNUOL,Male,0,Yes,Yes,6,Yes,Yes,Fiber optic,No,No,Yes,No,Yes,Yes,Month-to-month,Yes,Bank transfer (automatic),103.88,608.03,No
1637-RMTUR,Female,0,Yes,No,13,Yes,No,DSL,Yes,No,No,Yes,No,No,Two year,Yes,Bank transfer (automatic),49.78,641.86,No
1005-KURDE,Male,0,Yes,Yes,5,Yes,Yes,No,No internet service,No internet service,No internet service,No internet service,No internet service,No internet service,One year,No,Mailed check,26.34,132.75,No
7523-TUOLI,Male,0,No,No,64,Yes,Yes,Fiber optic,No,No,Yes,Yes,No,Yes,Two year,No,Bank transfer (automatic),74.27,4734.33,No
8333-EVRMW,Female,0,Yes,No,4,Yes,No,DSL,No,No,No,Yes,No,No,Two year,Yes,Electronic check,67.88,265.33,Yes
9380-PAKYM,Male,0,No,No,2,Yes,No,No,No internet service,No internet service,No internet service,No internet service,No internet service,No internet service,Two year,No,Credit card (automatic),18.29,46.16,No
4020-UUEUM,Female,0,No,No,24,Yes,Yes,Fiber optic,Yes,No,No,Yes,No,Yes,Month-to-month,Yes,Mailed check,80.53,1916.8,Yes
3671-GSQOV,Female,0,Yes,No,67,Yes,No,Fiber optic,No,No,No,Yes,No,No,One year,No,Mailed check,82.47,5510.0,No
9164-NPXIQ,Male,1,No,No,5,Yes,Yes,No,No internet service,No internet service,No internet service,No internet service,No internet service,No internet service,Month-to-month,No,Mailed check,23.16,108.4,No
7231-MRFXJ,Female,0,Yes,No,10,Yes,No,DSL,No,No,No,No,No,No,Month-to-month,Yes,Mailed check,44.28,426.87,Yes
7287-EOJKZ,Male,0,No,Yes,6,Yes,No,No,No internet service,No internet service,No internet service,No internet service,No internet service,No internet service,Month-to-month,Yes,Bank transfer (automatic),27.62,160.99,No
1036-LJXWN,Female,0,No,No,69,Yes,Yes,Fiber optic,Yes,No,Yes,No,Yes,No,Two year,No,Electronic check,106.36,7347.64,No
6173-JDHZB,Female,0,Yes,No,59,Yes,No,DSL,No,No,No,No,No,Yes,Month-to-month,No,Credit card (automatic),51.09,3033.64,No
9479-GWGXC,Male,0,Yes,Yes,15,Yes,No,Fiber optic,No,No,No,Yes,No,No,Month-to-month,No,Mailed check,112.77,1673.36,Yes
5529-CZWIX,Female,0,Yes,No,58,Yes,Yes,No,No internet service,No internet service,No internet service,No internet service,No internet service,No internet service,Month-to-month,Yes,Bank transfer (automatic),28.58,1660.77,No
9269-DSLQI,Female,0,Yes,No,2,Yes,Yes,No,No internet service,No internet service,No internet service,No internet service,No internet service,No internet service,Month-to-month,No,Electronic check,28.0,45.01,No
2540-XAZBT,Female,0,No,No,56,Yes,No,Fiber optic,No,Yes,No,No,No,No,One year,Yes,Mailed check,71.9,4024.12,No
8247-DRKCG,Female,0,Yes,Yes,3,Yes,Yes,DSL,No,No,Yes,No,No,No,Month-to-month,No,Credit card (automatic),55.13,185.14,No
6034-ONYGT,Female,1,Yes,No,53,Yes,No,DSL,No,No,No,No,Yes,Yes,Month-to-month,No,Electronic check,66.92,3566.49,No
9314-NQYDK,Male,0,Yes,No,21,Yes,No,Fiber optic,No,No,No,No,Yes,No,Month-to-month,Yes,Mailed check,103.35,2174.63,Yes
3356-SBQGB,Female,0,No,No,55,Yes,No,Fiber optic,Yes,No,No,Yes,Yes,Yes,Month-to-month,No,Bank transfer (automatic),99.8,5475.64,Yes
6568-SSXNB,Male,0,Yes,No,0,Yes,No,No,No internet service,No internet service,No internet service,No internet service,No internet service,No internet service,Month-to-month,Yes,Electronic check,28.59,0.02,No
6160-OWFRD,Female,0,No,No,64,Yes,Yes,Fiber optic,No,Yes,No,Yes,Yes,Yes,Two year,Yes,Mailed check,97.8,6272.64,No
8524-BWTIF,Male,0,No,Yes,62,Yes,No,DSL,No,No,Yes,Yes,No,Yes,Two year,Yes,Bank transfer (automatic),69.3,4299.54,No
7616-WUPUG,Male,0,No,No,57,Yes,Yes,DSL,No,No,No,No,Yes,No,Month-to-month,Yes,Bank transfer (automatic),56.9,3252.0,No
9552-HHAPL,Female,0,No,Yes,66,Yes,No,DSL,No,Yes,No,No,No,Yes,Month-to-month,No,Mailed check,67.93,4494.23,No
9726-AGMIR,Female,0,Yes,Yes,55,No,No phone service,DSL,No,No,Yes,No,Yes,Yes,Two year,Yes,Bank transfer (automatic),68.06,3741.52,No
8324-SESWP,Female,0,Yes,Yes,50,Yes,Yes,Fiber optic,No,No,No,Yes,No,Yes,Month-to-month,Yes,Electronic check,85.66,4289.81,Yes
7099-PSACQ,Male,0,No,No,11,Yes,Yes,DSL,No,No,Yes,No,No,Yes,One year,Yes,Credit card (automatic),53.35,571.84,No
3098-JQNCC,Female,0,No,No,4,Yes,Yes,No,No internet service,No internet service,No internet service,No internet service,No internet service,No internet service,One year,No,Credit card (automatic),28.64,109.86,Yes
6664-TWHCD,Male,0,No,Yes,5,Yes,Yes,Fiber optic,No,No,Yes,No,No,No,Two year,No,Electronic check,96.74,484.1,No
1857-YWXVJ,Male,0,Yes,No,18,Yes,No,No,No internet service,No internet service,No internet service,No internet service,No internet service,No internet service,Two year,Yes,Electronic check,22.08,406.55,No
7186-KLSXU,Male,0,Yes,Yes,6,No,No phone service,Fiber optic,No,Yes,No,No,No,No,Month-to-month,Yes,Electronic check,75.51,451.61,Yes
5434-SCEKK,Female,0,No,No,5,Yes,No,Fiber optic,Yes,No,No,No,No,No,Month-to-month,No,Electronic check,70.81,372.38,Yes
3794-GSFOZ,Female,0,Yes,No,71,Yes,Yes,Fiber optic,No,No,No,Yes,No,No,One year,Yes,Bank transfer (automatic),73.95,5241.83,No
5374-UVIYL,Male,0,Yes,No,5,Yes,Yes,No,No internet service,No internet service,No internet service,No internet service,No internet service,No internet service,Two year,No,Mailed check,18.06,77.43,No
4697-ONMTE,Male,0,Yes,No,0,Yes,No,No,No internet service,No internet service,No internet service,No internet service,No internet service,No internet service,Two year,No,Electronic check,21.02,0.0,No
3947-LSUSO,Female,0,No,No,11,Yes,Yes,Fiber optic,No,No,No,No,No,No,One year,Yes,Mailed check,110.67,1212.2,Yes
2955-QLLNR,Male,0,Yes,No,1,Yes,No,Fiber optic,No,Yes,Yes,Yes,Yes,No,Two year,Yes,Bank transfer (automatic),76.78,78.02,No
4837-VYJIU,Female,0,Yes,Yes,1,Yes,Yes,DSL,Yes,No,No,No,No,No,Month-to-month,Yes,Electronic check,51.51,44.0,Yes
1627-ODNDD,Male,0,No,Yes,0,Yes,No,Fiber optic,Yes,No,Yes,No,No,No,Month-to-month,Yes,Electronic check,97.57,14.7,Yes
8866-XHBAS,Female,0,Yes,No,56,Yes,Yes,No,No internet service,No internet service,No internet service,No internet service,No internet service,No internet service,Month-to-month,No,Mailed check,20.71,1167.81,No
4564-PYPEH,Male,0,No,No,4,Yes,Yes,DSL,No,No,Yes,No,Yes,Yes,Month-to-month,No,Bank transfer (automatic),51.5,196.61,Yes
8930-LEJME,Female,0,No,No,1,Yes,No,Fiber optic,No,No,Yes,No,Yes,No,One year,No,Electronic check,80.34,90.89,Yes
6118-YIMZK,Male,0,Yes,Yes,10,Yes,Yes,Fiber optic,No,No,No,No,No,No,Two year,No,Electronic check,91.75,920.55,No
5158-SHIGC,Female,1,No,No,0,Yes,No,No,No internet service,No internet service,No internet service,No internet service,No internet service,No internet service,One year,Yes,Credit card (automatic),18.15,7.42,No
8861-HYARW,Female,0,No,Yes,12,Yes,Yes,DSL,Yes,No,No,No,Yes,Yes,One year,Yes,Electronic check,43.0,533.7,No
6650-APYQS,Male,0,Yes,Yes,53,Yes,No,DSL,Yes,No,No,Yes,No,No,Month-to-month,No,Electronic check,66.38,3507.96,No
7526-NERFD,Male,1,Yes,No,6,Yes,Yes,DSL,No,Yes,No,No,Yes,Yes,One year,No,Credit card (automatic),66.37,415.01,No
9841-LMEJS,Female,1,No,No,8,Yes,No,DSL,Yes,Yes,No,No,No,Yes,Month-to-month,Yes,Mailed check,63.05,512.54,No
5206-CASLJ,Male,0,Yes,No,3,Yes,No,Fiber optic,No,No,Yes,Yes,No,No,One year,No,Mailed check,83.41,238.58,No
7463-QHORB,Female,0,No,No,2,Yes,No,DSL,No,No,Yes,No,Yes,No,Month-to-month,Yes,Credit card (automatic),46.22,108.79,No
7006-ALRRV,Male,0,No,No,3,Yes,No,Fiber optic,No,No,No,Yes,No,Yes,One year,Yes,Bank transfer (automatic),90.25,268.37,No
4007-KAEEK,Female,0,Yes,Yes,64,Yes,No,No,No internet service,No internet service,No internet service,No internet service,No internet service,No internet service,Month-to-month,Yes,Credit card (automatic),28.64,1821.25,No
2903-HBQOW,Female,0,No,No,0,Yes,No,DSL,No,Yes,No,No,Yes,Yes,One year,Yes,Electronic check,54.55,0.0,No
6586-PSTCE,Female,0,Yes,No,11,Yes,Yes,DSL,No,No,Yes,No,No,Yes,Month-to-month,Yes,Bank transfer (automatic),65.14,725.67,Yes
8142-VILZN,Female,0,No,No,64,Yes,No,No,No internet service,No internet service,No internet service,No internet service,No internet service,No internet service,Month-to-month,Yes,Mailed check,24.96,1615.16,No
2770-WNKKM,Female,1,Yes,No,64,Yes,Yes,Fiber optic,No,No,Yes,No,No,Yes,Month-to-month,No,Credit card (automatic),90.65,5791.13,Yes
9368-QMDSI,Female,0,No,No,71,Yes,Yes,DSL,No,Yes,No,No,No,Yes,One year,Yes,Mailed check,62.72,4469.8,No
4224-HYMSK,Male,0,No,No,53,Yes,No,DSL,Yes,Yes,No,No,Yes,Yes,One year,No,Bank transfer (automatic),64.71,3412.19,No
5432-OHBEP,Male,0,No,Yes,22,Yes,No,No,No internet service,No internet service,No internet service,No internet service,No internet service,No internet service,Two year,No,Electronic check,19.16,406.51,No
8500-KLJOP,Male,0,No,Yes,70,Yes,Yes,DSL,Yes,No,No,Yes,No,No,One year,Yes,Electronic check,55.59,3885.8,No
6197-CMKYL,Female,0,No,No,3,Yes,No,Fiber optic,No,No,No,No,No,Yes,Month-to-month,Yes,Electronic check,112.4,340.71,Yes
8456-AIFIZ,Female,0,Yes,No,7,No,No phone service,DSL,No,Yes,No,No,Yes,No,Two year,No,Bank transfer (automatic),41.68,294.71,No
2092-BUCRY,Female,0,No,No,8,Yes,No,Fiber optic,Yes,No,No,Yes,Yes,Yes,Month-to-month,No,Credit card (automatic),75.29,584.11,No
3367-ONKHD,Female,0,No,No,0,Yes,No,No,No internet service,No internet service,No internet service,No internet service,No internet service,No internet service,Month-to-month,No,Credit card (automatic),18.47,0.0,No
2619-XWMYT,Male,0,No,No,62,No,No phone service,DSL,No,No,No,No,Yes,No,One year,Yes,Electronic check,64.99,4035.74,No
2791-NBAQN,Male,1,No,No,2,Yes,No,DSL,No,Yes,No,No,No,Yes,Month-to-month,Yes,Credit card (automatic),52.87,103.58,No
9825-WPRHE,Female,0,Yes,No,16,Yes,Yes,Fiber optic,Yes,Yes,No,No,Yes,Yes,Month-to-month,No,Credit card (automatic),75.8,1212.05,No
1641-DVCXV,Male,0,Yes,Yes,70,Yes,No,Fiber optic,No,No,No,No,Yes,Yes,One year,Yes,Credit card (automatic),84.29,5881.5,No
2581-LOZAE,Male,0,Yes,No,50,Yes,No,DSL,No,Yes,Yes,No,No,No,Two year,Yes,Electronic check,44.35,2237.45,No
3930-TEART,Female,0,No,No,4,No,No phone service,Fiber optic,Yes,No,Yes,No,No,No,Two year,No,Bank transfer (automatic),113.14,456.12,No
3069-JXVRX,Male,0,Yes,Yes,9,Yes,No,Fiber optic,No,Yes,No,No,No,No,Month-to-month,No,Mailed check,113.89,1041.58,No
4259-MDWEJ,Female,0,No,No,62,Yes,No,DSL,No,Yes,Yes,No,No,No,Two year,Yes,Bank transfer (automatic),65.75,4071.14,No
4830-TGGYH,Male,0,Yes,No,12,Yes,No,Fiber optic,Yes,Yes,Yes,No,Yes,Yes,One year,No,Mailed check,101.99,1226.31,No
9123-OWDWO,Female,1,Yes,No,67,Yes,No,No,No internet service,No internet service,No internet service,No internet service,No internet service,No internet service,Two year,Yes,Bank transfer (automatic),29.38,1965.48,No
7559-QMTEI,Female,0,Yes,No,10,Yes,Yes,DSL,Yes,Yes,Yes,Yes,Yes,No,One year,No,Electronic check,64.82,632.99,No
5314-QWVBM,Female,0,Yes,Yes,3,Yes,Yes,Fiber optic,No,No,Yes,Yes,Yes,Yes,One year,No,Electronic check,71.07,210.62,Yes
3036-QVVSI,Female,0,No,No,61,Yes,No,DSL,No,No,Yes,No,Yes,No,Month-to-month,Yes,Credit card (automatic),55.88,3398.1,No
1098-DLLMX,Male,0,Yes,No,70,Yes,No,DSL,No,No,No,No,No,Yes,One year,No,Bank transfer (automatic),55.08,3846.09,No
8383-AQFKN,Female,0,Yes,Yes,2,Yes,No,DSL,Yes,Yes,No,No,Yes,No,One year,No,Credit card (automatic),41.69,93.5,No
7979-GWQEI,Female,0,Yes,No,62,Yes,No,Fiber optic,No,No,Yes,No,Yes,No,Month-to-month,Yes,Credit card (automatic),85.99,5325.04,Yes
4712-VCHIN,Female,0,No,Yes,58,Yes,Yes,DSL,No,No,No,No,No,No,One year,Yes,Electronic check,54.69,3181.74,No
3154-EDJCY,Male,0,No,No,54,Yes,No,Fiber optic,No,Yes,Yes,No,No,No,One year,No,Bank transfer (automatic),95.25,5162.82,No
7731-HBAQQ,Female,0,Yes,No,4,Yes,No,No,No internet service,No internet service,No internet service,No internet service,No internet service,No internet service,One year,Yes,Mailed check,20.67,75.71,No
2963-EDHJY,Male,0,No,No,64,Yes,No,DSL,No,No,Yes,No,Yes,No,Month-to-month,No,Electronic check,55.94,3569.59,Yes
2817-EPLCE,Female,0,Yes,No,1,Yes,Yes,Fiber optic,No,No,Yes,No,No,No,Month-to-month,Yes,Credit card (automatic),114.17,124.28,No
2035-CEUQZ,Male,0,Yes,No,2,Yes,No,DSL,No,No,Yes,No,Yes,Yes,Month-to-month,Yes,Bank transfer (automatic),49.4,101.79,Yes
2946-IDUZB,Male,0,No,Yes,50,Yes,No,DSL,No,No,No,No,Yes,Yes,Two year,Yes,Electronic check,50.48,2535.84,Yes
1058-OYPPL,Female,0,Yes,No,11,Yes,No,DSL,No,Yes,No,Yes,Yes,No,Month-to-month,Yes,Mailed check,62.21,670.64,No
5268-JRBXX,Male,0,No,Yes,14,Yes,No,Fiber optic,No,No,No,No,No,No,Month-to-month,Yes,Bank transfer (automatic),111.64,1569.16,No
9037-AEKZK,Female,0,Yes,Yes,52,Yes,No,DSL,Yes,No,Yes,Yes,Yes,Yes,Two year,Yes,Electronic check,45.13,2355.59,No
8468-FMIMA,Female,0,No,No,34,Yes,Yes,Fiber optic,No,No,No,No,No,No,Month-to-month,Yes,Credit card (automatic),79.11,2675.1,No
3883-CFBIC,Female,1,Yes,No,67,Yes,No,DSL,Yes,No,No,Yes,No,No,One year,Yes,Bank transfer (automatic),62.24,4156.23,No
7764-BLEIV,Male,0,No,No,70,Yes,Yes,Fiber optic,No,No,Yes,No,No,Yes,Two year,No,Credit card (automatic),75.99,5336.9,No
5299-VCEQM,Male,1,No,Yes,3,Yes,No,Fiber optic,No,No,Yes,No,No,Yes,One year,Yes,Mailed check,106.53,307.19,Yes
4230-CRPBK,Female,1,Yes,No,61,Yes,Yes,DSL,No,No,No,No,No,No,Two year,No,Electronic check,56.49,3453.36,No
8959-UNJYJ,Female,0,No,No,57,Yes,No,Fiber optic,Yes,No,Yes,No,Yes,Yes,Two year,Yes,Credit card (automatic),76.42,4357.68,No
8430-PSQGC,Male,0,Yes,Yes,59,Yes,No,DSL,No,Yes,No,No,Yes,No,Two year,Yes,Mailed check,58.78,3481.11,No
9382-BBAUU,Female,1,No,No,16,Yes,Yes,DSL,No,No,Yes,Yes,Yes,Yes,One year,Yes,Bank transfer (automatic),65.63,1032.09,No
9855-OZWUV,Female,0,Yes,Yes,4,Yes,No,No,No internet service,No internet service,No internet service,No internet service,No internet service,No internet service,Month-to-month,Yes,Bank transfer (automatic),26.91,88.22,Yes
6133-NMYSK,Female,0,Yes,No,4,Yes,Yes,DSL,No,No,No,No,No,No,Month-to-month,Yes,Electronic check,57.63,240.53,Yes
7233-YTCQK,Male,0,No,No,67,Yes,Yes,No,No internet service,No internet service,No internet service,No internet service,No internet service,No internet service,Two year,Yes,Electronic check,19.68,1333.69,No
8557-WALQK,Male,0,Yes,No,50,No,No phone service,DSL,No,No,Yes,Yes,Yes,Yes,Two year,Yes,Electronic check,67.43,3376.83,No
1007-SVSMC,Male,0,No,Yes,32,Yes,No,Fiber optic,Yes,Yes,No,No,No,No,Two year,Yes,Electronic check,70.31,2245.27,No
4424-YTETD,Female,0,Yes,Yes,67,Yes,Yes,DSL,No,No,No,No,Yes,No,One year,Yes,Electronic check,44.39,2971.81,No
1444-WXNDW,Female,0,Yes,Yes,51,No,No phone service,Fiber optic,Yes,Yes,No,No,Yes,Yes,Month-to-month,Yes,Bank transfer (automatic),76.49,3912.07,No
5255-MELSZ,Female,0,No,Yes,0,Yes,No,Fiber optic,No,Yes,No,No,No,Yes,Month-to-month,No,Electronic check,107.35,0.62,Yes
4476-LCXGB,Male,1,No,Yes,6,Yes,Yes,DSL,No,No,Yes,No,Yes,Yes,Month-to-month,Yes,Mailed check,69.81,426.34,No
7485-BHOFQ,Female,0,Yes,No,9,Yes,No,Fiber optic,No,No,No,No,Yes,Yes,Two year,Yes,Mailed check,106.25,974.19,No
2842-KYIZE,Female,0,Yes,Yes,52,Yes,No,DSL,Yes,No,Yes,No,Yes,Yes,Month-to-month,No,Bank transfer (automatic),60.05,3113.58,No
4773-EWODH,Female,0,Yes,No,70,Yes,Yes,No,No internet service,No internet service,No internet service,No internet service,No internet service,No internet service,Month-to-month,Yes,Credit card (automatic),28.83,2004.35,No
7761-TQCQW,Female,0,Yes,No,55,Yes,No,Fiber optic,No,Yes,No,No,Yes,No,Two year,No,Electronic check,93.8,5172.99,No
5480-XPUEP,Male,0,Yes,Yes,6,Yes,No,Fiber optic,No,Yes,No,No,No,Yes,Month-to-month,No,Mailed check,94.05,572.13,Yes
2468-AABCQ,Male,1,Yes,No,9,Yes,No,No,No internet service,No internet service,No internet service,No internet service,No internet service,No internet service,Two year,No,Mailed check,21.94,196.79,No
8680-RHQMH,Female,0,No,Yes,70,Yes,No,DSL,No,No,No,Yes,No,No,Month-to-month,Yes,Bank transfer (automatic),50.8,3558.75,No
4850-FEPYA,Male,0,No,No,1,No,No phone service,DSL,No,No,Yes,Yes,No,No,Two year,No,Mailed check,60.43,76.81,No
6641-TMNYN,Male,0,Yes,No,64,Yes,Yes,DSL,Yes,Yes,No,Yes,No,Yes,Month-to-month,Yes,Electronic check,51.05,3285.49,No
6795-IIYBC,Female,0,Yes,Yes,59,Yes,No,DSL,Yes,Yes,Yes,Yes,No,No,Month-to-month,No,Bank transfer (automatic),68.49,4021.37,No
9277-VHQIY,Female,1,Yes,No,52,No,No phone service,DSL,No,No,No,No,Yes,Yes,One year,No,Bank transfer (automatic),49.74,2595.45,No
7581-ISTJN,Male,0,No,Yes,3,Yes,No,Fiber optic,No,No,No,No,No,Yes,Two year,No,Bank transfer (automatic),94.45,302.35,No
6727-NDEQC,Female,0,No,No,0,Yes,No,Fiber optic,No,Yes,No,No,No,Yes,Month-to-month,Yes,Mailed check,97.65,0.0,No
9593-FOEZX,Male,0,No,No,57,Yes,No,DSL,No,No,No,No,No,No,One year,Yes,Electronic check,43.13,2445.58,No
6162-ATHAB,Female,1,No,Yes,6,Yes,Yes,DSL,No,Yes,No,No,Yes,No,Two year,Yes,Bank transfer (automatic),56.89,326.36,No
9850-ZYLSI,Male,0,No,No,11,Yes,No,DSL,No,Yes,Yes,No,No,Yes,Month-to-month,Yes,Electronic check,58.7,642.68,Yes
8343-ACHFM,Female,0,Yes,Yes,2,Yes,No,DSL,No,Yes,Yes,Yes,No,No,Two year,Yes,Credit card (automatic),49.24,109.69,No
6606-JIMHK,Male,0,Yes,Yes,59,No,No phone service,Fiber optic,No,Yes,Yes,No,Yes,Yes,Month-to-month,Yes,Bank transfer (automatic),75.33,4446.11,Yes
5806-XRYLM,Male,1,No,Yes,5,Yes,No,Fiber optic,No,No,No,No,No,No,Month-to-month,No,Mailed check,104.21,516.53,No
6872-TYGMA,Male,0,Yes,No,24,Yes,No,DSL,No,No,No,Yes,No,No,Month-to-month,Yes,Bank transfer (automatic),48.4,1164.54,No
6801-WYONU,Female,0,No,No,51,Yes,No,No,No internet service,No internet service,No internet service,No internet service,No internet service,No internet service,Month-to-month,Yes,Credit card (automatic),26.64,1352.68,No
7945-QXXSN,Male,0,No,No,66,Yes,No,Fiber optic,Yes,Yes,No,No,No,No,Month-to-month,Yes,Mailed check,97.07,6406.92,No
1207-VOJFA,Male,0,No,No,8,Yes,Yes,Fiber optic,No,No,Yes,No,Yes,Yes,Month-to-month,No,Electronic check,91.43,730.29,Yes
1643-GKAGD,Female,0,Yes,Yes,5,Yes,No,DSL,No,Yes,No,No,No,Yes,Month-to-month,No,Mailed check,45.44,243.84,No
5817-EHHWH,Female,0,No,No,5,Yes,Yes,DSL,No,Yes,No,Yes,No,Yes,One year,No,Bank transfer (automatic),58.95,296.09,No
5301-VKBEZ,Male,1,No,No,4,Yes,Yes,Fiber optic,No,Yes,Yes,No,No,No,One year,Yes,Bank transfer (automatic),98.88,401.89,No
2727-SWYRJ,Male,0,No,No,52,Yes,No,No,No internet service,No internet service,No internet service,No internet service,No internet service,No internet service,One year,Yes,Bank transfer (automatic),24.51,1266.37,No
3667-WMFKE,Female,1,No,No,57,Yes,No,Fiber optic,No,No,No,No,Yes,No,Month-to-month,Yes,Bank transfer (automatic),78.94,4494.07,No
7825-OZXEJ,Female,0,No,No,52,Yes,No,DSL,Yes,No,No,No,Yes,Yes,Two year,No,Credit card (automatic),69.58,3637.23,No
9932-OLLVY,Female,0,Yes,Yes,2,Yes,Yes,DSL,No,No,No,No,Yes,No,Month-to-month,Yes,Mailed check,60.78,125.93,No
6508-ACGNL,Female,0,Yes,Yes,8,Yes,Yes,Fiber optic,No,No,No,No,No,No,Month-to-month,No,Electronic check,107.06,848.48,Yes
1162-TSSLH,Female,0,Yes,No,5,Yes,No,Fiber optic,No,No,Yes,Yes,Yes,No,One year,Yes,Electronic check,110.05,533.09,No
9633-ABWKL,Male,1,Yes,No,2,Yes,No,DSL,Yes,Yes,Yes,No,Yes,Yes,One year,Yes,Electronic check,51.17,106.63,No
5445-GBJVE,Female,0,No,No,71,Yes,No,Fiber optic,No,No,No,No,No,Yes,Month-to-month,Yes,Electronic check,91.55,6483.38,No
4786-BXXWC,Male,0,No,No,4,Yes,No,Fiber optic,No,Yes,No,Yes,No,No,Month-to-month,Yes,Electronic check,80.38,307.99,Yes
2328-PBHIN,Male,0,Yes,Yes,64,Yes,No,Fiber optic,No,No,No,No,Yes,No,Two year,No,Electronic check,109.51,6997.28,Yes
2373-VDNTO,Male,0,Yes,No,2,Yes,No,Fiber optic,No,Yes,No,Yes,No,No,Month-to-month,Yes,Electronic check,76.25,158.14,No
6818-ZFOQF,Female,0,Yes,No,59,Yes,No,Fiber optic,No,Yes,No,No,No,Yes,Month-to-month,No,Electronic check,111.27,6561.06,No
6099-UZYYQ,Male,0,No,No,8,Yes,No,DSL,No,No,No,No,Yes,No,Two year,No,Electronic check,53.49,437.16,No
1286-DOVJK,Male,1,Yes,No,69,Yes,No,Fiber optic,No,Yes,No,No,No,No,Month-to-month,Yes,Electronic check,81.03,5579.91,Yes
9303-HDJJV,Female,0,Yes,No,2,Yes,No,No,No internet service,No internet service,No internet service,No internet service,No internet service,No internet service,One year,No,Bank transfer (automatic),25.05,65.47,No
9534-DJGRF,Male,0,Yes,No,51,Yes,Yes,No,No internet service,No internet service,No internet service,No internet service,No internet service,No internet service,Month-to-month,Yes,Electronic check,25.03,1265.03,No
5278-KHQQF,Male,0,Yes,No,58,Yes,No,DSL,No,No,Yes,No,Yes,No,Month-to-month,Yes,Electronic check,68.13,3932.87,No
9041-ZUSKW,Female,1,No,No,66,Yes,Yes,Fiber optic,No,No,Yes,No,No,No,Month-to-month,No,Electronic check,106.31,7014.52,Yes
8297-QGTYR,Male,0,Yes,Yes,10,Yes,No,No,No internet service,No internet service,No internet service,No internet service,No internet service,No internet service,One year,Yes,Credit card (automatic),23.09,215.86,No
5630-URURX,Male,0,Yes,No,0,Yes,No,Fiber optic,Yes,No,No,No,Yes,Yes,Month-to-month,No,Mailed check,77.43,0.0,No
7315-XEFOJ,Male,0,Yes,Yes,56,No,No phone service,DSL,No,No,No,No,No,Yes,One year,No,Mailed check,68.95,3880.0,No
5878-ECUZK,Female,0,No,No,53,Yes,Yes,No,No internet service,No internet service,No internet service,No internet service,No internet service,No internet service,Two year,No,Electronic check,30.0,1602.04,No
6037-KQDOO,Female,0,No,Yes,54,Yes,Yes,DSL,Yes,Yes,Yes,No,No,No,Two year,Yes,Mailed check,60.98,3291.36,No
6458-DFEFV,Female,1,Yes,No,63,Yes,Yes,DSL,Yes,No,Yes,No,No,Yes,Month-to-month,Yes,Bank transfer (automatic),67.58,4266.69,No
3094-JBMQJ,Male,0,Yes,No,56,Yes,No,Fiber optic,No,Yes,No,No,Yes,No,Month-to-month,Yes,Bank transfer (automatic),86.44,4837.66,Yes
6695-PNTCM,Male,0,No,Yes,1,Yes,No,DSL,Yes,No,Yes,No,Yes,No,Month-to-month,Yes,Mailed check,40.43,20.47,Yes
9818-WYIRY,Female,0,Yes,Yes,70,Yes,No,DSL,No,No,No,Yes,Yes,Yes,Month-to-month,Yes,Mailed check,47.54,3339.83,No
9486-DNJDG,Male,0,No,No,2,Yes,No,Fiber optic,No,No,No,No,Yes,No,Two year,Yes,Bank transfer (automatic),107.87,226.24,No
3425-DJEDF,Male,0,Yes,No,20,Yes,Yes,Fiber optic,No,Yes,No,Yes,Yes,Yes,Two year,No,Credit card (automatic),108.27,2182.1,No
5051-HCQRQ,Female,0,Yes,Yes,8,Yes,No,No,No internet service,No internet service,No internet service,No internet service,No internet service,No internet service,Month-to-month,No,Electronic check,28.78,214.85,No
9844-TUOVE,Female,0,No,Yes,55,Yes,No,Fiber optic,Yes,No,No,No,Yes,No,Month-to-month,No,Credit card (automatic),92.69,5110.47,Yes
6512-PVORI,Male,0,No,No,11,Yes,Yes,No,No internet service,No internet service,No internet service,No internet service,No internet service,No internet service,Two year,Yes,Mailed check,18.71,218.2,No
9656-YMXMQ,Male,0,No,No,10,Yes,No,Fiber optic,Yes,No,Yes,No,Yes,No,Two year,Yes,Credit card (automatic),104.25,1037.04,No
5893-GEKSM,Male,0,Yes,Yes,60,Yes,No,DSL,Yes,No,No,No,Yes,No,Month-to-month,No,Electronic check,66.73,3999.89,No
4313-PKNYN,Female,1,Yes,No,8,Yes,Yes,Fiber optic,No,No,No,Yes,Yes,No,Month-to-month,Yes,Electronic check,110.51,880.89,Yes
1010-RUAYI,Female,0,Yes,No,54,Yes,No,Fiber optic,No,Yes,No,No,No,Yes,Month-to-month,Yes,Electronic check,80.27,4328.76,No
6418-RNENV,Female,0,No,Yes,0,Yes,No,Fiber optic,No,No,No,No,Yes,Yes,Two year,Yes,Electronic check,105.08,3.26,No
6464-QXORC,Female,0,No,No,55,No,No phone service,DSL,No,No,No,No,No,Yes,Month-to-month,Yes,Mailed check,41.58,2287.48,Yes
1541-QGTOW,Male,0,Yes,Yes,57,Yes,Yes,Fiber optic,No,No,No,No,No,Yes,Two year,Yes,Electronic check,91.12,5196.88,No
5002-PJVHM,Female,0,No,Yes,3,Yes,No,Fiber optic,No,No,No,No,No,No,Month-to-month,No,Bank transfer (automatic),73.84,225.54,No
5428-XMOUV,Female,0,No,Yes,4,Yes,No,DSL,No,No,Yes,No,Yes,Yes,Two year,No,Electronic check,58.71,242.59,Yes
3867-QTBEY,Female,0,Yes,No,50,Yes,No,No,No internet service,No internet service,No internet service,No internet service,No internet service,No internet service,Month-to-month,No,Bank transfer (automatic),18.52,917.8,No
2765-JFUJJ,Female,0,No,No,58,Yes,Yes,Fiber optic,No,No,Yes,Yes,No,No,Month-to-month,No,Electronic check,78.12,4518.55,Yes
1179-JIQYK,Female,0,Yes,No,4,Yes,No,Fiber optic,No,No,No,No,Yes,Yes,Month-to-month,Yes,Credit card (automatic),84.62,339.65,Yes
5457-FKFFK,Male,0,Yes,Yes,54,Yes,No,DSL,Yes,No,No,Yes,Yes,No,One year,Yes,Electronic check,59.51,3210.8,No
8800-FVOOS,Male,0,No,Yes,4,Yes,Yes,Fiber optic,No,No,No,No,Yes,Yes,Month-to-month,Yes,Credit card (automatic),89.35,365.92,No
2217-RJAMT,Female,0,Yes,No,5,Yes,No,No,No internet service,No internet service,No internet service,No internet service,No internet service,No internet service,One year,No,Electronic check,22.38,114.66,No
4532-AWACE,Male,0,Yes,Yes,8,No,No phone service,DSL,No,No,No,No,No,No,Month-to-month,Yes,Electronic check,66.52,539.87,Yes
5013-RWHFR,Female,0,No,No,65,Yes,No,Fiber optic,No,No,No,No,No,No,Month-to-month,Yes,Electronic check,87.76,5692.16,Yes
1063-XPELX,Female,0,No,No,64,Yes,Yes,Fiber optic,Yes,Yes,No,Yes,No,No,Month-to-month,Yes,Credit card (automatic),94.6,6074.03,No
9427-OEFOU,Male,0,No,No,51,Yes,Yes,Fiber optic,No,Yes,No,Yes,No,No,One year,Yes,Mailed check,105.9,5390.08,No
3558-GOUUJ,Male,0,No,Yes,0,Yes,No,Fiber optic,No,Yes,No,No,No,No,Month-to-month,Yes,Electronic check,98.01,0.0,Yes
6312-YGBJR,Female,1,Yes,No,5,Yes,No,Fiber optic,No,No,Yes,No,No,No,Month-to-month,Yes,Bank transfer (automatic),107.07,544.12,Yes
7335-TFKHY,Female,0,No,Yes,18,Yes,No,Fiber optic,Yes,No,Yes,Yes,Yes,No,One year,Yes,Mailed check,73.14,1297.53,No
7445-VMPUC,Female,0,No,No,57,Yes,Yes,Fiber optic,No,No,No,Yes,Yes,No,Month-to-month,Yes,Credit card (automatic),78.38,4480.73,No
8121-YKQON,Male,0,Yes,No,57,Yes,Yes,DSL,Yes,No,No,No,No,Yes,Month-to-month,Yes,Bank transfer (automatic),42.54,2427.94,No
5242-WIPPF,Female,0,No,No,51,Yes,No,No,No internet service,No internet service,No internet service,No internet service,No internet service,No internet service,Month-to-month,Yes,Mailed check,20.42,1056.65,No
9605-YAYWY,Female,1,Yes,No,8,Yes,No,DSL,No,No,No,No,No,No,Month-to-month,Yes,Electronic check,53.93,433.13,Yes
1589-IKZTM,Female,0,Yes,No,50,Yes,No,Fiber optic,Yes,No,Yes,Yes,No,No,One year,Yes,Mailed check,86.32,4297.09,No
4454-USSNW,Male,0,No,Yes,3,Yes,No,DSL,No,Yes,No,No,Yes,Yes,Month-to-month,Yes,Mailed check,63.27,189.55,Yes
7288-ZLLNH,Female,0,No,Yes,61,No,No phone service,No,No internet service,No internet service,No internet service,No internet service,No internet service,No internet service,Month-to-month,Yes,Bank transfer (automatic),20.05,1238.92,No
9318-TYJFZ,Female,0,Yes,No,1,Yes,No,No,No internet service,No internet service,No internet service,No internet service,No internet service,No internet service,Two year,No,Electronic check,20.02,10.36,No
4503-GQERX,Male,0,Yes,No,68,Yes,No,Fiber optic,No,No,Yes,Yes,No,Yes,Month-to-month,Yes,Bank transfer (automatic),75.97,5158.75,No
6236-PZQHY,Female,0,No,No,62,Yes,Yes,DSL,No,No,No,No,Yes,No,One year,No,Electronic check,40.09,2466.88,No
2337-LKLWR,Female,1,Yes,No,5,Yes,No,Fiber optic,No,Yes,No,No,No,Yes,Month-to-month,Yes,Credit card (automatic),88.13,454.69,Yes
2565-EEESR,Male,0,Yes,Yes,10,Yes,No,DSL,No,Yes,No,No,Yes,Yes,One year,Yes,Credit card (automatic),67.53,689.98,Yes
7721-WNBUD,Female,0,No,No,3,Yes,Yes,Fiber optic,No,Yes,No,No,Yes,Yes,One year,Yes,Electronic check,104.6,300.3,No
2325-JWBRL,Male,1,No,No,71,Yes,Yes,No,No internet service,No internet service,No internet service,No internet service,No internet service,No internet service,Two year,No,Mailed check,26.19,1848.03,Yes
2642-KHBZN,Male,0,No,Yes,6,Yes,Yes,Fiber optic,No,No,Yes,No,No,Yes,Two year,No,Mailed check,75.02,451.47,No
6638-MAESN,Female,1,No,No,0,Yes,Yes,No,No internet service,No internet service,No internet service,No internet service,No internet service,No internet service,One year,Yes,Credit card (automatic),24.56,0.0,No
7038-LZVYS,Female,1,No,No,57,Yes,Yes,DSL,No,No,No,Yes,Yes,No,Two year,Yes,Bank transfer (automatic),60.87,3458.07,No
1771-JUZOD,Female,0,No,No,53,Yes,No,No,No internet service,No internet service,No internet service,No internet service,No internet service,No internet service,Month-to-month,No,Electronic check,29.98,1585.03,No
3345-QQLBI,Female,0,Yes,No,50,No,No phone service,DSL,No,No,No,No,Yes,No,Month-to-month,Yes,Mailed check,66.2,3312.62,No
8717-HTPLI,Male,0,No,No,64,Yes,No,DSL,No,No,No,Yes,Yes,No,Two year,No,Electronic check,58.38,3717.4,No
6527-OGPME,Female,1,Yes,No,53,No,No phone service,No,No internet service,No internet service,No internet service,No internet service,No internet service,No internet service,Two year,No,Mailed check,19.06,1025.33,No
7070-MSWXN,Male,0,Yes,No,51,No,No phone service,Fiber optic,No,Yes,Yes,Yes,No,No,Month-to-month,No,Bank transfer (automatic),91.73,4687.16,Yes
1955-WFHDE,Female,0,Yes,No,6,No,No phone service,No,No internet service,No internet service,No internet service,No internet service,No internet service,No internet service,Month-to-month,Yes,Mailed check,24.09,128.06,Yes
9501-YFUJY,Female,1,No,Yes,0,Yes,Yes,No,No internet service,No internet service,No internet service,No internet service,No internet service,No internet service,Two year,No,Credit card (automatic),26.74,3.01,Yes
1106-HUPVX,Female,1,Yes,Yes,58,Yes,No,Fiber optic,No,No,No,No,No,Yes,Month-to-month,Yes,Electronic check,89.01,5147.88,Yes
3670-WTPIK,Male,0,Yes,Yes,11,Yes,No,DSL,No,No,No,Yes,No,No,Month-to-month,No,Credit card (automatic),52.81,588.29,No
5610-CDPYB,Female,0,No,No,53,Yes,No,Fiber optic,Yes,No,Yes,No,Yes,Yes,One year,No,Electronic check,102.83,5437.77,No
8192-DQAHE,Female,1,No,No,68,Yes,Yes,DSL,Yes,No,Yes,Yes,No,No,Month-to-month,Yes,Credit card (automatic),68.91,4675.29,No
5256-ZURTO,Female,0,No,Yes,6,Yes,No,DSL,No,Yes,No,Yes,No,No,Month-to-month,Yes,Electronic check,44.5,280.74,No
3146-EVABF,Female,1,Yes,Yes,6,Yes,No,Fiber optic,No,No,Yes,No,No,No,Two year,Yes,Electronic check,81.46,481.21,No
5166-BSYQT,Male,0,Yes,No,52,Yes,No,No,No internet service,No internet service,No internet service,No internet service,No internet service,No internet service,Month-to-month,No,Credit card (automatic),22.48,1182.37,No
2958-HVJSA,Female,0,No,No,7,Yes,No,Fiber optic,No,Yes,No,No,No,No,Two year,No,Bank transfer (automatic),84.23,599.95,Yes
9353-ZYCZA,Male,0,Yes,No,68,Yes,No,DSL,No,No,No,No,Yes,No,Two year,Yes,Mailed check,53.31,3617.87,No
4621-QCTZX,Male,0,No,No,56,Yes,No,No,No internet service,No internet service,No internet service,No internet service,No internet service,No internet service,Two year,Yes,Mailed check,29.91,1682.55,No
4518-IPJJJ,Male,0,Yes,No,66,Yes,No,No,No internet service,No internet service,No internet service,No internet service,No internet service,No internet service,Two year,No,Electronic check,26.93,1757.7,No
5539-GEUUT,Male,0,No,No,8,Yes,Yes,DSL,No,No,Yes,Yes,Yes,No,Month-to-month,Yes,Bank transfer (automatic),48.0,386.94,Yes
5547-EQSRP,Male,0,Yes,No,69,Yes,No,DSL,Yes,No,No,No,No,Yes,One year,Yes,Mailed check,69.29,4794.14,No
5354-NJSPG,Male,0,Yes,Yes,57,Yes,No,DSL,No,No,Yes,No,Yes,Yes,Two year,Yes,Mailed check,48.65,2786.82,No
2157-VTOTI,Female,0,No,No,66,Yes,Yes,Fiber optic,Yes,No,Yes,No,Yes,Yes,Month-to-month,No,Mailed check,91.62,6051.7,Yes
7518-UPCMF,Male,0,Yes,Yes,59,Yes,Yes,DSL,No,Yes,No,Yes,No,No,Month-to-month,Yes,Bank transfer (automatic),51.11,3009.59,No
6342-CZRBV,Male,0,Yes,Yes,66,Yes,Yes,Fiber optic,No,No,Yes,Yes,Yes,Yes,One year,No,Credit card (automatic),112.16,7421.44,No
9281-PIFFB,Male,0,No,No,71,No,No phone service,Fiber optic,No,No,Yes,Yes,No,Yes,One year,Yes,Credit card (automatic),95.07,6769.56,No
3270-GMWNS,Female,0,Yes,No,3,Yes,No,Fiber optic,Yes,No,No,No,No,No,One year,No,Credit card (automatic),110.59,312.77,No
8370-FZBWE,Female,0,Yes,No,55,Yes,No,No,No internet service,No internet service,No internet service,No internet service,No internet service,No internet service,One year,Yes,Electronic check,27.3,1487.9,No
7137-YINQL,Male,0,Yes,No,54,Yes,No,Fiber optic,Yes,No,Yes,Yes,No,Yes,One year,Yes,Electronic check,75.53,4097.66,No
3674-JMBHX,Female,0,Yes,No,14,Yes,No,DSL,Yes,No,Yes,No,No,Yes,One year,No,Bank transfer (automatic),67.61,966.28,No
4408-HUCZG,Male,1,Yes,Yes,16,Yes,No,Fiber optic,No,No,Yes,No,No,No,Month-to-month,Yes,Credit card (automatic),97.42,1576.48,No
9848-PPAZD,Male,1,No,Yes,52,Yes,Yes,No,No internet service,No internet service,No internet service,No internet service,No internet service,No internet service,Month-to-month,No,Mailed check,29.06,1494.21,No
2817-FMSVT,Female,0,No,No,66,Yes,No,DSL,Yes,No,Yes,No,Yes,No,Two year,Yes,Electronic check,41.55,2748.51,No
2779-QOXOK,Male,1,Yes,No,60,Yes,Yes,DSL,No,No,Yes,No,No,Yes,Month-to-month,Yes,Credit card (automatic),40.12,2389.82,No
7521-XVJAK,Female,0,Yes,No,23,Yes,Yes,Fiber optic,Yes,Yes,Yes,No,Yes,No,Two year,No,Bank transfer (automatic),82.98,1907.48,No
2320-AEEOP,Female,0,No,No,0,Yes,Yes,DSL,No,Yes,Yes,No,Yes,No,Two year,Yes,Electronic check,41.16,19.09,No
6417-QWBNF,Male,0,No,Yes,2,Yes,No,Fiber optic,No,Yes,Yes,No,Yes,Yes,One year,Yes,Bank transfer (automatic),73.59,161.84,Yes
3919-PKZHH,Male,0,Yes,Yes,71,Yes,No,Fiber optic,Yes,Yes,No,No,No,No,Two year,Yes,Electronic check,90.25,6392.8,No
6650-UZDYM,Female,0,No,No,18,Yes,No,No,No internet service,No internet service,No internet service,No internet service,No internet service,No internet service,One year,No,Mailed check,28.59,516.33,No
6502-JUQRB,Male,0,No,No,0,Yes,Yes,Fiber optic,No,No,No,No,No,No,Month-to-month,Yes,Electronic check,96.06,0.0,Yes
9020-YFPKK,Male,0,Yes,No,63,Yes,No,DSL,No,Yes,No,Yes,No,Yes,One year,No,Bank transfer (automatic),53.58,3361.59,No
8098-ISWMH,Male,0,Yes,No,2,Yes,Yes,Fiber optic,No,No,No,Yes,No,Yes,Month-to-month,No,Electronic check,99.46,183.95,Yes
1082-CTUPL,Female,0,Yes,No,57,Yes,No,DSL,No,No,Yes,No,No,No,Month-to-month,Yes,Electronic check,41.8,2366.49,No
8608-LWNGR,Female,0,No,Yes,13,Yes,No,No,No internet service,No internet service,No internet service,No internet service,No internet service,No internet service,Month-to-month,Yes,Electronic check,22.71,283.41,Yes
7590-IKUYH,Male,0,No,No,4,Yes,No,Fiber optic,Yes,No,No,No,Yes,No,Two year,No,Bank transfer (automatic),87.74,367.64,No
3838-OQQNB,Female,0,No,No,2,Yes,Yes,Fiber optic,Yes,No,Yes,No,Yes,Yes,Month-to-month,No,Bank transfer (automatic),86.23,166.77,Yes
6773-UNMDP,Female,0,Yes,No,2,Yes,No,Fiber optic,No,Yes,No,Yes,No,No,Month-to-month,No,Electronic check,72.72,159.56,Yes
6911-FHVIF,Female,0,No,No,1,Yes,No,Fiber optic,No,Yes,No,No,Yes,No,Month-to-month,Yes,Electronic check,94.82,76.35,Yes
5501-MYKOL,Female,1,No,No,6,Yes,No,DSL,No,No,No,No,No,No,Month-to-month,Yes,Electronic check,67.39,407.84,No
2625-MYOIJ,Female,0,No,No,59,Yes,Yes,DSL,No,Yes,Yes,Yes,No,Yes,Month-to-month,Yes,Electronic check,61.07,3606.33,No
4758-JWYGL,Male,0,Yes,Yes,65,Yes,No,DSL,No,Yes,No,No,Yes,No,Month-to-month,No,Mailed check,50.23,3281.79,No
9400-FQOCB,Male,0,No,Yes,22,Yes,No,Fiber optic,Yes,No,No,Yes,Yes,Yes,One year,Yes,Credit card (automatic),86.27,1883.42,No
3471-SGWZU,Male,0,Yes,No,2,Yes,Yes,Fiber optic,No,No,Yes,Yes,Yes,No,Month-to-month,Yes,Electronic check,86.08,182.44,Yes
3546-HBNWV,Female,0,No,No,4,Yes,No,Fiber optic,No,No,Yes,No,No,Yes,Month-to-month,No,Electronic check,84.28,348.68,Yes
5769-BRELP,Female,0,No,Yes,51,Yes,No,No,No internet service,No internet service,No internet service,No internet service,No internet service,No internet service,Month-to-month,Yes,Credit card (automatic),28.55,1457.02,No
4710-AXXNL,Male,0,Yes,Yes,1,No,No phone service,Fiber optic,No,No,No,Yes,No,No,One year,Yes,Mailed check,114.7,103.75,Yes
8262-ZZKFE,Female,0,No,No,50,Yes,Yes,Fiber optic,Yes,No,No,Yes,No,No,Two year,No,Bank transfer (automatic),91.76,4581.72,No
1545-GTHEJ,Male,0,Yes,No,5,Yes,No,No,No internet service,No internet service,No internet service,No internet service,No internet service,No internet service,Two year,Yes,Mailed check,18.07,91.76,No
1177-ZAUMT,Male,0,No,Yes,59,Yes,Yes,Fiber optic,No,Yes,Yes,No,No,Yes,One year,Yes,Credit card (automatic),95.87,5655.98,No
5813-XKROF,Male,0,Yes,No,6,Yes,Yes,No,No internet service,No internet service,No internet service,No internet service,No internet service,No internet service,Month-to-month,Yes,Mailed check,22.99,145.94,No
9798-KIKQD,Female,0,No,No,13,Yes,No,Fiber optic,No,Yes,No,No,No,Yes,Month-to-month,No,Credit card (automatic),97.1,1252.55,No
1192-DEVDI,Female,0,No,No,66,Yes,No,DSL,No,Yes,No,Yes,No,Yes,Month-to-month,Yes,Mailed check,51.65,3400.76,Yes
6402-NOUMO,Male,0,Yes,Yes,12,No,No phone service,No,No internet service,No internet service,No internet service,No internet service,No internet service,No internet service,One year,Yes,Credit card (automatic),27.64,347.88,No
2757-HLXSW,Male,0,No,No,59,Yes,No,No,No internet service,No internet service,No internet service,No internet service,No internet service,No internet service,Month-to-month,Yes,Electronic check,19.31,1148.95,No
5983-OLOBA,Male,0,Yes,No,52,Yes,Yes,Fiber optic,Yes,No,No,No,Yes,No,One year,Yes,Bank transfer (automatic),78.02,4051.25,No
1172-ZPICB,Male,0,Yes,Yes,52,Yes,Yes,Fiber optic,Yes,Yes,No,No,No,No,Month-to-month,No,Electronic check,99.61,5188.56,Yes
8080-LYKGV,Female,0,No,No,71,Yes,Yes,Fiber optic,No,No,No,No,No,No,Month-to-month,No,Credit card (automatic),85.27,6035.21,No
3124-OCBRZ,Female,1,No,Yes,3,Yes,Yes,No,No internet service,No internet service,No internet service,No internet service,No internet service,No internet service,Month-to-month,Yes,Credit card (automatic),27.55,76.82,Yes
5411-DAOAG,Male,0,No,No,66,Yes,No,No,No internet service,No internet service,No internet service,No internet service,No internet service,No internet service,Two year,Yes,Electronic check,20.65,1348.6,No
2875-MANJJ,Male,1,No,No,56,Yes,No,DSL,No,No,Yes,No,No,No,Month-to-month,No,Mailed check,54.88,3064.9,No
9093-BBYAW,Female,0,No,Yes,4,Yes,No,Fiber optic,Yes,No,No,Yes,No,No,One year,No,Mailed check,85.9,346.19,Yes
4213-WSLAX,Female,0,No,Yes,22,Yes,No,Fiber optic,No,No,Yes,No,Yes,Yes,Month-to-month,Yes,Bank transfer (automatic),110.84,2444.26,No
1279-LJSOX,Male,0,No,No,16,No,No phone service,DSL,Yes,No,Yes,Yes,No,Yes,Month-to-month,No,Mailed check,67.37,1096.5,No
4804-ABSHO,Male,0,No,Yes,28,Yes,No,Fiber optic,No,No,No,No,Yes,Yes,Month-to-month,Yes,Credit card (automatic),82.84,2323.87,No
3792-TBYJO,Male,0,Yes,No,61,Yes,Yes,DSL,Yes,Yes,No,No,No,No,Month-to-month,No,Electronic check,43.32,2634.33,No
1431-RYMQS,Female,0,Yes,No,34,Yes,Yes,No,No internet service,No internet service,No internet service,No internet service,No internet service,No internet service,Month-to-month,Yes,Bank transfer (automatic),19.29,667.21,No
7871-NFMBQ,Female,0,No,No,1,Yes,Yes,DSL,No,No,No,No,Yes,Yes,Month-to-month,No,Electronic check,56.79,52.34,No
8237-ZTZZK,Female,0,No,No,3,Yes,Yes,No,No internet service,No internet service,No internet service,No internet service,No internet service,No internet service,Month-to-month,Yes,Credit card (automatic),28.07,69.03,Yes
9440-JHZXP,Male,0,No,No,5,Yes,No,No,No internet service,No internet service,No internet service,No internet service,No internet service,No internet service,Two year,No,Electronic check,18.37,96.12,No
6581-UOHAH,Male,1,Yes,Yes,2,Yes,Yes,DSL,No,No,No,Yes,No,No,Month-to-month,No,Credit card (automatic),40.23,82.27,No
4247-WUEAP,Female,0,No,Yes,1,No,No phone service,Fiber optic,No,Yes,Yes,No,No,No,Month-to-month,Yes,Bank transfer (automatic),110.9,92.06,Yes
2651-GWZOD,Female,0,Yes,Yes,51,Yes,No,Fiber optic,No,No,No,No,No,Yes,One year,Yes,Credit card (automatic),83.18,4229.87,No
2516-IMLOG,Male,0,No,No,63,Yes,Yes,No,No internet service,No internet service,No internet service,No internet service,No internet service,No internet service,One year,Yes,Electronic check,20.56,1280.99,No
6990-PMEYI,Female,0,Yes,No,5,Yes,No,No,No internet service,No internet service,No internet service,No internet service,No internet service,No internet service,Month-to-month,Yes,Mailed check,19.99,97.32,Yes
3481-CUXKY,Female,0,Yes,No,1,Yes,No,Fiber optic,Yes,No,No,No,No,No,One year,Yes,Electronic check,109.3,129.1,No
9117-HTTSJ,Male,1,No,No,4,Yes,No,No,No internet service,No internet service,No internet service,No internet service,No internet service,No internet service,Two year,Yes,Electronic check,19.33,87.53,Yes
3854-WBNEU,Female,0,No,No,21,Yes,Yes,DSL,No,Yes,Yes,Yes,No,No,Month-to-month,No,Bank transfer (automatic),69.05,1442.46,No
6237-QFCDP,Male,0,Yes,Yes,71,Yes,No,Fiber optic,No,No,No,No,No,No,Month-to-month,No,Credit card (automatic),108.37,7712.3,No
6040-IAJZM,Male,0,Yes,Yes,9,Yes,Yes,No,No internet service,No internet service,No internet service,No internet service,No internet service,No internet service,Month-to-month,Yes,Electronic check,26.66,241.19,No
9266-UXCRA,Male,0,Yes,No,54,Yes,No,DSL,Yes,Yes,No,No,Yes,Yes,Month-to-month,No,Mailed check,46.39,2518.81,No
8411-DKDKM,Male,0,Yes,No,0,Yes,Yes,No,No internet service,No internet service,No internet service,No internet service,No internet service,No internet service,Two year,Yes,Mailed check,22.49,19.38,No
5235-OOQPU,Male,0,Yes,No,59,Yes,Yes,Fiber optic,No,Yes,No,Yes,Yes,No,Month-to-month,Yes,Electronic check,109.21,6455.75,No
7172-XETRU,Male,1,No,No,51,Yes,Yes,Fiber optic,Yes,No,No,No,Yes,Yes,Month-to-month,Yes,Bank transfer (automatic),89.71,4588.34,No
4269-ALOCH,Male,0,No,No,69,Yes,Yes,DSL,No,Yes,Yes,Yes,No,No,Two year,Yes,Electronic check,47.76,3313.45,No
9947-VVETG,Female,1,Yes,Yes,2,Yes,Yes,DSL,No,Yes,No,Yes,No,Yes,One year,Yes,Credit card (automatic),64.54,117.73,No
2821-XLNZR,Male,0,No,No,66,Yes,No,DSL,No,No,No,No,No,No,One year,Yes,Mailed check,50.76,3364.15,No
2654-FJFZY,Male,0,Yes,No,62,No,No phone service,Fiber optic,No,No,No,Yes,No,No,One year,Yes,Credit card (automatic),74.37,4597.81,No
6883-BAEIP,Female,0,Yes,Yes,54,Yes,No,No,No internet service,No internet service,No internet service,No internet service,No internet service,No internet service,One year,No,Bank transfer (automatic),23.49,1270.69,No
4574-YGTQY,Female,0,Yes,No,19,Yes,Yes,Fiber optic,No,No,Yes,No,Yes,No,Two year,Yes,Bank transfer (automatic),94.98,1788.88,Yes
4811-XFIHX,Female,1,No,No,0,Yes,Yes,Fiber optic,No,Yes,Yes,No,No,Yes,Month-to-month,Yes,Mailed check,107.52,0.0,No
3621-IIHJI,Male,0,Yes,No,4,Yes,No,DSL,No,Yes,No,Yes,No,Yes,Month-to-month,Yes,Credit card (automatic),46.98,173.78,Yes
4048-EJPAQ,Female,0,Yes,Yes,1,Yes,Yes,DSL,No,Yes,Yes,No,No,No,Month-to-month,Yes,Mailed check,59.76,73.09,No
9950-GJRMT,Male,0,Yes,Yes,4,No,No phone service,No,No internet service,No internet service,No internet service,No internet service,No internet service,No internet service,Month-to-month,Yes,Electronic check,29.55,122.62,No
4011-LQWAP,Male,0,Yes,Yes,62,Yes,No,DSL,No,Yes,No,Yes,Yes,No,Month-to-month,Yes,Credit card (automatic),40.57,2503.25,No
6236-NNTNG,Male,0,Yes,Yes,3,Yes,Yes,DSL,Yes,No,No,No,No,No,One year,Yes,Mailed check,48.02,158.26,No
4497-ZPURV,Male,0,No,No,66,Yes,No,Fiber optic,No,No,No,No,Yes,Yes,Month-to-month,Yes,Credit card (automatic),72.34,4780.13,No
1092-XJJIF,Female,0,No,No,68,Yes,No,Fiber optic,No,No,No,No,No,No,Month-to-month,No,Bank transfer (automatic),106.05,7194.47,No
9320-WQRCK,Female,0,No,No,64,Yes,No,DSL,No,Yes,Yes,No,No,No,One year,Yes,Electronic check,56.89,3633.62,No
3896-OFDTC,Male,0,Yes,No,62,Yes,No,No,No internet service,No internet service,No internet service,No internet service,No internet service,No internet service,One year,Yes,Bank transfer (automatic),28.75,1767.78,No
6549-XXNAP,Male,0,Yes,Yes,68,Yes,Yes,Fiber optic,No,Yes,No,No,No,Yes,Two year,Yes,Electronic check,82.93,5622.91,No
3212-OTVGE,Male,0,Yes,No,52,Yes,No,DSL,No,No,No,No,Yes,Yes,Two year,No,Electronic check,48.36,2521.95,No
2128-HHPEQ,Female,1,Yes,No,53,Yes,No,No,No internet service,No internet service,No internet service,No internet service,No internet service,No internet service,Two year,No,Electronic check,28.48,1494.65,No
2785-HRNLS,Male,0,No,No,58,Yes,No,DSL,No,No,No,No,No,Yes,One year,No,Bank transfer (automatic),57.89,3343.51,No
2195-ENHQL,Male,0,Yes,Yes,20,Yes,No,Fiber optic,No,No,Yes,No,No,No,One year,No,Mailed check,75.76,1526.39,No
5667-XKFOZ,Female,0,Yes,No,11,Yes,Yes,No,No internet service,No internet service,No internet service,No internet service,No internet service,No internet service,Two year,No,Mailed check,28.27,327.87,No
9391-FPOQA,Female,0,No,No,53,Yes,Yes,No,No internet service,No internet service,No internet service,No internet service,No internet service,No internet service,Two year,Yes,Mailed check,25.44,1338.85,No
9137-SCPKG,Male,0,Yes,No,69,Yes,No,Fiber optic,No,No,No,No,No,No,One year,Yes,Electronic check,103.51,7160.13,No
5649-SLABG,Female,0,No,Yes,1,Yes,Yes,DSL,No,Yes,Yes,Yes,No,No,Month-to-month,No,Bank transfer (automatic),43.1,34.31,Yes
9750-NPEJZ,Female,0,Yes,No,6,No,No phone service,Fiber optic,Yes,No,No,Yes,Yes,No,Month-to-month,No,Electronic check,89.55,531.87,No
1025-HVNGX,Male,0,No,No,1,Yes,Yes,No,No internet service,No internet service,No internet service,No internet service,No internet service,No internet service,Two year,No,Mailed check,24.34,30.37,No
2255-RZLFW,Female,1,Yes,Yes,58,Yes,Yes,Fiber optic,No,No,No,No,Yes,Yes,Two year,No,Credit card (automatic),108.7,6314.24,No
1545-CQQPH,Male,0,No,No,70,Yes,Yes,Fiber optic,No,Yes,No,No,Yes,No,Two year,Yes,Credit card (automatic),96.87,6800.4,No
3520-FWCPR,Female,0,Yes,Yes,11,Yes,Yes,DSL,Yes,No,No,No,No,Yes,Month-to-month,Yes,Bank transfer (automatic),61.29,684.98,No
2059-THRNJ,Male,0,No,No,1,Yes,No,Fiber optic,Yes,No,No,No,Yes,Yes,Month-to-month,Yes,Credit card (automatic),114.72,112.33,No
6187-BSOIC,Male,0,Yes,No,0,Yes,No,No,No internet service,No internet service,No internet service,No internet service,No internet service,No internet service,Month-to-month,Yes,Bank transfer (automatic),21.94,0.0,No
1370-ONZUF,Male,1,No,Yes,51,Yes,No,Fiber optic,No,No,Yes,No,No,No,Two year,Yes,Credit card (automatic),81.72,4172.76,No
8784-BHWXO,Female,0,Yes,No,8,No,No phone service,DSL,No,No,Yes,Yes,Yes,No,Two year,No,Electronic check,46.74,387.59,Yes
8489-VWSLL,Male,0,Yes,Yes,62,Yes,No,Fiber optic,Yes,No,No,Yes,No,No,Month-to-month,No,Mailed check,77.83,4838.75,No
1260-ZPTVV,Female,0,No,No,69,Yes,No,Fiber optic,No,No,Yes,No,Yes,Yes,One year,Yes,Electronic check,104.83,7241.96,Yes
6229-WPLHI,Male,0,No,No,67,Yes,No,Fiber optic,Yes,Yes,No,Yes,No,Yes,Month-to-month,Yes,Electronic check,89.97,6038.25,No
1780-BUOPY,Male,0,Yes,No,7,Yes,Yes,DSL,No,No,No,No,No,Yes,Month-to-month,Yes,Electronic check,57.89,390.42,No
1747-QVISV,Female,0,No,No,2,Yes,No,DSL,No,No,Yes,No,No,Yes,Month-to-month,Yes,Electronic check,55.32,95.69,No
4287-XCBQJ,Male,0,Yes,No,6,No,No phone service,No,No internet service,No internet service,No internet service,No internet service,No internet service,No internet service,Two year,No,Bank transfer (automatic),24.52,150.24,No
4363-TKNNB,Male,0,No,No,71,Yes,No,Fiber optic,No,No,No,No,Yes,No,Two year,Yes,Mailed check,107.62,7623.51,No
3870-BUQND,Female,0,No,No,31,Yes,No,No,No internet service,No internet service,No internet service,No internet service,No internet service,No internet service,Month-to-month,Yes,Electronic check,20.21,613.79,Yes
3725-IMWRZ,Male,0,No,Yes,68,Yes,Yes,Fiber optic,No,No,No,No,No,Yes,Month-to-month,Yes,Electronic check,88.32,6015.1,Yes
8221-JLZDY,Male,0,No,Yes,7,Yes,No,Fiber optic,No,Yes,No,Yes,No,No,One year,Yes,Mailed check,95.89,652.23,Yes
5574-HVDYU,Male,0,No,No,52,Yes,Yes,DSL,Yes,No,Yes,No,No,No,Month-to-month,Yes,Bank transfer (automatic),59.5,3080.47,No
4558-VNJIU,Male,0,Yes,No,56,Yes,Yes,Fiber optic,Yes,No,No,No,No,No,Two year,No,Bank transfer (automatic),78.49,4407.1,No
2749-KOYNQ,Female,0,No,No,0,Yes,No,DSL,No,Yes,No,No,No,No,Two year,Yes,Credit card (automatic),65.88,16.98,No
3027-YXFFF,Female,0,Yes,Yes,0,Yes,Yes,No,No internet service,No internet service,No internet service,No internet service,No internet service,No internet service,Month-to-month,No,Bank transfer (automatic),24.9,0.0,No
1754-YTSCE,Male,0,No,No,7,No,No phone service,DSL,No,No,Yes,No,Yes,Yes,Month-to-month,No,Electronic check,66.07,462.83,Yes
8858-LOXJM,Female,0,No,No,16,Yes,No,DSL,No,No,No,No,Yes,Yes,Month-to-month,No,Mailed check,69.45,1126.59,No
5508-DBUMX,Male,0,Yes,No,56,Yes,No,DSL,Yes,Yes,No,No,Yes,No,Month-to-month,Yes,Mailed check,59.54,3346.49,No
2400-JKOBQ,Female,0,No,No,17,Yes,No,Fiber optic,No,Yes,No,Yes,No,Yes,One year,Yes,Credit card (automatic),108.68,1861.73,No
3049-LXMFX,Male,1,No,No,60,No,No phone service,No,No internet service,No internet service,No internet service,No internet service,No internet service,No internet service,Month-to-month,Yes,Bank transfer (automatic),26.7,1594.9,No
9184-NGIAX,Male,1,No,No,15,Yes,No,DSL,Yes,Yes,No,Yes,No,No,Two year,No,Electronic check,61.14,908.78,No
3519-VODYE,Male,1,Yes,No,67,Yes,No,Fiber optic,Yes,No,Yes,Yes,No,No,One year,No,Bank transfer (automatic),78.78,5287.18,No
9258-KJYHH,Male,0,Yes,No,1,Yes,No,DSL,Yes,No,No,Yes,No,Yes,Two year,Yes,Credit card (automatic),59.51,60.33,No
2175-KWNFU,Male,0,No,Yes,15,Yes,No,Fiber optic,Yes,No,No,No,Yes,No,Month-to-month,Yes,Electronic check,76.68,1164.97,Yes
2329-TAKDJ,Male,0,Yes,No,16,Yes,Yes,DSL,Yes,Yes,No,No,Yes,No,Two year,Yes,Bank transfer (automatic),40.08,651.02,No
9401-KHEME,Female,0,Yes,No,4,Yes,Yes,Fiber optic,No,No,No,No,Yes,No,Two year,Yes,Credit card (automatic),71.61,280.42,No
5496-TKSRU,Male,0,No,No,10,Yes,No,Fiber optic,Yes,Yes,Yes,Yes,Yes,Yes,Month-to-month,No,Mailed check,113.59,1148.93,Yes
1308-QLDZU,Female,0,Yes,Yes,10,Yes,No,DSL,No,Yes,No,Yes,Yes,Yes,Month-to-month,Yes,Credit card (automatic),55.86,575.5,No
7990-OVFYS,Male,0,No,Yes,8,Yes,No,Fiber optic,No,No,No,Yes,No,No,Two year,No,Credit card (automatic),75.08,585.35,No
3388-BBMSQ,Female,1,No,No,67,Yes,No,Fiber optic,No,Yes,Yes,No,No,Yes,Month-to-month,No,Electronic check,106.53,7139.01,Yes
4563-GMMWF,Female,0,No,No,53,Yes,Yes,Fiber optic,No,No,Yes,Yes,Yes,No,Month-to-month,Yes,Mailed check,109.4,5801.0,Yes
9509-HXWSO,Female,0,Yes,No,12,Yes,Yes,Fiber optic,No,Yes,No,Yes,No,No,Two year,Yes,Credit card (automatic),86.56,1021.11,No
4420-IYCQF,Male,0,Yes,No,50,Yes,No,Fiber optic,No,No,No,No,Yes,Yes,Month-to-month,No,Credit card (automatic),86.34,4297.59,Yes
8217-IMECF,Male,1,Yes,No,3,Yes,No,Fiber optic,No,Yes,Yes,No,No,No,Month-to-month,No,Credit card (automatic),108.1,311.51,Yes
9985-POTGC,Female,0,No,Yes,61,Yes,No,No,No internet service,No internet service,No internet service,No internet service,No internet service,No internet service,One year,Yes,Credit card (automatic),18.74,1156.53,No
8474-TFOXE,Male,0,Yes,No,7,Yes,No,No,No internet service,No internet service,No internet service,No internet service,No internet service,No internet service,One year,No,Electronic check,26.69,192.45,Yes
7494-AKESG,Female,1,No,No,54,Yes,No,Fiber optic,No,Yes,No,No,Yes,No,Month-to-month,No,Electronic check,110.1,5932.62,Yes
2651-YYHKF,Male,0,No,No,8,Yes,No,No,No internet service,No internet service,No internet service,No internet service,No internet service,No internet service,One year,Yes,Mailed check,21.42,175.65,No
7228-YPEZY,Female,0,No,No,60,Yes,No,No,No internet service,No internet service,No internet service,No internet service,No internet service,No internet service,One year,Yes,Credit card (automatic),29.44,1771.51,No
1075-WTZZJ,Female,0,Yes,No,2,Yes,No,DSL,No,No,No,Yes,Yes,No,One year,Yes,Mailed check,50.23,99.16,No
5973-KWXQM,Male,0,Yes,No,0,No,No phone service,No,No internet service,No internet service,No internet service,No internet service,No internet service,No internet service,One year,No,Credit card (automatic),25.99,1.01,No
9313-VTIGU,Female,0,No,No,0,Yes,No,DSL,No,Yes,No,No,Yes,No,Month-to-month,Yes,Electronic check,40.22,7.69,No
2669-UIIZK,Male,0,Yes,No,54,Yes,Yes,DSL,Yes,Yes,No,No,No,No,Two year,Yes,Bank transfer (automatic),44.66,2427.68,No
7343-MGUXC,Female,1,Yes,No,1,Yes,No,No,No internet service,No internet service,No internet service,No internet service,No internet service,No internet service,Month-to-month,Yes,Electronic check,29.99,44.28,Yes
6113-QRYNB,Female,1,Yes,Yes,6,Yes,No,DSL,No,No,Yes,No,No,No,Two year,No,Bank transfer (automatic),69.96,428.11,Yes
2121-EYDSM,Male,0,No,No,54,No,No phone service,Fiber optic,No,No,No,Yes,No,No,Month-to-month,No,Mailed check,96.26,5212.28,No
6045-UYUVR,Male,0,No,Yes,3,Yes,Yes,No,No internet service,No internet service,No internet service,No internet service,No internet service,No internet service,Month-to-month,No,Electronic check,20.34,66.11,No
6992-ITIRO,Male,0,No,Yes,14,Yes,No,DSL,No,No,No,No,Yes,Yes,Month-to-month,No,Credit card (automatic),64.29,910.07,Yes
5937-PTWDL,Female,0,No,Yes,67,Yes,Yes,DSL,No,No,No,Yes,Yes,No,One year,No,Mailed check,43.13,2905.05,No
4061-BJHGF,Male,0,Yes,No,62,Yes,Yes,Fiber optic,No,No,No,No,No,No,Month-to-month,Yes,Electronic check,94.16,5853.08,No
7275-BMUEH,Female,0,No,No,68,Yes,No,Fiber optic,Yes,No,Yes,Yes,No,No,One year,No,Electronic check,79.14,5393.99,No
4089-KFODD,Female,0,Yes,No,56,Yes,No,No,No internet service,No internet service,No internet service,No internet service,No internet service,No internet service,Two year,No,Electronic check,24.7,1385.13,No
8910-AUKWV,Male,0,No,Yes,4,Yes,Yes,No,No internet service,No internet service,No internet service,No internet service,No internet service,No internet service,Month-to-month,No,Mailed check,20.6,70.0,No
8572-LJPOD,Male,1,Yes,Yes,15,Yes,Yes,DSL,No,No,No,No,Yes,Yes,Month-to-month,Yes,Electronic check,55.16,841.01,Yes
7014-JNXYI,Female,0,Yes,No,12,Yes,No,Fiber optic,No,No,No,No,No,Yes,Two year,No,Electronic check,86.13,1043.91,Yes
9248-RAHIL,Female,0,No,Yes,2,Yes,Yes,Fiber optic,No,No,No,No,No,Yes,Month-to-month,Yes,Mailed check,95.53,201.93,Yes
7701-SWCQY,Male,0,Yes,No,7,Yes,Yes,Fiber optic,No,Yes,No,No,No,Yes,Month-to-month,Yes,Bank transfer (automatic),114.42,785.96,Yes
9232-SYMLY,Male,0,No,No,6,Yes,No,DSL,No,Yes,Yes,Yes,No,No,Month-to-month,No,Bank transfer (automatic),46.25,291.76,No
5957-RDXUM,Male,0,Yes,No,0,No,No phone service,DSL,No,No,No,No,Yes,Yes,Month-to-month,No,Credit card (automatic),63.92,11.92,No
9709-TDNWI,Male,0,Yes,No,68,Yes,No,DSL,No,No,Yes,Yes,No,Yes,Month-to-month,No,Mailed check,47.21,3206.15,No
4868-OPHFE,Male,0,Yes,Yes,3,Yes,Yes,No,No internet service,No internet service,No internet service,No internet service,No internet service,No internet service,One year,Yes,Electronic check,19.75,58.41,Yes
8124-TLQOP,Female,0,No,No,50,Yes,Yes,No,No internet service,No internet service,No internet service,No internet service,No internet service,No internet service,Month-to-month,No,Credit card (automatic),21.99,1117.68,No
7731-TRUDA,Female,0,Yes,No,59,Yes,Yes,DSL,No,Yes,No,Yes,Yes,Yes,Two year,No,Electronic check,49.31,2891.04,No
2810-ISSST,Female,0,No,No,0,Yes,Yes,DSL,Yes,No,No,Yes,No,No,Month-to-month,Yes,Bank transfer (automatic),45.19,0.0,Yes
4009-FVHON,Female,0,Yes,Yes,58,Yes,Yes,Fiber optic,Yes,Yes,No,No,Yes,No,Month-to-month,Yes,Bank transfer (automatic),80.82,4700.23,No
5472-RJXFS,Male,1,Yes,No,65,Yes,No,No,No internet service,No internet service,No internet service,No internet service,No internet service,No internet service,Month-to-month,No,Electronic check,27.77,1809.56,No
4578-RWSSO,Male,0,Yes,No,53,Yes,Yes,No,No internet service,No internet service,No internet service,No internet service,No internet service,No internet service,Two year,No,Electronic check,20.69,1078.73,No
7596-HQFHG,Male,1,No,Yes,65,Yes,Yes,Fiber optic,Yes,Yes,Yes,Yes,No,No,Month-to-month,Yes,Electronic check,90.89,5915.8,Yes
7850-XACWT,Female,0,No,No,0,No,No phone service,DSL,No,Yes,No,Yes,Yes,No,Month-to-month,Yes,Credit card (automatic),69.63,0.0,Yes
6076-HZMCH,Female,1,Yes,Yes,2,Yes,No,DSL,No,Yes,Yes,No,No,Yes,Month-to-month,Yes,Credit card (automatic),49.0,96.31,No
9210-TILVP,Male,0,No,No,55,Yes,Yes,Fiber optic,No,No,No,Yes,No,No,Month-to-month,Yes,Electronic check,81.3,4460.52,Yes
2426-FMABP,Male,0,No,No,58,No,No phone service,No,No internet service,No internet service,No internet service,No internet service,No internet service,No internet service,Month-to-month,Yes,Mailed check,22.19,1274.04,No
9124-LULTR,Female,0,Yes,No,70,Yes,Yes,DSL,Yes,No,Yes,Yes,No,No,Month-to-month,No,Electronic check,50.57,3536.99,No
9440-ROOQN,Female,0,No,No,1,No,No phone service,No,No internet service,No internet service,No internet service,No internet service,No internet service,No internet service,Month-to-month,No,Electronic check,22.28,25.64,Yes
6614-UAUSK,Male,0,Yes,No,6,Yes,No,DSL,Yes,No,Yes,Yes,Yes,No,Two year,Yes,Mailed check,41.59,238.17,No
4728-YZTSK,Male,0,No,No,12,Yes,No,Fiber optic,No,No,No,No,No,Yes,Month-to-month,No,Electronic check,105.54,1264.65,No
7227-DCGCH,Female,0,No,No,8,Yes,Yes,Fiber optic,No,No,No,Yes,No,Yes,Two year,No,Electronic check,72.31,581.96,No
6395-NYQOA,Male,0,Yes,Yes,2,No,No phone service,Fiber optic,Yes,No,No,Yes,Yes,No,Month-to-month,No,Credit card (automatic),103.48,206.29,Yes
3214-QRKHW,Male,0,Yes,No,9,Yes,No,Fiber optic,Yes,Yes,No,No,No,Yes,Month-to-month,No,Electronic check,103.57,930.85,Yes
2199-IOBHJ,Male,0,No,No,33,Yes,Yes,No,No internet service,No internet service,No internet service,No internet service,No internet service,No internet service,Two year,No,Bank transfer (automatic),22.73,741.63,No
5691-DSAZL,Female,0,No,No,4,Yes,No,DSL,No,No,No,No,No,No,Two year,No,Mailed check,58.56,218.73,No
8857-XRPAG,Female,0,No,No,12,No,No phone service,Fiber optic,No,No,Yes,Yes,No,No,One year,Yes,Bank transfer (automatic),100.45,1223.4,Yes
3476-HFBYJ,Female,0,Yes,No,59,Yes,No,No,No internet service,No internet service,No internet service,No internet service,No internet service,No internet service,One year,Yes,Mailed check,28.11,1674.6,No
9300-JHHQQ,Female,1,Yes,No,15,Yes,Yes,DSL,No,Yes,No,No,No,No,Two year,No,Bank transfer (automatic),53.99,827.05,No
4035-WFCHC,Female,0,Yes,No,2,Yes,Yes,Fiber optic,No,Yes,No,No,Yes,Yes,One year,Yes,Bank transfer (automatic),72.19,146.26,No
8647-UOYDT,Female,0,Yes,No,63,Yes,No,No,No internet service,No internet service,No internet service,No internet service,No internet service,No internet service,Month-to-month,No,Electronic check,18.23,1138.94,No
2222-IXIQD,Female,1,No,No,5,Yes,No,No,No internet service,No internet service,No internet service,No internet service,No internet service,No internet service,Month-to-month,Yes,Credit card (automatic),24.31,114.74,No
7890-BMWSI,Male,0,No,No,64,Yes,No,No,No internet service,No internet service,No internet service,No internet service,No internet service,No internet service,One year,No,Mailed check,18.7,1200.83,No
3811-NUPRE,Male,0,No,Yes,50,Yes,Yes,DSL,No,No,No,No,No,No,One year,Yes,Bank transfer (automatic),54.15,2716.1,No
8068-GUOTW,Male,0,Yes,Yes,21,Yes,No,No,No internet service,No internet service,No internet service,No internet service,No internet service,No internet service,One year,Yes,Mailed check,21.41,455.38,No
3827-FJTOG,Male,0,No,No,10,Yes,No,No,No internet service,No internet service,No internet service,No internet service,No internet service,No internet service,Month-to-month,No,Electronic check,27.63,263.37,Yes
6136-TQXPT,Male,0,No,Yes,10,Yes,No,Fiber optic,No,No,No,No,Yes,No,Two year,Yes,Mailed check,112.88,1144.41,Yes
1266-AMXVB,Male,0,No,No,1,Yes,Yes,DSL,No,No,No,No,Yes,Yes,One year,Yes,Electronic check,55.49,60.06,Yes
9223-BNHQF,Male,0,No,No,60,Yes,No,Fiber optic,No,No,No,Yes,No,Yes,One year,No,Electronic check,94.0,5654.57,Yes
3908-EKKAH,Female,0,No,Yes,7,Yes,No,Fiber optic,No,No,No,No,No,Yes,Month-to-month,No,Electronic check,100.31,706.88,No
7962-AWDET,Female,0,No,No,3,Yes,No,No,No internet service,No internet service,No internet service,No internet service,No internet service,No internet service,Two year,No,Electronic check,29.43,84.47,No
4521-YBKGA,Male,0,Yes,No,9,Yes,No,Fiber optic,Yes,Yes,Yes,No,No,No,One year,Yes,Credit card (automatic),71.28,624.94,No
7470-GNKPX,Male,0,Yes,No,2,Yes,No,DSL,No,No,No,No,No,No,One year,No,Electronic check,52.22,96.56,No
4200-BASVX,Female,0,No,Yes,50,Yes,No,Fiber optic,No,No,No,Yes,No,No,Two year,Yes,Bank transfer (automatic),86.51,4313.14,No
7604-XSOAG,Male,0,No,No,6,Yes,Yes,Fiber optic,Yes,Yes,No,Yes,Yes,No,Two year,No,Mailed check,86.87,539.71,No
6073-WEREM,Male,0,Yes,No,21,No,No phone service,Fiber optic,No,No,No,No,No,Yes,Month-to-month,No,Mailed check,78.62,1647.04,No
8345-MTFZY,Female,1,Yes,Yes,68,Yes,Yes,Fiber optic,No,No,Yes,No,Yes,Yes,Two year,No,Electronic check,81.7,5571.8,No
4399-ELCOR,Male,1,No,No,3,Yes,No,Fiber optic,No,Yes,No,Yes,No,No,One year,No,Credit card (automatic),101.93,299.02,No
9705-HHQRT,Female,0,No,No,62,Yes,No,DSL,No,No,No,No,Yes,No,Month-to-month,No,Bank transfer (automatic),53.55,3305.05,No
2641-DSFRQ,Male,0,Yes,Yes,7,Yes,No,DSL,Yes,No,No,Yes,No,Yes,Month-to-month,Yes,Electronic check,43.74,318.57,Yes
2767-ULEOS,Female,0,No,No,57,Yes,Yes,Fiber optic,Yes,No,No,No,No,Yes,Month-to-month,Yes,Mailed check,99.87,5691.36,No
5934-NOVNA,Female,0,No,No,56,Yes,Yes,DSL,No,No,No,No,Yes,No,One year,Yes,Electronic check,56.24,3163.47,No
2213-XHJBZ,Female,0,Yes,Yes,63,Yes,Yes,Fiber optic,No,No,Yes,No,No,No,One year,Yes,Credit card (automatic),93.22,5875.52,No
2909-RICDV,Male,0,Yes,Yes,26,Yes,No,Fiber optic,Yes,No,No,No,No,No,Month-to-month,No,Mailed check,87.96,2270.95,No
1222-FZDGE,Female,0,No,Yes,7,Yes,No,Fiber optic,No,Yes,Yes,No,Yes,Yes,Two year,No,Electronic check,97.11,661.04,Yes
6345-ALYCU,Male,0,No,Yes,8,Yes,No,No,No internet service,No internet service,No internet service,No internet service,No internet service,No internet service,Two year,Yes,Electronic check,24.45,181.97,No
3158-MMAIP,Male,1,No,No,0,Yes,Yes,DSL,No,No,Yes,No,No,Yes,One year,Yes,Mailed check,67.91,0.0,No
2706-DEGKX,Male,0,No,Yes,3,Yes,Yes,DSL,No,Yes,Yes,Yes,Yes,No,Two year,Yes,Electronic check,42.45,123.71,No
4887-OXWFG,Male,0,Yes,No,50,Yes,No,DSL,Yes,No,No,No,No,Yes,Two year,Yes,Bank transfer (automatic),53.98,2713.59,No
8606-TABYC,Female,0,No,No,3,Yes,Yes,No,No internet service,No internet service,No internet service,No internet service,No internet service,No internet service,Month-to-month,Yes,Mailed check,19.17,72.68,No
5337-JDNBZ,Female,0,Yes,No,54,Yes,No,Fiber optic,No,No,Yes,No,No,Yes,Two year,Yes,Mailed check,112.2,6057.06,No
8790-LFIJL,Male,0,Yes,Yes,0,Yes,No,DSL,Yes,Yes,No,No,No,No,Two year,Yes,Bank transfer (automatic),64.27,6.25,No
4513-JJBMW,Male,0,Yes,No,25,Yes,No,DSL,No,No,Yes,No,No,No,Month-to-month,No,Credit card (automatic),44.47,1096.95,No
8833-IBRRY,Female,0,Yes,Yes,65,Yes,No,No,No internet service,No internet service,No internet service,No internet service,No internet service,No internet service,Two year,Yes,Credit card (automatic),18.41,1214.72,No
3370-OPPLS,Male,0,No,No,71,Yes,Yes,Fiber optic,No,Yes,No,No,No,Yes,Month-to-month,No,Mailed check,113.42,8046.33,No
1741-WSICK,Female,0,No,No,52,Yes,No,Fiber optic,No,No,Yes,Yes,No,Yes,Month-to-month,Yes,Credit card (automatic),106.2,5528.33,No
1124-GXNGU,Male,0,No,No,69,Yes,Yes,No,No internet service,No internet service,No internet service,No internet service,No internet service,No internet service,Two year,Yes,Credit card (automatic),26.8,1851.3,No
9221-PPGYM,Male,0,Yes,No,67,Yes,Yes,No,No internet service,No internet service,No internet service,No internet service,No internet service,No internet service,Two year,No,Credit card (automatic),22.02,1485.99,No
9482-CEZIB,Female,1,No,No,6,Yes,No,DSL,No,Yes,No,Yes,No,No,One year,Yes,Electronic check,57.65,365.6,Yes
4244-IWQTM,Male,0,No,No,71,Yes,Yes,Fiber optic,No,No,No,No,No,Yes,Month-to-month,No,Electronic check,102.84,7299.04,No
3480-NKLLQ,Female,0,No,No,70,Yes,No,Fiber optic,No,No,Yes,Yes,No,Yes,One year,Yes,Electronic check,109.56,7661.07,No
3944-KGFKU,Male,0,No,No,70,Yes,No,No,No internet service,No internet service,No internet service,No internet service,No internet service,No internet service,One year,No,Bank transfer (automatic),29.63,2058.14,No
5850-ZMIGM,Male,0,Yes,No,55,Yes,Yes,DSL,No,No,No,No,No,No,Month-to-month,No,Mailed check,57.39,3168.13,Yes
1427-TIAKJ,Male,0,Yes,No,71,Yes,Yes,Fiber optic,No,No,No,No,No,No,One year,No,Electronic check,101.54,7201.81,No
2319-RCAXC,Female,0,Yes,No,4,Yes,Yes,Fiber optic,No,No,No,No,No,No,Two year,No,Electronic check,97.58,388.08,Yes
4444-PIUPG,Male,0,No,No,13,Yes,Yes,No,No internet service,No internet service,No internet service,No internet service,No internet service,No internet service,Month-to-month,Yes,Mailed check,26.0,356.27,No
6770-UMWPM,Male,0,No,No,62,Yes,Yes,No,No internet service,No internet service,No internet service,No internet service,No internet service,No internet service,Month-to-month,Yes,Bank transfer (automatic),29.98,1876.64,No
9650-YAXWD,Male,0,Yes,No,3,Yes,No,Fiber optic,Yes,No,No,Yes,No,No,Month-to-month,Yes,Bank transfer (automatic),78.15,242.21,Yes
6284-LNLPD,Male,0,Yes,Yes,2,Yes,Yes,Fiber optic,No,No,No,No,No,No,One year,Yes,Electronic check,78.36,140.86,No
6287-CBKEJ,Female,0,Yes,Yes,13,Yes,Yes,No,No internet service,No internet service,No internet service,No internet service,No internet service,No internet service,Month-to-month,Yes,Credit card (automatic),18.28,235.58,No
8725-VVFFP,Female,0,No,No,57,Yes,Yes,Fiber optic,No,No,No,No,No,No,Month-to-month,No,Electronic check,106.79,6103.37,No
4604-BDMUE,Male,0,Yes,No,10,Yes,No,No,No internet service,No internet service,No internet service,No internet service,No internet service,No internet service,Month-to-month,Yes,Credit card (automatic),19.66,196.76,Yes
5894-BHWBL,Female,0,Yes,No,59,Yes,No,No,No internet service,No internet service,No internet service,No internet service,No internet service,No internet service,Month-to-month,Yes,Electronic check,27.05,1615.31,Yes
7227-MHYOK,Male,0,Yes,No,50,Yes,No,No,No internet service,No internet service,No internet service,No internet service,No internet service,No internet service,Month-to-month,Yes,Credit card (automatic),26.31,1303.05,No
5067-TCXUQ,Male,0,No,No,63,Yes,Yes,DSL,Yes,No,No,No,No,Yes,Month-to-month,Yes,Credit card (automatic),41.2,2599.51,No
1882-GJPLQ,Male,0,No,No,1,Yes,Yes,DSL,Yes,No,No,Yes,No,Yes,Month-to-month,Yes,Mailed check,50.99,38.56,Yes
1417-IDEZK,Female,0,No,Yes,13,Yes,Yes,Fiber optic,Yes,Yes,Yes,No,No,No,Month-to-month,No,Bank transfer (automatic),108.58,1423.38,No
1467-OPACL,Female,0,Yes,No,58,Yes,Yes,Fiber optic,No,No,No,No,No,Yes,Two year,Yes,Bank transfer (automatic),97.74,5685.62,No
4489-AWETW,Female,0,Yes,Yes,61,No,No phone service,DSL,No,No,No,Yes,No,No,Month-to-month,Yes,Credit card (automatic),64.77,3933.44,No
6197-MXUYE,Female,1,Yes,No,5,Yes,No,DSL,Yes,No,No,Yes,Yes,Yes,Two year,No,Mailed check,48.92,241.68,No
1387-UUECV,Female,0,Yes,Yes,6,Yes,Yes,Fiber optic,Yes,No,Yes,Yes,No,Yes,One year,No,Electronic check,89.74,519.96,No
5492-POKDD,Female,0,Yes,No,54,Yes,No,No,No internet service,No internet service,No internet service,No internet service,No internet service,No internet service,Month-to-month,Yes,Mailed check,24.98,1331.67,No
5836-AXBJO,Female,0,Yes,No,12,Yes,No,Fiber optic,No,No,No,Yes,No,Yes,Month-to-month,No,Electronic check,75.43,899.88,Yes
7775-JFQFK,Female,0,No,Yes,55,No,No phone service,DSL,No,Yes,Yes,No,No,Yes,Two year,No,Electronic check,41.2,2269.33,No
2753-PLBAY,Female,0,Yes,No,1,Yes,Yes,DSL,No,Yes,No,Yes,No,Yes,One year,Yes,Credit card (automatic),52.73,66.8,No
9730-KXQGI,Male,1,Yes,No,68,Yes,Yes,DSL,No,No,Yes,No,No,Yes,Month-to-month,No,Mailed check,63.0,4301.89,No
5847-NWXIT,Female,0,No,Yes,61,Yes,Yes,No,No internet service,No internet service,No internet service,No internet service,No internet service,No internet service,Month-to-month,Yes,Bank transfer (automatic),24.4,1479.15,No
6252-JPXII,Female,0,No,No,71,Yes,Yes,No,No internet service,No internet service,No internet service,No internet service,No internet service,No internet service,Month-to-month,No,Electronic check,24.48,1727.04,No
7728-NMZPX,Female,0,No,No,55,Yes,No,Fiber optic,Yes,No,No,No,Yes,Yes,Two year,No,Bank transfer (automatic),93.93,5152.48,No
5304-RDQVA,Female,0,No,No,2,Yes,No,Fiber optic,No,No,No,No,No,No,Two year,No,Mailed check,103.43,187.65,No
6474-VEALK,Female,0,Yes,Yes,51,Yes,Yes,No,No internet service,No internet service,No internet service,No internet service,No internet service,No internet service,Month-to-month,No,Bank transfer (automatic),22.06,1126.46,No
3220-WIHJV,Female,0,No,Yes,55,Yes,No,DSL,No,No,Yes,No,Yes,No,Month-to-month,No,Mailed check,52.61,2894.8,Yes
9340-VELCG,Female,0,No,No,3,Yes,No,Fiber optic,No,No,No,No,No,Yes,Month-to-month,Yes,Credit card (automatic),80.17,223.93,No
2305-QMPGM,Female,0,Yes,Yes,56,Yes,Yes,Fiber optic,No,No,No,No,No,Yes,Two year,No,Electronic check,108.72,6069.01,No
4007-RFLIG,Female,0,Yes,Yes,60,No,No phone service,No,No internet service,No internet service,No internet service,No internet service,No internet service,No internet service,One year,Yes,Mailed check,22.38,1338.06,No
4020-ZJAOG,Female,0,No,No,5,Yes,No,Fiber optic,No,No,No,No,Yes,No,Two year,No,Electronic check,91.56,440.96,No
2558-JCSII,Female,0,Yes,No,19,Yes,No,Fiber optic,No,Yes,No,Yes,No,No,Month-to-month,Yes,Electronic check,114.45,2156.8,No
9840-IPUKM,Male,0,Yes,No,62,Yes,No,No,No internet service,No internet service,No internet service,No internet service,No internet service,No internet service,One year,Yes,Mailed check,26.51,1643.38,No
6045-UHYBY,Male,0,Yes,No,59,Yes,No,Fiber optic,No,Yes,No,Yes,No,No,Month-to-month,Yes,Electronic check,95.07,5621.63,Yes
6319-FVWGX,Female,0,Yes,No,9,Yes,No,No,No internet service,No internet service,No internet service,No internet service,No internet service,No internet service,Two year,No,Electronic check,24.13,223.92,No
3381-THZGY,Female,0,Yes,No,11,Yes,No,Fiber optic,No,Yes,No,Yes,Yes,No,Month-to-month,No,Credit card (automatic),78.08,845.02,No
3169-ETXSJ,Male,0,Yes,Yes,13,Yes,Yes,DSL,Yes,No,Yes,No,No,No,Two year,Yes,Mailed check,69.19,905.9,No
2944-WNULR,Female,0,Yes,No,8,Yes,No,DSL,No,No,Yes,No,No,Yes,Month-to-month,Yes,Bank transfer (automatic),41.86,328.9,No
9456-QKNLK,Male,0,Yes,No,62,No,No phone service,No,No internet service,No internet service,No internet service,No internet service,No internet service,No internet service,One year,Yes,Mailed check,26.49,1625.82,No
8352-HLNLJ,Male,0,No,No,1,Yes,Yes,DSL,No,Yes,Yes,No,No,No,Month-to-month,No,Bank transfer (automatic),45.36,40.15,Yes
1732-MQTTQ,Male,0,Yes,No,5,Yes,Yes,Fiber optic,No,No,No,No,No,No,Month-to-month,Yes,Electronic check,73.37,381.48,No
8975-ABSWM,Male,0,No,No,4,Yes,No,Fiber optic,No,No,Yes,No,Yes,No,Month-to-month,Yes,Electronic check,85.11,328.61,Yes
7834-KTQYM,Male,0,No,Yes,9,Yes,No,Fiber optic,Yes,No,No,No,Yes,No,One year,Yes,Mailed check,97.12,873.74,No
7433-MQBXE,Female,0,No,Yes,2,Yes,Yes,Fiber optic,No,No,Yes,No,No,No,Month-to-month,Yes,Bank transfer (automatic),86.96,167.93,Yes
1490-GJLYI,Male,0,No,No,7,Yes,No,DSL,Yes,Yes,No,No,Yes,No,Month-to-month,No,Credit card (automatic),57.54,414.77,No
3005-FEEZY,Female,0,Yes,No,7,Yes,No,DSL,No,No,No,No,Yes,No,Month-to-month,No,Bank transfer (automatic),68.17,481.14,No
3617-GYOMZ,Female,0,Yes,Yes,3,No,No phone service,DSL,Yes,No,No,Yes,Yes,Yes,Month-to-month,Yes,Credit card (automatic),44.86,130.97,Yes
1681-XBRPS,Male,0,No,No,65,No,No phone service,DSL,No,No,No,No,Yes,Yes,Month-to-month,Yes,Bank transfer (automatic),59.74,3880.51,No
7034-ZBKCG,Male,0,Yes,No,10,No,No phone service,DSL,No,Yes,No,No,No,No,Month-to-month,Yes,Credit card (automatic),47.78,493.94,No
8791-TLTTP,Female,0,No,No,0,Yes,Yes,Fiber optic,Yes,No,No,No,Yes,No,Month-to-month,Yes,Bank transfer (automatic),91.94,0.0,Yes
6918-RSTUU,Male,0,No,No,10,Yes,Yes,DSL,No,No,No,No,No,No,Month-to-month,No,Bank transfer (automatic),65.13,634.64,Yes
2493-NAJLI,Male,0,Yes,Yes,9,No,No phone service,DSL,Yes,Yes,Yes,No,No,No,Two year,Yes,Electronic check,54.18,501.75,No
5265-ZMNYB,Female,0,No,No,51,Yes,Yes,Fiber optic,No,No,Yes,No,Yes,No,Month-to-month,Yes,Electronic check,70.07,3572.66,Yes
9859-WWBSD,Female,0,No,No,65,Yes,Yes,DSL,No,Yes,No,No,No,Yes,One year,Yes,Electronic check,56.26,3638.84,No
8902-UFAYI,Male,0,Yes,Yes,68,Yes,Yes,No,No internet service,No internet service,No internet service,No internet service,No internet service,No internet service,Month-to-month,Yes,Electronic check,18.32,1261.95,No
7486-NGXGV,Female,0,Yes,No,50,Yes,No,Fiber optic,No,No,Yes,No,No,Yes,Two year,Yes,Electronic check,84.33,4221.61,No
8549-NWZEN,Male,0,No,No,51,Yes,Yes,No,No internet service,No internet service,No internet service,No internet service,No internet service,No internet service,Month-to-month,Yes,Electronic check,24.59,1244.17,Yes
6450-FHMIS,Male,0,No,Yes,5,Yes,No,DSL,No,Yes,No,Yes,No,Yes,Two year,No,Electronic check,68.53,350.59,No
9866-LXVXR,Male,0,Yes,No,68,Yes,Yes,DSL,Yes,No,Yes,No,Yes,No,Month-to-month,Yes,Electronic check,64.07,4347.49,No
2802-OOTOZ,Female,0,Yes,Yes,6,Yes,Yes,Fiber optic,No,No,No,Yes,Yes,Yes,Month-to-month,Yes,Mailed check,73.29,435.35,No
2572-GAMND,Female,0,No,No,2,Yes,Yes,DSL,No,No,No,No,Yes,No,Month-to-month,Yes,Electronic check,54.11,102.35,No
2959-MCBKO,Female,0,No,No,58,Yes,Yes,Fiber optic,No,No,No,No,No,No,Month-to-month,Yes,Electronic check,76.4,4441.03,No
6771-LVMRN,Female,0,No,No,0,Yes,Yes,Fiber optic,No,No,No,No,Yes,Yes,Month-to-month,No,Credit card (automatic),89.38,0.0,Yes
8072-OJOLO,Female,1,No,No,26,Yes,Yes,Fiber optic,Yes,No,No,No,Yes,Yes,Month-to-month,No,Electronic check,104.89,2718.41,No
8859-OZCDV,Male,0,Yes,No,67,Yes,No,No,No internet service,No internet service,No internet service,No internet service,No internet service,No internet service,Two year,No,Electronic check,25.18,1703.11,No
8849-RTURC,Male,0,Yes,No,52,Yes,Yes,DSL,No,No,Yes,Yes,No,No,Month-to-month,Yes,Credit card (automatic),46.05,2409.98,No
5663-DYMMJ,Male,0,No,No,15,Yes,Yes,Fiber optic,No,Yes,No,No,No,Yes,Month-to-month,No,Electronic check,101.99,1548.68,Yes
9075-VELHO,Male,0,No,No,6,Yes,Yes,Fiber optic,No,Yes,Yes,No,No,No,Two year,Yes,Mailed check,94.17,546.1,No
4531-KEZEO,Female,0,Yes,No,14,Yes,No,Fiber optic,No,No,No,No,No,Yes,Two year,No,Credit card (automatic),88.91,1229.33,No
1135-OJIZY,Male,0,Yes,No,5,Yes,Yes,DSL,No,Yes,No,Yes,Yes,No,Month-to-month,No,Mailed check,53.78,287.63,Yes
5880-UAPQW,Female,0,No,Yes,56,Yes,Yes,Fiber optic,No,Yes,No,Yes,Yes,No,One year,Yes,Credit card (automatic),91.16,5096.52,No
9088-JRKOD,Male,0,Yes,Yes,2,No,No phone service,Fiber optic,No,Yes,No,No,No,No,Month-to-month,Yes,Bank transfer (automatic),88.38,185.86,Yes
3687-ARNNN,Female,1,No,No,3,Yes,No,No,No internet service,No internet service,No internet service,No internet service,No internet service,No internet service,Month-to-month,Yes,Bank transfer (automatic),24.86,92.45,Yes
1236-TGSXC,Female,0,Yes,No,2,Yes,No,Fiber optic,Yes,No,Yes,No,Yes,No,Month-to-month,Yes,Bank transfer (automatic),111.87,236.9,No
7150-YWRIU,Male,0,Yes,No,69,No,No phone service,DSL,No,No,Yes,No,No,No,Month-to-month,No,Electronic check,41.95,2889.97,Yes
7356-PWMUS,Male,0,Yes,Yes,2,Yes,No,Fiber optic,Yes,No,No,No,Yes,No,Month-to-month,No,Electronic check,70.04,144.79,No
2087-HHNDR,Male,0,No,No,12,Yes,No,No,No internet service,No internet service,No internet service,No internet service,No internet service,No internet service,Month-to-month,Yes,Credit card (automatic),26.37,313.36,No
4892-TLJAW,Male,0,No,Yes,0,Yes,Yes,Fiber optic,Yes,Yes,No,No,No,No,Month-to-month,No,Credit card (automatic),90.98,0.0,Yes
1333-QPNZI,Female,0,No,No,6,Yes,Yes,Fiber optic,No,No,No,No,No,No,One year,Yes,Electronic check,98.02,597.84,No
9889-ZGJJQ,Male,0,No,No,71,Yes,No,Fiber optic,No,Yes,No,Yes,Yes,Yes,One year,Yes,Mailed check,87.32,6218.96,No
2544-LKJEP,Male,0,Yes,Yes,4,Yes,No,Fiber optic,Yes,No,No,Yes,Yes,No,One year,Yes,Electronic check,105.26,419.11,Yes
4155-ZAROH,Female,0,Yes,No,53,Yes,No,DSL,No,Yes,No,No,No,No,One year,Yes,Electronic check,40.96,2172.95,No
9073-QVDMU,Male,0,No,No,69,Yes,Yes,Fiber optic,No,Yes,No,No,Yes,No,Two year,Yes,Mailed check,90.4,6234.99,No
7554-IDAPC,Male,1,No,Yes,0,Yes,No,Fiber optic,No,No,Yes,No,Yes,No,Two year,No,Bank transfer (automatic),89.1,19.04,No
4916-TLYWR,Male,0,No,No,61,Yes,Yes,DSL,Yes,Yes,Yes,No,Yes,Yes,Two year,No,Mailed check,51.5,3150.53,No
4284-HKPFZ,Male,0,No,No,7,Yes,Yes,Fiber optic,No,No,No,No,No,No,Month-to-month,No,Bank transfer (automatic),98.25,687.86,Yes
6699-HOZIS,Male,0,Yes,Yes,56,Yes,No,DSL,No,No,Yes,No,Yes,No,Month-to-month,No,Electronic check,43.88,2467.72,Yes
6904-FYNIY,Female,0,Yes,No,50,Yes,No,DSL,No,No,Yes,No,Yes,No,Month-to-month,Yes,Credit card (automatic),48.18,2394.95,No
5730-SFCQA,Male,1,No,Yes,4,Yes,No,Fiber optic,No,No,No,No,Yes,Yes,Month-to-month,Yes,Mailed check,98.28,374.45,Yes
7969-BKFJV,Male,0,Yes,No,21,Yes,Yes,No,No internet service,No internet service,No internet service,No internet service,No internet service,No internet service,Month-to-month,Yes,Mailed check,21.37,449.18,Yes
8974-HIITW,Male,0,Yes,No,71,Yes,No,Fiber optic,Yes,No,No,No,No,Yes,Month-to-month,Yes,Mailed check,73.23,5207.06,No
5291-GKKLX,Male,0,No,No,19,No,No phone service,No,No internet service,No internet service,No internet service,No internet service,No internet service,No internet service,Two year,No,Electronic check,19.68,358.08,Yes
4805-JDZEB,Male,1,Yes,Yes,12,Yes,No,Fiber optic,No,Yes,Yes,No,No,No,Month-to-month,No,Electronic check,80.26,953.65,Yes
7044-RJNLL,Female,0,No,Yes,62,Yes,Yes,DSL,No,Yes,No,No,No,Yes,Month-to-month,Yes,Mailed check,67.32,4193.1,No
7458-CATOI,Male,0,Yes,No,13,Yes,No,Fiber optic,Yes,No,No,No,No,No,Month-to-month,Yes,Bank transfer (automatic),91.53,1176.93,Yes
8961-JPLUZ,Female,0,No,No,60,Yes,Yes,DSL,No,No,Yes,Yes,No,No,One year,No,Electronic check,64.79,3873.85,No
5004-OLJMT,Female,0,No,No,50,No,No phone service,Fiber optic,No,Yes,No,No,No,No,Month-to-month,Yes,Mailed check,100.93,5041.58,Yes
4078-OXULL,Male,0,No,Yes,66,Yes,No,Fiber optic,Yes,No,No,No,No,No,Month-to-month,Yes,Electronic check,105.09,6955.91,No
6533-KWCFD,Male,1,Yes,No,70,No,No phone service,Fiber optic,No,Yes,Yes,No,Yes,No,Two year,No,Electronic check,88.16,6163.6,No
4331-WIIVR,Male,0,Yes,No,17,Yes,No,Fiber optic,No,No,Yes,Yes,Yes,Yes,Two year,No,Credit card (automatic),109.81,1854.91,No
1484-TOBKM,Male,0,Yes,No,66,Yes,Yes,No,No internet service,No internet service,No internet service,No internet service,No internet service,No internet service,One year,No,Electronic check,28.11,1842.34,No
1218-JXGZN,Female,0,Yes,No,65,No,No phone service,No,No internet service,No internet service,No internet service,No internet service,No internet service,No internet service,Two year,No,Electronic check,22.1,1448.25,No
1554-KJAXX,Male,0,No,No,55,Yes,No,DSL,No,No,No,No,Yes,No,Month-to-month,Yes,Mailed check,49.39,2729.88,No
6919-WESGW,Male,0,Yes,Yes,70,Yes,No,DSL,Yes,Yes,Yes,No,No,Yes,One year,Yes,Mailed check,53.9,3781.59,No
4617-IORZF,Male,1,Yes,No,7,Yes,Yes,No,No internet service,No internet service,No internet service,No internet service,No internet service,No internet service,Month-to-month,Yes,Credit card (automatic),28.83,217.1,No
7194-QSQQG,Male,0,Yes,Yes,10,Yes,Yes,Fiber optic,No,Yes,No,No,Yes,No,One year,Yes,Mailed check,87.34,889.51,No
7399-BPDQM,Male,0,No,No,11,Yes,Yes,Fiber optic,No,No,Yes,No,No,No,Month-to-month,No,Credit card (automatic),84.35,939.54,No
8507-EEAKH,Male,0,Yes,No,57,No,No phone service,DSL,No,No,No,No,No,No,Month-to-month,No,Electronic check,63.48,3624.27,Yes
4426-KNKMY,Female,0,No,No,64,Yes,Yes,Fiber optic,No,No,No,No,Yes,No,Month-to-month,Yes,Credit card (automatic),91.24,5850.21,Yes
9137-VSNRK,Female,0,No,No,2,Yes,Yes,DSL,No,No,No,Yes,No,No,Month-to-month,No,Electronic check,64.18,146.73,Yes
6741-RMFIJ,Male,0,No,No,7,Yes,No,No,No internet service,No internet service,No internet service,No internet service,No internet service,No internet service,Month-to-month,No,Credit card (automatic),18.43,137.61,No
9656-WBXTS,Male,0,No,No,63,No,No phone service,DSL,Yes,No,Yes,Yes,No,Yes,Month-to-month,Yes,Credit card (automatic),55.82,3526.25,Yes
6370-VGMGG,Male,0,Yes,Yes,68,Yes,No,Fiber optic,No,Yes,Yes,No,Yes,No,One year,Yes,Credit card (automatic),77.64,5273.2,No
9573-RQIHC,Female,0,No,No,56,Yes,No,DSL,No,No,No,No,Yes,Yes,Month-to-month,Yes,Credit card (automatic),66.44,3719.86,No
8931-LRAQC,Male,0,No,No,9,Yes,Yes,Fiber optic,No,No,No,No,No,No,Month-to-month,Yes,Mailed check,97.51,896.05,Yes
1653-YXNBD,Female,0,No,No,11,Yes,No,No,No internet service,No internet service,No internet service,No internet service,No internet service,No internet service,One year,No,Credit card (automatic),24.42,284.1,No
9553-VMUOM,Male,1,No,Yes,12,Yes,No,DSL,No,No,No,No,No,Yes,One year,Yes,Electronic check,41.66,485.91,No
2571-KCAMV,Male,0,Yes,Yes,53,Yes,Yes,DSL,No,No,Yes,No,Yes,No,Month-to-month,Yes,Electronic check,67.67,3570.32,No
6879-GNABF,Male,0,Yes,No,24,Yes,No,Fiber optic,Yes,No,Yes,Yes,No,No,Month-to-month,No,Electronic check,94.52,2266.65,Yes
5723-QGPNU,Male,0,No,No,11,Yes,No,Fiber optic,Yes,Yes,No,Yes,No,Yes,Two year,No,Mailed check,86.16,934.84,No
9136-CFCJI,Female,0,No,Yes,55,Yes,No,No,No internet service,No internet service,No internet service,No internet service,No internet service,No internet service,Month-to-month,Yes,Electronic check,26.57,1479.77,No
3107-VAOJM,Female,0,Yes,Yes,2,Yes,No,DSL,Yes,Yes,No,No,No,No,Month-to-month,Yes,Credit card (automatic),51.92,114.0,No
2098-JYXGY,Male,0,Yes,Yes,2,Yes,No,No,No internet service,No internet service,No internet service,No internet service,No internet service,No internet service,Month-to-month,Yes,Electronic check,28.21,69.98,No
6117-CNTOO,Male,0,Yes,No,67,Yes,No,Fiber optic,Yes,No,No,No,Yes,No,Two year,Yes,Credit card (automatic),93.54,6273.45,No
4996-TKRME,Female,0,No,No,2,Yes,Yes,DSL,No,No,Yes,No,Yes,Yes,Month-to-month,Yes,Electronic check,41.04,93.67,Yes
2246-ERYZZ,Female,0,No,No,24,Yes,No,DSL,No,No,Yes,Yes,Yes,No,Month-to-month,No,Electronic check,59.42,1415.13,No
1272-SVBBF,Female,0,No,Yes,61,Yes,Yes,No,No internet service,No internet service,No internet service,No internet service,No internet service,No internet service,Two year,No,Bank transfer (automatic),22.46,1389.55,No
9115-RTNEJ,Female,1,Yes,No,55,Yes,No,No,No internet service,No internet service,No internet service,No internet service,No internet service,No internet service,Month-to-month,Yes,Electronic check,23.9,1318.15,No
4356-BGUWO,Male,0,Yes,Yes,56,No,No phone service,DSL,No,Yes,No,Yes,Yes,No,Month-to-month,Yes,Bank transfer (automatic),42.49,2372.98,No
7317-AHXQX,Female,0,Yes,No,11,Yes,No,No,No internet service,No internet service,No internet service,No internet service,No internet service,No internet service,Month-to-month,Yes,Credit card (automatic),27.32,319.99,No
9281-DBBCJ,Male,0,Yes,No,6,Yes,No,DSL,No,No,No,Yes,Yes,No,Two year,No,Electronic check,43.7,243.02,No
2320-RWTXG,Female,0,No,No,10,Yes,No,DSL,No,No,Yes,No,No,Yes,Two year,Yes,Credit card (automatic),54.93,556.92,Yes
4925-NSABH,Female,0,Yes,No,57,Yes,No,Fiber optic,No,No,Yes,No,No,Yes,One year,Yes,Credit card (automatic),83.88,4794.28,No
7393-CVKJI,Female,0,No,No,63,No,No phone service,No,No internet service,No internet service,No internet service,No internet service,No internet service,No internet service,Month-to-month,No,Electronic check,26.21,1634.69,No
2865-LXWXA,Female,1,No,No,64,Yes,Yes,Fiber optic,No,No,No,No,Yes,No,Month-to-month,No,Bank transfer (automatic),104.49,6699.83,Yes
9216-CCZWV,Female,1,No,No,54,Yes,No,No,No internet service,No internet service,No internet service,No internet service,No internet service,No internet service,Month-to-month,Yes,Electronic check,22.5,1223.19,Yes
9438-DRRZH,Male,0,Yes,Yes,5,Yes,No,No,No internet service,No internet service,No internet service,No internet service,No internet service,No internet service,Month-to-month,No,Credit card (automatic),23.76,110.84,No
1885-PSUTH,Male,0,Yes,No,67,Yes,No,DSL,No,No,No,No,No,No,One year,No,Mailed check,58.04,3873.29,No
4349-IFSNK,Female,1,Yes,Yes,10,Yes,No,DSL,No,Yes,No,No,Yes,Yes,One year,Yes,Electronic check,51.28,523.77,Yes
5973-JUODX,Female,0,No,No,61,No,No phone service,DSL,No,No,No,No,No,Yes,Two year,Yes,Mailed check,49.2,3018.05,No
4785-BSBAZ,Male,1,No,Yes,71,Yes,No,Fiber optic,No,Yes,No,Yes,Yes,No,Month-to-month,Yes,Electronic check,109.86,7797.26,No
7983-USMDD,Female,0,Yes,Yes,54,Yes,No,Fiber optic,No,Yes,No,No,Yes,No,One year,Yes,Credit card (automatic),112.66,6086.51,No
4851-MKSYB,Female,0,Yes,No,66,Yes,Yes,DSL,No,No,No,No,No,Yes,Two year,Yes,Electronic check,55.32,3647.14,No
8091-KQFWT,Male,0,No,No,2,No,No phone service,Fiber optic,No,No,No,No,Yes,No,Month-to-month,Yes,Electronic check,93.15,196.8,No
7568-CAOXN,Female,0,No,No,36,No,No phone service,Fiber optic,Yes,No,No,No,No,No,Two year,No,Electronic check,96.44,3486.28,No
6639-NYLXY,Female,0,No,Yes,66,No,No phone service,Fiber optic,No,Yes,No,Yes,No,No,Month-to-month,Yes,Electronic check,78.22,5166.96,No
8107-IWKEN,Male,0,Yes,Yes,7,Yes,No,Fiber optic,No,No,Yes,No,No,Yes,One year,Yes,Mailed check,111.36,779.0,Yes
2113-BQTYH,Male,0,Yes,No,66,Yes,No,DSL,No,Yes,Yes,No,No,No,Two year,Yes,Bank transfer (automatic),61.65,4077.2,No
7044-LOVVN,Male,0,Yes,No,10,Yes,No,Fiber optic,No,Yes,Yes,No,Yes,Yes,Month-to-month,No,Mailed check,91.77,914.71,No
9220-VHRAM,Female,0,Yes,No,69,Yes,Yes,DSL,No,No,No,No,No,No,Month-to-month,Yes,Bank transfer (automatic),60.28,4164.0,No
5999-PEPTW,Male,0,No,No,69,Yes,No,Fiber optic,Yes,No,No,No,Yes,No,Month-to-month,Yes,Bank transfer (automatic),89.65,6186.42,No
8274-PQOAF,Male,0,Yes,No,2,Yes,No,Fiber optic,No,No,Yes,No,No,No,One year,No,Bank transfer (automatic),100.98,189.07,No
5746-KJBXG,Male,0,Yes,No,2,Yes,No,Fiber optic,No,No,No,Yes,No,No,One year,Yes,Bank transfer (automatic),89.03,173.95,No
4353-PDFCV,Male,0,No,No,6,Yes,Yes,DSL,No,No,No,Yes,No,Yes,Month-to-month,No,Credit card (automatic),68.98,404.28,Yes
4975-TZIUZ,Male,1,Yes,No,56,Yes,No,Fiber optic,Yes,No,Yes,No,No,No,One year,No,Electronic check,98.81,5524.47,No
4388-YJTKC,Male,1,No,Yes,1,Yes,No,No,No internet service,No internet service,No internet service,No internet service,No internet service,No internet service,Two year,Yes,Credit card (automatic),27.49,8.06,No
8097-CDVLN,Female,0,Yes,Yes,1,Yes,No,Fiber optic,No,Yes,No,No,No,No,Two year,Yes,Mailed check,89.56,102.66,Yes
6967-NDOIY,Female,0,No,No,54,Yes,Yes,No,No internet service,No internet service,No internet service,No internet service,No internet service,No internet service,Month-to-month,Yes,Electronic check,29.21,1558.47,No
3745-YGUBP,Male,0,Yes,Yes,59,Yes,Yes,DSL,Yes,No,No,Yes,No,Yes,Month-to-month,No,Credit card (automatic),66.07,3908.79,Yes
4958-ZGRLG,Male,1,No,Yes,5,Yes,Yes,DSL,Yes,No,No,No,No,No,Two year,No,Bank transfer (automatic),52.25,248.01,No
6207-IKJRY,Male,0,Yes,No,9,Yes,No,Fiber optic,No,Yes,Yes,Yes,Yes,No,Month-to-month,Yes,Electronic check,96.1,882.25,No
8260-MQIMF,Female,0,Yes,No,56,Yes,No,Fiber optic,No,No,No,Yes,No,Yes,One year,Yes,Electronic check,92.15,5172.61,Yes
9731-IJHEL,Female,0,No,No,59,Yes,No,DSL,Yes,No,No,No,Yes,No,One year,Yes,Credit card (automatic),45.09,2644.93,No
3211-IPOKG,Female,0,Yes,No,11,Yes,No,Fiber optic,Yes,Yes,Yes,Yes,No,No,Month-to-month,No,Mailed check,79.65,888.29,No
4366-VBGFB,Female,0,Yes,No,50,No,No phone service,Fiber optic,Yes,No,No,Yes,No,No,Month-to-month,No,Electronic check,114.22,5705.33,Yes
3183-SRQVK,Female,0,No,No,4,Yes,Yes,Fiber optic,No,No,Yes,Yes,Yes,No,Month-to-month,No,Electronic check,87.19,365.32,Yes
7788-BKAYB,Female,1,No,Yes,2,Yes,Yes,DSL,No,No,Yes,No,No,Yes,Month-to-month,Yes,Mailed check,57.52,115.38,No
5231-BMQOX,Female,1,Yes,No,70,No,No phone service,No,No internet service,No internet service,No internet service,No internet service,No internet service,No internet service,Month-to-month,Yes,Credit card (automatic),28.12,1977.72,No
4142-CRMDY,Female,0,Yes,No,54,Yes,No,Fiber optic,No,Yes,No,Yes,Yes,No,Two year,No,Electronic check,107.94,5809.66,No
3819-WZNRG,Female,0,Yes,No,17,Yes,Yes,Fiber optic,No,No,No,No,No,No,Month-to-month,Yes,Electronic check,99.29,1670.16,No
3371-UPEUB,Male,0,Yes,No,56,No,No phone service,No,No internet service,No internet service,No internet service,No internet service,No internet service,No internet service,Month-to-month,No,Mailed check,25.74,1421.48,No
3143-POHKE,Male,0,No,No,51,Yes,Yes,DSL,No,Yes,Yes,Yes,No,No,Month-to-month,Yes,Electronic check,47.87,2422.66,No
8702-DRKWK,Male,0,No,No,13,Yes,No,Fiber optic,No,Yes,Yes,Yes,No,No,Month-to-month,Yes,Credit card (automatic),91.42,1190.56,Yes
4712-ZOWXD,Male,0,Yes,No,15,No,No phone service,No,No internet service,No internet service,No internet service,No internet service,No internet service,No internet service,Month-to-month,No,Mailed check,19.81,308.5,Yes
4172-THCNP,Female,0,No,No,59,Yes,Yes,Fiber optic,Yes,Yes,No,No,Yes,Yes,Month-to-month,No,Mailed check,89.13,5240.75,Yes
2078-RJMST,Female,0,No,No,3,Yes,No,Fiber optic,No,Yes,Yes,No,No,Yes,Month-to-month,Yes,Electronic check,98.07,285.14,No
1337-IUOWL,Male,0,No,No,14,Yes,Yes,No,No internet service,No internet service,No internet service,No internet service,No internet service,No internet service,Month-to-month,No,Credit card (automatic),29.64,413.39,Yes
2213-FHPQV,Female,0,Yes,No,11,Yes,No,DSL,No,No,No,Yes,Yes,No,Month-to-month,Yes,Mailed check,67.97,747.94,No
7357-VXOFU,Male,0,Yes,No,11,Yes,No,DSL,Yes,Yes,Yes,Yes,No,Yes,Two year,Yes,Bank transfer (automatic),65.64,728.64,No
2668-NRLZO,Female,1,No,Yes,57,No,No phone service,Fiber optic,Yes,No,No,No,No,No,Month-to-month,Yes,Electronic check,71.38,4051.62,No
7340-PAIOE,Male,1,Yes,Yes,57,Yes,No,Fiber optic,No,No,Yes,Yes,Yes,Yes,Month-to-month,Yes,Electronic check,90.19,5151.53,Yes
9344-QNJJB,Female,1,Yes,No,61,Yes,Yes,DSL,No,No,No,No,No,No,Two year,Yes,Mailed check,48.94,2971.25,No
4627-QCIUL,Female,0,Yes,No,12,Yes,Yes,DSL,No,No,No,Yes,Yes,No,One year,No,Electronic check,41.47,494.18,No
6863-BJFQH,Male,0,Yes,Yes,62,Yes,Yes,No,No internet service,No internet service,No internet service,No internet service,No internet service,No internet service,Month-to-month,No,Mailed check,27.06,1669.07,No
4313-NXNNK,Female,0,No,No,9,Yes,Yes,Fiber optic,No,Yes,No,Yes,Yes,Yes,Month-to-month,No,Credit card (automatic),76.92,691.98,No
6100-CAHNY,Male,1,No,No,13,Yes,Yes,DSL,No,No,No,No,No,Yes,One year,Yes,Mailed check,65.05,834.0,No
7854-HUEAH,Male,0,Yes,No,3,Yes,No,No,No internet service,No internet service,No internet service,No internet service,No internet service,No internet service,Month-to-month,Yes,Electronic check,28.51,94.1,No
2307-ADIBY,Male,0,Yes,Yes,50,Yes,No,Fiber optic,No,Yes,No,Yes,No,No,Month-to-month,No,Bank transfer (automatic),90.21,4515.02,No
4792-RLHHF,Male,0,No,No,67,Yes,No,Fiber optic,Yes,No,No,Yes,No,Yes,Month-to-month,No,Electronic check,102.35,6862.64,No
8447-EXOLX,Female,0,Yes,No,7,Yes,No,Fiber optic,No,No,No,No,No,No,Two year,Yes,Credit card (automatic),104.76,742.07,Yes
3203-TDQQN,Female,0,No,No,1,Yes,No,Fiber optic,No,No,No,Yes,Yes,Yes,One year,No,Electronic check,99.74,88.2,No
2994-ODGFG,Female,0,No,Yes,26,Yes,Yes,Fiber optic,No,No,No,No,Yes,No,Month-to-month,Yes,Credit card (automatic),71.12,1851.79,Yes
2968-ZDFGI,Male,0,Yes,No,7,Yes,No,DSL,No,No,No,No,No,No,Month-to-month,No,Electronic check,69.13,486.23,Yes
7149-KKGZQ,Female,0,No,Yes,65,Yes,Yes,DSL,No,No,No,No,No,No,Month-to-month,Yes,Credit card (automatic),67.24,4376.87,No
6643-UAIOW,Male,1,No,No,29,Yes,No,DSL,Yes,No,No,No,No,Yes,Month-to-month,Yes,Electronic check,44.4,1298.84,Yes
3182-HPLJC,Female,0,Yes,Yes,57,Yes,No,DSL,No,Yes,No,No,Yes,No,Two year,No,Bank transfer (automatic),46.33,2656.8,No
7724-TRTJP,Female,0,Yes,No,70,No,No phone service,Fiber optic,No,No,No,No,No,No,Month-to-month,Yes,Mailed check,88.93,6209.96,No
6935-XPMME,Female,0,No,Yes,4,Yes,Yes,Fiber optic,Yes,Yes,No,No,Yes,Yes,Two year,Yes,Mailed check,103.76,399.81,No
4685-VTIUO,Male,1,Yes,Yes,2,Yes,No,DSL,No,No,No,Yes,No,No,Month-to-month,No,Credit card (automatic),60.6,105.76,No
6636-IHLHS,Female,0,No,No,50,Yes,Yes,No,No internet service,No internet service,No internet service,No internet service,No internet service,No internet service,Month-to-month,Yes,Credit card (automatic),24.54,1242.68,No
5929-HBWZF,Female,1,No,No,63,Yes,No,Fiber optic,No,No,Yes,No,Yes,No,Month-to-month,Yes,Bank transfer (automatic),114.23,7190.28,No
8552-TDSXZ,Male,0,Yes,No,71,Yes,No,Fiber optic,No,No,No,Yes,No,No,One year,Yes,Credit card (automatic),77.77,5528.37,No
9061-WMSEL,Female,1,Yes,No,71,Yes,Yes,No,No internet service,No internet service,No internet service,No internet service,No internet service,No internet service,Month-to-month,Yes,Bank transfer (automatic),28.59,2024.51,No
7268-NTODP,Male,1,No,No,62,Yes,Yes,No,No internet service,No internet service,No internet service,No internet service,No internet service,No internet service,One year,No,Mailed check,22.74,1408.91,No
5941-VGHXE,Female,0,Yes,Yes,10,Yes,No,DSL,No,No,Yes,No,No,No,Month-to-month,No,Credit card (automatic),54.64,551.27,No
6466-OZCTH,Male,0,No,No,2,Yes,No,Fiber optic,Yes,No,No,No,No,Yes,Month-to-month,Yes,Mailed check,76.68,150.26,No
9119-ZPNJB,Male,0,No,No,69,Yes,Yes,No,No internet service,No internet service,No internet service,No internet service,No internet service,No internet service,One year,No,Credit card (automatic),23.47,1603.05,No
2517-TODWX,Female,0,No,No,2,Yes,No,DSL,No,No,Yes,No,Yes,No,Month-to-month,Yes,Mailed check,49.79,102.67,No
1289-WSVUI,Male,0,Yes,Yes,54,Yes,No,DSL,Yes,No,No,No,No,Yes,Month-to-month,Yes,Bank transfer (automatic),61.53,3338.03,No
5185-SKUMV,Male,0,No,No,3,Yes,Yes,DSL,No,No,No,Yes,No,No,Month-to-month,Yes,Bank transfer (automatic),50.28,151.4,Yes
5875-RMGIF,Male,0,No,Yes,28,Yes,Yes,DSL,Yes,No,No,No,No,No,Month-to-month,Yes,Bank transfer (automatic),66.16,1868.81,No
6291-CELNJ,Male,0,No,No,1,Yes,Yes,No,No internet service,No internet service,No internet service,No internet service,No internet service,No internet service,Two year,Yes,Electronic check,25.91,29.09,No
5544-TMQHZ,Male,0,Yes,Yes,4,Yes,Yes,No,No internet service,No internet service,No internet service,No internet service,No internet service,No internet service,Month-to-month,No,Credit card (automatic),27.49,116.81,Yes
9084-MBJKP,Male,0,No,Yes,56,Yes,Yes,DSL,No,No,No,No,Yes,Yes,Two year,No,Credit card (automatic),63.1,3526.2,No
2932-VKLBU,Female,0,No,No,51,Yes,Yes,No,No internet service,No internet service,No internet service,No internet service,No internet service,No internet service,Two year,Yes,Bank transfer (automatic),20.4,1037.11,No
3649-NVDNX,Male,0,Yes,No,4,Yes,Yes,DSL,Yes,No,Yes,No,Yes,No,Month-to-month,No,Electronic check,55.92,227.99,No
3850-EGRHZ,Male,0,No,No,26,Yes,Yes,Fiber optic,No,No,Yes,No,Yes,No,Month-to-month,No,Bank transfer (automatic),103.89,2712.94,Yes
2126-RSKVR,Female,0,Yes,Yes,63,No,No phone service,DSL,Yes,Yes,No,No,No,Yes,Two year,No,Mailed check,53.86,3401.89,No
2695-NRRUT,Female,1,Yes,Yes,57,Yes,No,DSL,No,No,No,Yes,No,No,Two year,Yes,Electronic check,59.65,3406.27,No
6642-JEEHD,Female,0,No,No,13,Yes,No,DSL,Yes,No,No,Yes,Yes,Yes,Month-to-month,No,Credit card (automatic),62.56,831.29,No
7355-KFFLJ,Female,0,Yes,No,1,Yes,No,Fiber optic,Yes,No,Yes,No,Yes,Yes,Two year,Yes,Bank transfer (automatic),94.43,76.22,No
1613-QHZEV,Female,0,No,Yes,4,Yes,Yes,DSL,No,No,Yes,No,Yes,No,Two year,Yes,Credit card (automatic),62.62,266.16,No
6578-JDJMV,Female,0,No,No,58,Yes,No,No,No internet service,No internet service,No internet service,No internet service,No internet service,No internet service,Month-to-month,Yes,Bank transfer (automatic),19.09,1104.34,Yes
4715-QHVNT,Female,1,Yes,Yes,5,Yes,No,DSL,No,No,Yes,No,No,No,Two year,Yes,Electronic check,59.22,283.32,No
4148-TYWYZ,Male,1,Yes,No,0,Yes,No,Fiber optic,Yes,No,No,No,Yes,No,Month-to-month,No,Mailed check,72.77,0.0,No
7985-BNDWS,Male,0,No,Yes,63,Yes,No,No,No internet service,No internet service,No internet service,No internet service,No internet service,No internet service,One year,No,Credit card (automatic),26.76,1705.1,No
4966-WWCDG,Female,0,No,Yes,50,Yes,No,DSL,No,Yes,Yes,No,No,No,Month-to-month,Yes,Electronic check,55.12,2774.22,No
1642-IIYDX,Male,0,No,Yes,50,Yes,Yes,Fiber optic,No,Yes,No,No,No,Yes,Month-to-month,No,Electronic check,81.13,4076.04,No
2458-UZTXT,Male,0,No,Yes,3,Yes,No,Fiber optic,No,Yes,No,No,Yes,No,One year,No,Electronic check,107.41,326.26,No
8301-AQREG,Male,1,Yes,Yes,70,Yes,No,DSL,No,No,Yes,Yes,Yes,No,Month-to-month,Yes,Electronic check,53.34,3734.02,Yes
8120-AOBUS,Female,0,Yes,No,2,Yes,No,DSL,No,No,No,No,Yes,No,One year,Yes,Mailed check,61.24,129.41,No
8841-OUOFT,Female,0,No,Yes,2,Yes,Yes,Fiber optic,Yes,No,No,No,Yes,No,Two year,Yes,Bank transfer (automatic),96.26,185.72,No
7810-QFVAB,Male,0,No,Yes,10,No,No phone service,DSL,No,Yes,Yes,Yes,No,Yes,Month-to-month,Yes,Credit card (automatic),49.52,487.69,Yes
8521-MNVQI,Female,1,Yes,Yes,65,Yes,No,DSL,No,No,No,No,Yes,Yes,Month-to-month,No,Mailed check,55.07,3581.87,No
8805-ICYYG,Male,0,No,No,71,Yes,No,Fiber optic,No,Yes,Yes,Yes,No,Yes,One year,Yes,Mailed check,87.37,6218.01,No
2044-AMLSM,Male,0,No,No,2,Yes,Yes,No,No internet service,No internet service,No internet service,No internet service,No internet service,No internet service,Month-to-month,No,Mailed check,23.99,66.43,Yes
9452-NXRLB,Male,0,No,No,9,Yes,Yes,DSL,No,Yes,Yes,No,Yes,No,Two year,Yes,Electronic check,69.36,617.96,Yes
3018-ULZYF,Male,0,Yes,No,3,No,No phone service,Fiber optic,Yes,No,No,Yes,Yes,No,Month-to-month,No,Electronic check,90.28,286.8,Yes
9011-NRISY,Female,0,No,Yes,60,No,No phone service,No,No internet service,No internet service,No internet service,No internet service,No internet service,No internet service,One year,Yes,Bank transfer (automatic),21.35,1266.21,Yes
4601-USOGS,Female,1,No,Yes,10,Yes,Yes,DSL,No,Yes,Yes,No,No,No,Month-to-month,No,Electronic check,46.06,446.15,No
6817-BYOQK,Female,0,No,No,2,No,No phone service,Fiber optic,Yes,No,No,No,No,Yes,Month-to-month,Yes,Bank transfer (automatic),70.87,159.91,Yes
6050-RXPRQ,Male,0,No,No,51,Yes,No,DSL,No,Yes,Yes,No,Yes,No,Month-to-month,Yes,Bank transfer (automatic),44.55,2289.38,No
3254-GGLGT,Female,0,No,No,0,Yes,No,No,No internet service,No internet service,No internet service,No internet service,No internet service,No internet service,Month-to-month,Yes,Credit card (automatic),24.98,0.0,No
3361-FSRCE,Male,0,No,No,0,Yes,No,DSL,No,Yes,Yes,No,No,Yes,Month-to-month,No,Electronic check,41.17,16.5,Yes
2194-ZLEZN,Female,0,No,No,56,Yes,No,DSL,Yes,No,Yes,No,Yes,No,One year,Yes,Electronic check,55.21,3091.06,No
5723-YZFMX,Male,0,Yes,No,13,Yes,No,Fiber optic,No,Yes,No,No,Yes,No,Month-to-month,Yes,Electronic check,106.12,1393.07,Yes
3645-DQHCS,Male,0,Yes,Yes,64,Yes,Yes,No,No internet service,No internet service,No internet service,No internet service,No internet service,No internet service,Month-to-month,No,Credit card (automatic),28.52,1816.96,No
5678-GALDE,Male,1,No,Yes,0,Yes,No,Fiber optic,No,No,No,No,Yes,No,Month-to-month,Yes,Mailed check,103.31,8.22,Yes
5745-LFVDY,Female,0,Yes,No,3,No,No phone service,Fiber optic,Yes,No,No,No,No,Yes,Two year,Yes,Credit card (automatic),71.21,228.79,No
5116-MADHT,Female,0,Yes,Yes,2,Yes,Yes,No,No internet service,No internet service,No internet service,No internet service,No internet service,No internet service,One year,No,Electronic check,28.45,68.85,No
7291-HTPHS,Female,0,Yes,No,4,Yes,Yes,No,No internet service,No internet service,No internet service,No internet service,No internet service,No internet service,Month-to-month,No,Electronic check,28.41,107.79,No
4786-TQVYA,Female,0,Yes,No,55,Yes,Yes,Fiber optic,Yes,No,Yes,No,No,Yes,Two year,No,Bank transfer (automatic),102.51,5621.32,No
3927-FHEVH,Male,0,Yes,No,59,Yes,No,No,No internet service,No internet service,No internet service,No internet service,No internet service,No internet service,Two year,Yes,Electronic check,24.3,1447.77,No
5419-YPVAI,Female,0,Yes,Yes,0,Yes,Yes,No,No internet service,No internet service,No internet service,No internet service,No internet service,No internet service,Month-to-month,No,Credit card (automatic),28.17,0.0,No
5520-ECYIV,Female,0,No,No,70,Yes,No,Fiber optic,No,Yes,Yes,No,No,Yes,One year,Yes,Mailed check,109.51,7669.62,No
5512-QRZMD,Male,0,No,No,60,Yes,Yes,No,No internet service,No internet service,No internet service,No internet service,No internet service,No internet service,Month-to-month,Yes,Bank transfer (automatic),24.28,1437.41,No
8184-ZCJZP,Male,0,No,No,54,Yes,No,No,No internet service,No internet service,No internet service,No internet service,No internet service,No internet service,Two year,No,Mailed check,29.93,1634.97,No
9744-TQDLI,Male,0,Yes,Yes,2,Yes,No,Fiber optic,No,No,No,Yes,No,No,Month-to-month,Yes,Electronic check,103.29,192.07,No
5471-QLUQY,Female,1,No,Yes,23,No,No phone service,Fiber optic,No,No,Yes,No,Yes,No,Two year,No,Credit card (automatic),96.31,2221.05,No
6581-GTRCO,Male,0,No,No,51,Yes,No,DSL,No,No,No,Yes,No,Yes,Month-to-month,Yes,Credit card (automatic),61.51,3149.35,Yes
7693-ICPJL,Male,0,No,No,58,Yes,Yes,DSL,No,No,No,No,Yes,Yes,Month-to-month,No,Credit card (automatic),69.87,4036.81,No
9289-NSJSB,Male,0,Yes,No,2,Yes,No,Fiber optic,No,Yes,No,Yes,Yes,Yes,Two year,Yes,Electronic check,99.52,201.88,No
9278-XSUUG,Female,0,Yes,No,0,Yes,No,Fiber optic,No,No,No,Yes,No,No,Two year,No,Credit card (automatic),104.08,18.49,No
4079-VOEHB,Male,0,No,No,3,Yes,No,Fiber optic,No,Yes,Yes,No,No,No,One year,Yes,Electronic check,95.6,303.17,No
3853-EWMPF,Female,0,No,No,65,Yes,No,No,No internet service,No internet service,No internet service,No internet service,No internet service,No internet service,Two year,Yes,Mailed check,19.66,1268.85,No
4092-LNDSH,Female,0,No,Yes,62,Yes,Yes,Fiber optic,No,Yes,No,No,No,Yes,One year,No,Electronic check,96.97,6030.59,No
9986-RUPKC,Male,0,No,No,60,No,No phone service,DSL,Yes,Yes,No,No,No,Yes,One year,Yes,Mailed check,51.15,3087.56,No
3971-AWLVO,Male,0,Yes,Yes,55,Yes,Yes,Fiber optic,Yes,No,No,No,Yes,No,Month-to-month,No,Electronic check,111.97,6156.55,Yes
6976-CYUUV,Female,0,No,Yes,53,Yes,Yes,DSL,No,No,Yes,Yes,No,No,Month-to-month,No,Electronic check,65.26,3445.04,No
4410-CVUGZ,Male,1,Yes,Yes,60,Yes,No,Fiber optic,No,No,Yes,No,No,No,Month-to-month,Yes,Electronic check,90.17,5392.85,Yes
6952-CAEVR,Male,0,No,No,63,Yes,No,Fiber optic,No,No,No,Yes,Yes,Yes,One year,Yes,Credit card (automatic),110.83,6980.28,No
7709-BZRCN,Female,0,No,Yes,47,Yes,No,Fiber optic,Yes,No,No,No,Yes,No,Month-to-month,Yes,Bank transfer (automatic),91.86,4318.93,No
2209-VYCJU,Female,0,No,Yes,67,Yes,No,Fiber optic,No,No,No,Yes,No,No,Month-to-month,Yes,Electronic check,70.32,4701.81,No
1064-MHZEV,Male,0,Yes,No,14,Yes,No,DSL,No,No,No,No,Yes,No,Month-to-month,Yes,Mailed check,51.94,707.3,No
4851-JUCHS,Female,0,Yes,Yes,2,Yes,No,DSL,Yes,No,No,No,No,No,Two year,Yes,Credit card (automatic),59.11,103.66,Yes
3929-EVSGL,Male,0,No,No,62,No,No phone service,Fiber optic,No,No,No,No,No,No,Month-to-month,No,Bank transfer (automatic),88.34,5466.72,No
9516-JLAGI,Male,0,No,No,61,Yes,No,Fiber optic,No,No,No,Yes,Yes,No,Month-to-month,Yes,Bank transfer (automatic),87.17,5309.87,Yes
5665-TISOD,Male,0,No,No,11,No,No phone service,Fiber optic,Yes,No,Yes,Yes,No,No,Month-to-month,No,Credit card (automatic),97.83,1072.77,Yes
6439-ZYQOX,Female,0,No,Yes,65,Yes,No,DSL,No,No,No,No,No,No,Month-to-month,No,Bank transfer (automatic),57.94,3774.8,No
6513-XLMOO,Male,0,Yes,Yes,62,Yes,Yes,No,No internet service,No internet service,No internet service,No internet service,No internet service,No internet service,Month-to-month,No,Mailed check,21.66,1354.23,No
1394-RIOZE,Male,1,No,No,4,Yes,No,No,No internet service,No internet service,No internet service,No internet service,No internet service,No internet service,Month-to-month,No,Mailed check,25.81,97.25,No
3752-NQECQ,Male,0,No,No,65,Yes,No,DSL,No,Yes,Yes,No,No,Yes,Month-to-month,No,Electronic check,52.01,3397.46,Yes
9819-PSZVV,Female,1,No,Yes,58,Yes,No,Fiber optic,Yes,Yes,Yes,Yes,No,No,Two year,No,Electronic check,91.36,5285.9,No
3212-WXTDA,Female,0,Yes,No,65,Yes,No,DSL,No,No,Yes,Yes,No,Yes,One year,No,Mailed check,59.2,3840.91,No
1987-TJXZT,Female,0,No,No,2,Yes,No,Fiber optic,No,No,Yes,Yes,No,Yes,Month-to-month,Yes,Mailed check,97.76,181.19,Yes
8126-TMJWF,Female,1,Yes,Yes,26,Yes,Yes,Fiber optic,No,Yes,No,Yes,Yes,No,One year,Yes,Bank transfer (automatic),93.4,2435.3,No
9614-RUOZN,Female,0,No,No,67,Yes,No,Fiber optic,No,No,Yes,No,Yes,Yes,One year,Yes,Mailed check,85.87,5742.03,No
9648-SUNDS,Male,1,No,Yes,53,Yes,No,DSL,No,No,Yes,No,No,No,One year,No,Bank transfer (automatic),64.6,3431.04,No
3540-TSYWA,Female,0,Yes,No,71,Yes,Yes,No,No internet service,No internet service,No internet service,No internet service,No internet service,No internet service,Month-to-month,Yes,Electronic check,20.79,1457.73,No
9791-MGAJS,Female,0,Yes,No,13,Yes,No,DSL,Yes,Yes,No,No,Yes,No,Month-to-month,No,Electronic check,59.13,756.98,Yes
8897-ZIGCL,Female,1,No,Yes,60,No,No phone service,No,No internet service,No internet service,No internet service,No internet service,No internet service,No internet service,One year,Yes,Credit card (automatic),23.32,1398.48,No
7962-APUIR,Male,0,No,No,1,Yes,Yes,DSL,Yes,No,Yes,Yes,Yes,No,Month-to-month,Yes,Electronic check,69.09,80.14,Yes
1460-DCSZH,Female,1,Yes,No,65,Yes,Yes,DSL,No,No,No,No,No,No,Month-to-month,No,Bank transfer (automatic),50.77,3286.4,No
2161-HQTXA,Female,1,Yes,No,9,No,No phone service,Fiber optic,No,Yes,No,No,Yes,No,Month-to-month,Yes,Mailed check,111.52,992.23,No
8469-DDVZO,Male,0,No,No,62,Yes,Yes,No,No internet service,No internet service,No internet service,No internet service,No internet service,No internet service,Two year,Yes,Electronic check,23.07,1434.72,No
8505-DRIAY,Female,0,No,No,5,No,No phone service,Fiber optic,Yes,No,No,No,No,Yes,Month-to-month,Yes,Electronic check,91.65,470.9,Yes
6807-VZWME,Male,0,Yes,No,65,Yes,Yes,DSL,No,No,No,Yes,Yes,Yes,Month-to-month,Yes,Electronic check,68.66,4465.36,No
5932-IOJEX,Male,0,No,Yes,15,Yes,No,No,No internet service,No internet service,No internet service,No internet service,No internet service,No internet service,Two year,Yes,Electronic check,23.05,350.37,No
3579-UMWLQ,Male,0,Yes,Yes,71,Yes,No,Fiber optic,No,No,No,No,No,Yes,Two year,Yes,Mailed check,95.4,6792.62,No
7615-QAEHE,Male,0,Yes,No,64,Yes,Yes,DSL,No,Yes,No,No,No,No,Month-to-month,No,Bank transfer (automatic),59.16,3798.0,Yes
3247-QWUAX,Male,0,Yes,No,10,Yes,No,Fiber optic,No,Yes,No,No,No,No,Month-to-month,Yes,Bank transfer (automatic),101.47,1013.06,Yes
6034-TVTFK,Female,0,No,Yes,0,Yes,No,Fiber optic,Yes,No,No,No,No,No,One year,Yes,Mailed check,99.16,0.0,Yes
8717-JLGZP,Male,1,Yes,No,2,Yes,No,Fiber optic,No,No,Yes,No,Yes,Yes,Month-to-month,Yes,Credit card (automatic),96.1,207.49,No
8142-XHTQR,Male,0,No,No,2,Yes,Yes,Fiber optic,No,No,No,No,No,No,One year,Yes,Credit card (automatic),86.84,186.08,Yes
7068-NWMCB,Female,0,Yes,No,56,Yes,No,No,No internet service,No internet service,No internet service,No internet service,No internet service,No internet service,Two year,Yes,Electronic check,25.05,1399.89,No
5738-KAPGW,Male,0,No,Yes,8,Yes,Yes,No,No internet service,No internet service,No internet service,No internet service,No internet service,No internet service,Month-to-month,Yes,Bank transfer (automatic),26.58,224.69,No
7053-JPGWG,Female,0,No,No,57,Yes,No,Fiber optic,No,Yes,No,No,No,Yes,Month-to-month,Yes,Electronic check,71.53,4086.31,No
1574-GIFAT,Female,0,No,No,5,Yes,Yes,DSL,Yes,No,Yes,No,No,No,Month-to-month,Yes,Bank transfer (automatic),60.79,291.93,No
2609-RCMZJ,Female,0,No,No,52,Yes,No,Fiber optic,No,No,Yes,Yes,Yes,No,One year,Yes,Mailed check,78.55,4071.63,No
7672-XYKNV,Male,1,No,Yes,70,Yes,Yes,No,No internet service,No internet service,No internet service,No internet service,No internet service,No internet service,Month-to-month,Yes,Mailed check,27.06,1905.46,No
4600-YDIWD,Male,0,No,No,1,Yes,No,DSL,No,Yes,No,No,Yes,No,Month-to-month,No,Bank transfer (automatic),63.2,65.61,No
1208-VGHIL,Male,0,Yes,No,54,Yes,Yes,Fiber optic,Yes,Yes,Yes,No,Yes,Yes,Month-to-month,No,Electronic check,86.24,4654.8,No
5480-CTPCI,Female,1,Yes,No,2,Yes,No,Fiber optic,No,Yes,No,Yes,Yes,No,Month-to-month,No,Mailed check,82.82,160.44,No
5433-XRGSZ,Male,1,No,Yes,1,Yes,No,Fiber optic,No,No,No,No,Yes,Yes,Month-to-month,Yes,Electronic check,91.79,100.54,Yes
5867-YXZRX,Male,0,Yes,No,0,Yes,Yes,No,No internet service,No internet service,No internet service,No internet service,No internet service,No internet service,Month-to-month,No,Electronic check,18.84,0.0,No
9540-PPIUE,Male,0,Yes,Yes,60,Yes,No,Fiber optic,Yes,No,Yes,No,No,No,One year,Yes,Bank transfer (automatic),94.89,5673.88,No
8051-FVIXJ,Female,0,No,Yes,56,Yes,Yes,Fiber optic,Yes,No,Yes,No,No,No,Month-to-month,Yes,Credit card (automatic),98.78,5524.18,No
3235-NKRXQ,Female,0,Yes,Yes,63,Yes,No,DSL,No,Yes,No,No,Yes,No,Month-to-month,Yes,Mailed check,67.08,4242.25,No
8426-NAEKF,Male,0,No,Yes,1,No,No phone service,No,No internet service,No internet service,No internet service,No internet service,No internet service,No internet service,Two year,No,Bank transfer (automatic),19.46,14.22,No
4996-YPBDA,Male,0,Yes,No,58,Yes,No,DSL,Yes,No,Yes,No,No,Yes,One year,Yes,Bank transfer (automatic),69.32,4002.19,No
1537-FGMEW,Male,1,No,Yes,59,Yes,Yes,No,No internet service,No internet service,No internet service,No internet service,No internet service,No internet service,Two year,No,Credit card (automatic),28.2,1673.0,Yes
7306-LSLWM,Male,0,No,No,0,Yes,Yes,DSL,No,Yes,No,No,No,No,Month-to-month,Yes,Credit card (automatic),47.37,0.0,Yes
1199-KMYBW,Female,0,No,No,0,Yes,Yes,DSL,Yes,No,No,No,Yes,No,Month-to-month,Yes,Credit card (automatic),68.39,0.0,Yes
9849-CLGEH,Female,0,Yes,No,5,Yes,No,Fiber optic,No,No,Yes,No,Yes,Yes,One year,No,Credit card (automatic),70.6,364.95,No
2336-IWXBF,Female,0,No,No,6,Yes,No,Fiber optic,No,Yes,No,No,No,Yes,Two year,Yes,Electronic check,95.93,555.83,Yes
2775-AMOCV,Female,0,No,No,54,No,No phone service,Fiber optic,No,No,No,Yes,No,No,Two year,No,Electronic check,85.0,4576.39,No
5852-KPVVN,Male,0,No,No,6,Yes,No,Fiber optic,No,Yes,Yes,No,No,Yes,Two year,No,Bank transfer (automatic),104.9,617.32,No
8050-RRQYM,Male,0,No,No,15,Yes,No,Fiber optic,Yes,Yes,No,Yes,No,No,Month-to-month,Yes,Credit card (automatic),76.17,1150.1,No
7823-DWUNH,Male,0,Yes,No,8,Yes,No,No,No internet service,No internet service,No internet service,No internet service,No internet service,No internet service,Two year,Yes,Electronic check,29.2,218.08,No
7628-GPEAN,Female,0,No,No,1,Yes,Yes,No,No internet service,No internet service,No internet service,No internet service,No internet service,No internet service,Two year,No,Electronic check,18.37,26.56,No
1395-QLQEW,Male,0,No,No,14,Yes,No,DSL,No,Yes,No,No,Yes,No,Month-to-month,No,Electronic check,48.09,665.94,No
5133-HCSGP,Female,0,Yes,No,59,Yes,Yes,Fiber optic,No,No,No,No,Yes,No,Month-to-month,Yes,Credit card (automatic),72.04,4250.87,No
7325-OUPNB,Female,0,No,No,8,Yes,No,Fiber optic,No,No,No,No,No,No,Month-to-month,Yes,Bank transfer (automatic),85.47,696.41,No
4799-LURYS,Male,0,No,Yes,58,Yes,No,Fiber optic,No,No,No,Yes,Yes,Yes,Month-to-month,No,Bank transfer (automatic),111.96,6491.36,Yes
5624-CPHDH,Male,1,No,Yes,53,Yes,No,DSL,No,No,No,No,Yes,No,Month-to-month,Yes,Electronic check,68.77,3630.96,No
9185-EAJTL,Male,0,Yes,No,1,Yes,Yes,Fiber optic,No,No,Yes,No,No,No,Two year,Yes,Mailed check,76.45,61.92,No
6094-BXQIP,Female,0,No,Yes,69,Yes,Yes,Fiber optic,No,No,No,No,No,Yes,Two year,Yes,Electronic check,105.36,7265.22,No
7270-ECDEV,Male,1,No,No,50,Yes,No,DSL,No,No,No,No,No,Yes,Two year,No,Electronic check,68.37,3404.67,No
8507-KIUZF,Female,1,No,Yes,57,Yes,No,Fiber optic,No,No,No,No,No,No,Month-to-month,No,Credit card (automatic),76.64,4373.7,Yes
5228-FAHSV,Male,0,No,No,64,No,No phone service,DSL,Yes,No,No,No,Yes,No,Month-to-month,Yes,Bank transfer (automatic),66.65,4269.45,No
8486-HZEDI,Female,0,No,No,62,Yes,No,No,No internet service,No internet service,No internet service,No internet service,No internet service,No internet service,One year,No,Mailed check,20.92,1305.5,No
5908-TUCTJ,Female,0,No,Yes,64,Yes,Yes,No,No internet service,No internet service,No internet service,No internet service,No internet service,No internet service,Month-to-month,Yes,Credit card (automatic),25.4,1629.77,No
9170-MIZKQ,Male,0,No,No,63,Yes,Yes,DSL,No,Yes,Yes,No,No,No,Month-to-month,Yes,Mailed check,41.52,2610.12,No
9606-XLHQI,Female,0,Yes,No,8,Yes,Yes,Fiber optic,No,No,Yes,Yes,No,Yes,One year,Yes,Electronic check,91.94,739.39,Yes
5916-XAYKR,Female,0,Yes,No,57,Yes,Yes,Fiber optic,No,Yes,No,No,No,No,Month-to-month,Yes,Credit card (automatic),81.99,4688.02,Yes
2904-NWYHG,Male,0,Yes,No,8,Yes,Yes,Fiber optic,No,No,Yes,No,No,Yes,Month-to-month,No,Electronic check,93.36,728.57,No
4861-WSTVJ,Female,0,Yes,Yes,7,Yes,Yes,Fiber optic,Yes,No,No,No,No,Yes,Month-to-month,No,Credit card (automatic),86.64,590.15,No
3783-FFMNF,Male,0,Yes,No,3,No,No phone service,Fiber optic,No,Yes,No,No,Yes,Yes,Two year,No,Bank transfer (automatic),106.66,339.11,No
2523-QHNLF,Female,0,Yes,Yes,67,Yes,Yes,No,No internet service,No internet service,No internet service,No internet service,No internet service,No internet service,Month-to-month,Yes,Bank transfer (automatic),22.35,1508.17,No
7259-BMAKV,Male,0,No,No,27,Yes,Yes,Fiber optic,No,No,Yes,No,No,No,Month-to-month,No,Electronic check,107.37,2881.88,No
8010-MFDHC,Male,0,Yes,No,52,Yes,No,DSL,No,Yes,No,No,No,No,Two year,Yes,Mailed check,56.91,2976.92,No
4549-QYVRL,Female,0,Yes,No,55,Yes,Yes,DSL,Yes,Yes,Yes,No,No,Yes,Month-to-month,No,Mailed check,64.88,3586.09,No
5036-HSNCJ,Female,0,Yes,No,52,Yes,Yes,No,No internet service,No internet service,No internet service,No internet service,No internet service,No internet service,Month-to-month,Yes,Credit card (automatic),22.22,1162.57,Yes
1674-QMCIT,Female,0,No,No,2,Yes,Yes,DSL,No,No,No,No,Yes,Yes,One year,No,Electronic check,47.11,110.98,No
7626-RIFRO,Female,1,Yes,Yes,26,Yes,No,Fiber optic,Yes,No,Yes,Yes,No,No,Month-to-month,No,Bank transfer (automatic),78.13,2025.05,No
7294-ABUGO,Female,0,Yes,No,11,Yes,No,Fiber optic,No,No,No,No,No,No,Month-to-month,Yes,Mailed check,88.07,964.92,Yes
4185-LQQWD,Male,0,Yes,No,2,Yes,No,DSL,No,No,Yes,No,Yes,Yes,Two year,Yes,Credit card (automatic),62.46,122.57,Yes
6321-XSABG,Female,1,No,Yes,66,Yes,Yes,Fiber optic,No,No,Yes,No,No,No,Month-to-month,Yes,Credit card (automatic),92.85,6144.73,Yes
4974-KWDNX,Male,0,No,No,71,Yes,No,No,No internet service,No internet service,No internet service,No internet service,No internet service,No internet service,One year,No,Mailed check,24.28,1741.52,No
3808-JNGEG,Male,0,No,No,0,Yes,Yes,DSL,Yes,Yes,No,No,No,No,Month-to-month,No,Electronic check,64.34,3.81,No
9781-GCKDS,Female,1,Yes,Yes,68,No,No phone service,DSL,No,No,No,Yes,No,No,Month-to-month,No,Electronic check,43.86,2998.7,No
5823-DORJU,Male,0,No,No,54,No,No phone service,No,No internet service,No internet service,No internet service,No internet service,No internet service,No internet service,Month-to-month,No,Bank transfer (automatic),24.18,1319.97,No
9762-JPTBI,Male,0,No,No,60,Yes,No,Fiber optic,Yes,No,Yes,No,No,Yes,Month-to-month,Yes,Credit card (automatic),85.69,5138.37,Yes
7553-LVDVZ,Male,0,Yes,Yes,4,Yes,Yes,Fiber optic,Yes,No,No,No,Yes,Yes,Month-to-month,Yes,Mailed check,89.44,365.87,No
3304-GKDNU,Male,0,Yes,No,3,Yes,No,Fiber optic,No,Yes,No,No,No,Yes,Month-to-month,Yes,Mailed check,80.81,229.8,No
3462-DMEFK,Female,0,Yes,No,4,Yes,Yes,Fiber optic,Yes,No,Yes,Yes,Yes,No,Month-to-month,Yes,Electronic check,112.0,433.95,No
6561-OGHIB,Male,0,No,No,0,Yes,Yes,DSL,Yes,Yes,No,Yes,Yes,Yes,One year,Yes,Bank transfer (automatic),52.06,7.15,No
8478-GLQXH,Female,0,Yes,No,59,Yes,Yes,Fiber optic,No,Yes,Yes,Yes,No,No,Month-to-month,No,Electronic check,81.87,4827.78,No
1838-PMRCB,Female,0,Yes,No,14,Yes,No,DSL,Yes,Yes,No,No,No,No,Month-to-month,Yes,Bank transfer (automatic),64.7,913.65,Yes
2258-CFKLL,Male,0,No,No,55,Yes,Yes,Fiber optic,No,No,Yes,Yes,No,No,One year,Yes,Bank transfer (automatic),77.37,4267.12,Yes
3449-XSCHQ,Female,0,No,Yes,3,Yes,No,Fiber optic,Yes,No,No,No,Yes,No,Month-to-month,Yes,Credit card (automatic),102.85,305.32,Yes
9979-IEBEL,Female,0,No,No,63,Yes,Yes,No,No internet service,No internet service,No internet service,No internet service,No internet service,No internet service,Two year,No,Bank transfer (automatic),23.65,1508.01,No
9395-PDQGO,Female,0,No,Yes,12,Yes,No,No,No internet service,No internet service,No internet service,No internet service,No internet service,No internet service,One year,Yes,Electronic check,18.3,236.2,No
8806-CDYZQ,Male,0,No,No,8,Yes,Yes,No,No internet service,No internet service,No internet service,No internet service,No internet service,No internet service,Two year,No,Bank transfer (automatic),24.15,177.09,No
4510-IUTQA,Female,0,No,No,20,Yes,Yes,Fiber optic,No,No,No,No,Yes,No,Month-to-month,Yes,Credit card (automatic),76.5,1515.41,No
7699-GDVDY,Female,0,Yes,Yes,59,Yes,No,DSL,No,No,Yes,No,Yes,No,Two year,No,Credit card (automatic),59.09,3471.59,No
3218-YQYSI,Female,0,Yes,No,1,Yes,No,Fiber optic,No,No,Yes,No,No,No,One year,No,Electronic check,71.53,72.66,No
1345-UPLOZ,Male,1,No,No,5,Yes,Yes,Fiber optic,No,No,No,No,No,No,One year,Yes,Electronic check,87.94,438.49,No
9084-ERTEF,Female,0,No,Yes,68,Yes,No,Fiber optic,Yes,No,Yes,Yes,No,No,Two year,No,Credit card (automatic),108.42,7387.91,No
3292-YXSWY,Male,0,No,Yes,55,No,No phone service,DSL,No,No,No,No,No,No,One year,Yes,Bank transfer (automatic),58.03,3186.41,No
7549-ZKWPV,Male,0,Yes,No,65,No,No phone service,No,No internet service,No internet service,No internet service,No internet service,No internet service,No internet service,Two year,Yes,Credit card (automatic),23.32,1514.04,No
9758-QZSFW,Male,1,Yes,Yes,0,Yes,No,DSL,No,No,No,No,Yes,No,Month-to-month,No,Credit card (automatic),54.46,15.19,Yes
5642-SFOBV,Male,0,Yes,No,7,Yes,Yes,Fiber optic,No,Yes,No,No,No,No,One year,No,Mailed check,91.47,642.38,No
3802-DCSBZ,Male,0,No,No,53,Yes,No,Fiber optic,No,No,No,No,No,No,Month-to-month,Yes,Credit card (automatic),107.81,5717.96,Yes
3731-NFEFB,Male,0,No,No,4,Yes,Yes,Fiber optic,Yes,No,No,No,Yes,Yes,Month-to-month,Yes,Electronic check,92.78,355.82,Yes
6580-MWVCU,Female,0,No,Yes,14,Yes,Yes,Fiber optic,No,No,Yes,Yes,No,Yes,One year,Yes,Electronic check,96.69,1334.92,No
7738-JMJLK,Male,0,No,No,10,Yes,No,DSL,No,No,Yes,No,No,Yes,Two year,No,Mailed check,58.2,593.55,No
1560-XMUQM,Female,0,Yes,Yes,2,Yes,Yes,No,No internet service,No internet service,No internet service,No internet service,No internet service,No internet service,Two year,No,Electronic check,22.74,37.06,No
5417-SHFBB,Female,1,Yes,No,62,Yes,Yes,No,No internet service,No internet service,No internet service,No internet service,No internet service,No internet service,One year,Yes,Electronic check,28.65,1776.36,No
2367-WURZV,Male,0,Yes,No,7,No,No phone service,Fiber optic,No,No,Yes,Yes,No,No,One year,Yes,Bank transfer (automatic),96.44,688.96,No
2744-HSRWT,Female,0,No,No,6,Yes,No,DSL,Yes,No,No,Yes,No,No,Month-to-month,No,Mailed check,57.82,343.14,Yes
3515-GTNCU,Female,1,Yes,No,39,Yes,Yes,DSL,Yes,Yes,No,No,No,Yes,Month-to-month,No,Bank transfer (automatic),63.36,2488.31,No
3766-NTEEX,Female,0,No,No,30,Yes,Yes,DSL,No,Yes,No,No,No,Yes,Month-to-month,No,Bank transfer (automatic),66.46,2000.83,No
5183-WQBWF,Female,0,No,No,6,Yes,Yes,Fiber optic,No,Yes,No,No,Yes,No,Month-to-month,No,Electronic check,91.1,529.0,No
6297-NKYNX,Male,0,Yes,Yes,60,Yes,Yes,Fiber optic,No,No,Yes,No,No,Yes,One year,No,Credit card (automatic),109.99,6584.3,No
5243-BFROV,Female,0,Yes,No,6,No,No phone service,Fiber optic,No,No,No,No,Yes,No,Two year,Yes,Electronic check,91.48,561.42,Yes
6747-ITHLG,Male,0,Yes,Yes,57,Yes,Yes,Fiber optic,No,Yes,No,No,No,No,Month-to-month,No,Electronic check,75.68,4333.41,No
4323-YVZOW,Female,0,No,No,0,Yes,No,No,No internet service,No internet service,No internet service,No internet service,No internet service,No internet service,Month-to-month,No,Electronic check,23.23,0.0,Yes
7525-RRYZV,Female,0,Yes,No,8,No,No phone service,DSL,No,No,Yes,No,No,No,Month-to-month,No,Mailed check,52.96,425.93,No
6267-UHQXY,Male,0,Yes,No,66,Yes,Yes,Fiber optic,No,Yes,No,Yes,Yes,No,Month-to-month,Yes,Electronic check,108.64,7167.35,Yes
5894-RJPTK,Female,0,No,No,0,Yes,No,Fiber optic,No,Yes,Yes,Yes,No,Yes,Month-to-month,No,Bank transfer (automatic),84.41,0.0,No
5162-HIWSV,Female,0,No,Yes,3,Yes,No,No,No internet service,No internet service,No internet service,No internet service,No internet service,No internet service,Month-to-month,No,Electronic check,18.13,63.78,Yes
4790-SDNVF,Female,0,No,No,51,Yes,No,Fiber optic,Yes,No,Yes,No,Yes,Yes,Month-to-month,No,Credit card (automatic),110.16,5598.87,No
3715-KEPSF,Male,0,No,Yes,2,Yes,No,Fiber optic,No,No,No,Yes,No,No,Two year,Yes,Bank transfer (automatic),75.96,159.21,No
7098-NIGAR,Female,0,No,Yes,2,Yes,No,Fiber optic,No,No,No,No,No,No,Month-to-month,Yes,Credit card (automatic),77.04,139.02,Yes
5142-MDATN,Male,0,No,Yes,62,Yes,No,No,No internet service,No internet service,No internet service,No internet service,No internet service,No internet service,Two year,No,Mailed check,19.79,1222.81,No
6146-XDXTI,Female,1,Yes,No,3,Yes,No,No,No internet service,No internet service,No internet service,No internet service,No internet service,No internet service,One year,No,Mailed check,21.68,60.37,No
3260-VUGCN,Male,0,Yes,No,62,No,No phone service,DSL,No,No,No,No,Yes,Yes,Month-to-month,No,Credit card (automatic),67.47,4175.92,Yes
9443-TAHZQ,Male,0,No,No,3,Yes,Yes,Fiber optic,Yes,Yes,Yes,No,No,No,Two year,No,Electronic check,94.73,302.28,No
2980-GOEZP,Female,0,No,Yes,67,Yes,No,No,No internet service,No internet service,No internet service,No internet service,No internet service,No internet service,One year,Yes,Bank transfer (automatic),27.56,1852.58,No
3184-FHFRV,Female,0,No,No,8,Yes,Yes,Fiber optic,No,No,No,No,Yes,No,Month-to-month,No,Electronic check,109.81,874.26,No
8102-OLLYE,Male,0,No,No,1,Yes,Yes,Fiber optic,No,No,Yes,No,No,Yes,Month-to-month,No,Credit card (automatic),72.79,57.48,Yes
2304-GJHRI,Male,0,No,No,2,Yes,No,DSL,No,No,No,No,No,No,One year,Yes,Bank transfer (automatic),61.41,106.89,No
6726-WWICI,Female,0,Yes,Yes,52,Yes,Yes,Fiber optic,No,Yes,Yes,No,Yes,No,Month-to-month,Yes,Electronic check,79.68,4151.26,Yes
4137-FHLXV,Male,0,Yes,No,1,Yes,Yes,Fiber optic,No,No,No,Yes,No,No,Month-to-month,Yes,Electronic check,99.88,86.75,No
7799-NLFLC,Female,1,Yes,No,67,Yes,Yes,Fiber optic,No,Yes,No,No,No,Yes,Month-to-month,Yes,Credit card (automatic),95.58,6411.23,Yes
6274-MFBXE,Female,0,No,Yes,56,Yes,Yes,No,No internet service,No internet service,No internet service,No internet service,No internet service,No internet service,Month-to-month,Yes,Electronic check,25.82,1464.18,No
5816-NQNMS,Female,0,Yes,No,2,Yes,Yes,DSL,Yes,No,No,No,Yes,No,Two year,Yes,Electronic check,47.47,104.63,Yes
2652-LTGAT,Female,0,Yes,Yes,51,Yes,No,Fiber optic,No,No,Yes,Yes,Yes,No,Two year,Yes,Mailed check,91.3,4654.54,No
3265-NDCBX,Male,0,Yes,No,2,Yes,Yes,No,No internet service,No internet service,No internet service,No internet service,No internet service,No internet service,One year,No,Credit card (automatic),24.51,55.18,No
9211-BEYLC,Female,0,Yes,Yes,52,Yes,No,Fiber optic,No,No,Yes,No,No,No,Month-to-month,Yes,Electronic check,105.62,5477.94,Yes
2612-NDZYL,Male,0,Yes,Yes,56,No,No phone service,Fiber optic,Yes,No,Yes,No,Yes,No,Two year,No,Credit card (automatic),83.39,4665.73,No
3385-DFRTV,Female,0,Yes,No,52,Yes,No,DSL,No,No,No,Yes,No,No,One year,No,Mailed check,51.18,2662.72,No
3207-RYDOZ,Male,0,No,No,0,No,No phone service,Fiber optic,No,No,No,Yes,Yes,Yes,Two year,No,Electronic check,79.2,0.0,No
7616-GUDJN,Female,0,Yes,No,6,Yes,No,No,No internet service,No internet service,No internet service,No internet service,No internet service,No internet service,Month-to-month,Yes,Bank transfer (automatic),19.46,119.36,No
6418-OBQVS,Male,0,Yes,No,50,Yes,Yes,No,No internet service,No internet service,No internet service,No internet service,No internet service,No internet service,Month-to-month,Yes,Mailed check,19.88,980.62,No
5138-GPSTB,Male,0,No,No,7,Yes,No,Fiber optic,Yes,No,Yes,No,No,No,Two year,No,Mailed check,77.32,552.78,No
9674-QDJRP,Female,0,No,No,64,No,No phone service,Fiber optic,No,No,No,No,No,No,Month-to-month,Yes,Bank transfer (automatic),86.23,5513.46,No
4448-ILNFO,Female,1,Yes,No,1,Yes,No,DSL,No,No,No,No,Yes,Yes,One year,Yes,Bank transfer (automatic),48.94,37.83,No
1122-OAWXX,Female,0,Yes,No,62,Yes,No,Fiber optic,No,Yes,Yes,No,No,No,One year,No,Bank transfer (automatic),70.27,4356.53,No
9474-KGXWC,Female,0,No,No,70,Yes,No,DSL,No,No,Yes,No,No,No,Month-to-month,No,Electronic check,43.04,3016.92,No
2265-SAQHK,Male,0,Yes,No,15,Yes,No,No,No internet service,No internet service,No internet service,No internet service,No internet service,No internet service,Two year,No,Bank transfer (automatic),22.94,344.32,No
4297-XCOFF,Female,0,Yes,Yes,0,Yes,Yes,Fiber optic,No,No,No,No,No,No,Month-to-month,No,Credit card (automatic),94.53,0.0,No
2074-JWSEW,Male,1,Yes,No,50,Yes,No,Fiber optic,Yes,No,Yes,Yes,Yes,No,One year,No,Credit card (automatic),107.81,5383.8,No
7205-AJPZI,Male,0,Yes,Yes,1,Yes,No,DSL,No,No,No,No,Yes,No,Two year,No,Mailed check,50.23,38.75,No
8900-GLHSQ,Female,0,No,No,5,Yes,No,Fiber optic,No,Yes,Yes,No,No,No,Two year,No,Electronic check,111.5,569.46,No
8668-SAJWX,Male,0,No,No,59,Yes,Yes,Fiber optic,No,No,No,No,No,No,Two year,Yes,Electronic check,85.14,5041.87,No
8399-QVHJJ,Male,0,No,No,67,Yes,Yes,DSL,No,No,Yes,No,Yes,No,Month-to-month,Yes,Credit card (automatic),40.59,2726.26,No
9985-JQHYM,Male,0,No,Yes,60,Yes,Yes,Fiber optic,Yes,No,No,No,No,No,One year,Yes,Electronic check,73.51,4427.66,No
6578-OVRCQ,Male,0,Yes,No,23,Yes,No,Fiber optic,Yes,No,No,No,Yes,Yes,One year,No,Electronic check,88.1,2038.7,No
2531-VHMSY,Female,0,No,Yes,53,Yes,No,Fiber optic,No,No,Yes,Yes,No,No,Month-to-month,No,Credit card (automatic),104.99,5546.65,Yes
7916-VRPFS,Female,0,Yes,No,50,Yes,Yes,DSL,No,No,No,Yes,Yes,No,Month-to-month,No,Bank transfer (automatic),67.35,3380.81,No
5974-QRFIS,Female,0,Yes,No,18,Yes,Yes,No,No internet service,No internet service,No internet service,No internet service,No internet service,No internet service,One year,No,Mailed check,21.31,391.92,No
9172-DGEHQ,Female,1,No,Yes,0,Yes,No,DSL,No,No,Yes,No,No,No,Month-to-month,Yes,Bank transfer (automatic),41.49,0.0,Yes
9350-XIYWL,Male,0,No,No,16,Yes,No,Fiber optic,No,Yes,No,Yes,Yes,No,Two year,No,Electronic check,70.31,1117.82,No
1242-MPSRD,Male,0,Yes,Yes,68,Yes,Yes,Fiber optic,No,No,No,No,Yes,Yes,Month-to-month,No,Credit card (automatic),81.99,5585.76,Yes
3368-WAUBG,Female,0,No,No,8,Yes,No,Fiber optic,No,No,No,No,No,No,Month-to-month,No,Credit card (automatic),110.6,902.01,No
1335-RTZIX,Female,0,Yes,No,51,Yes,No,Fiber optic,No,Yes,No,No,No,No,Month-to-month,No,Credit card (automatic),76.19,3874.05,Yes
2318-IYJXV,Female,0,Yes,Yes,12,Yes,Yes,DSL,No,No,No,No,No,Yes,Two year,Yes,Bank transfer (automatic),40.49,496.67,No
7425-WZRKD,Male,0,Yes,Yes,19,Yes,Yes,No,No internet service,No internet service,No internet service,No internet service,No internet service,No internet service,Two year,Yes,Electronic check,27.92,540.01,No
2848-QWGWK,Female,0,No,No,3,Yes,No,DSL,No,No,No,Yes,Yes,No,Month-to-month,No,Bank transfer (automatic),51.19,164.99,No
7705-SWSOA,Female,1,No,No,14,Yes,Yes,DSL,No,Yes,No,Yes,No,No,Two year,No,Mailed check,44.47,622.5,No
5100-VYJJF,Female,0,No,Yes,61,No,No phone service,Fiber optic,Yes,No,Yes,No,No,No,One year,Yes,Mailed check,83.88,5098.16,No
2666-IXIQC,Male,0,Yes,Yes,58,Yes,No,No,No internet service,No internet service,No internet service,No internet service,No internet service,No internet service,One year,Yes,Electronic check,29.03,1669.09,No
6751-HQFXT,Male,0,Yes,No,59,Yes,Yes,DSL,Yes,No,No,No,No,No,Two year,No,Credit card (automatic),46.65,2749.29,No
6541-GSCSM,Male,0,No,Yes,60,No,No phone service,Fiber optic,Yes,No,No,No,Yes,No,Month-to-month,No,Credit card (automatic),105.72,6352.09,No
1932-KONQC,Male,0,Yes,No,69,Yes,No,Fiber optic,No,No,Yes,No,Yes,Yes,Month-to-month,No,Electronic check,80.04,5535.97,No
1451-YYZQP,Male,0,Yes,No,1,Yes,No,DSL,No,Yes,Yes,Yes,No,Yes,Month-to-month,Yes,Credit card (automatic),46.37,58.05,No
4228-TJDEU,Male,0,No,Yes,4,Yes,Yes,Fiber optic,No,No,No,No,No,No,Month-to-month,Yes,Electronic check,96.67,394.51,No
9341-UPEOE,Male,1,No,No,4,Yes,No,Fiber optic,No,Yes,No,No,Yes,No,Month-to-month,Yes,Credit card (automatic),76.35,318.44,Yes
7732-IXOMU,Male,0,Yes,No,6,Yes,No,Fiber optic,No,No,Yes,Yes,Yes,No,Month-to-month,Yes,Bank transfer (automatic),80.72,487.11,No
7754-DKGLF,Female,0,Yes,No,70,No,No phone service,DSL,No,Yes,Yes,Yes,Yes,No,One year,No,Mailed check,69.16,4821.25,No
4489-NKVFL,Female,0,Yes,No,12,Yes,No,No,No internet service,No internet service,No internet service,No internet service,No internet service,No internet service,Month-to-month,No,Credit card (automatic),20.01,245.37,No
5135-RIQQU,Male,0,No,No,51,Yes,Yes,DSL,No,No,No,Yes,Yes,Yes,One year,No,Bank transfer (automatic),62.85,3219.91,No
6225-EXMLM,Male,0,No,No,2,Yes,No,Fiber optic,No,Yes,No,Yes,Yes,Yes,One year,Yes,Credit card (automatic),114.26,228.6,No
7202-XARXA,Female,0,No,Yes,7,Yes,No,No,No internet service,No internet service,No internet service,No internet service,No internet service,No internet service,Two year,No,Electronic check,24.15,173.94,No
3485-ZEZIM,Male,0,Yes,No,65,Yes,No,DSL,No,No,No,Yes,No,Yes,One year,Yes,Electronic check,43.85,2865.17,No
2313-SDJFY,Male,0,Yes,No,13,No,No phone service,DSL,No,No,Yes,No,No,No,Two year,Yes,Electronic check,68.07,900.57,No
1793-WPCUY,Male,0,No,Yes,69,Yes,No,DSL,Yes,Yes,Yes,Yes,No,No,Month-to-month,No,Credit card (automatic),54.24,3752.02,No
2023-FFZYJ,Female,0,No,No,3,Yes,No,No,No internet service,No internet service,No internet service,No internet service,No internet service,No internet service,One year,Yes,Mailed check,21.14,53.86,No
5050-ZRHEM,Female,0,No,No,1,Yes,No,Fiber optic,No,No,No,No,Yes,No,Month-to-month,Yes,Credit card (automatic),74.88,58.53,No
6188-OLNEO,Female,0,Yes,No,66,Yes,No,No,No internet service,No internet service,No internet service,No internet service,No internet service,No internet service,One year,Yes,Bank transfer (automatic),28.26,1856.34,No
2080-DIHYQ,Female,0,No,Yes,6,Yes,No,Fiber optic,No,Yes,No,No,No,Yes,Month-to-month,No,Electronic check,105.05,649.44,Yes
5375-RNYBG,Female,0,No,No,0,Yes,No,No,No internet service,No internet service,No internet service,No internet service,No internet service,No internet service,One year,Yes,Electronic check,23.4,0.21,No
7063-ULFKR,Male,0,No,No,66,Yes,Yes,Fiber optic,Yes,No,Yes,No,Yes,No,Month-to-month,Yes,Mailed check,83.84,5545.65,No
8003-HATTJ,Female,0,No,No,61,Yes,No,No,No internet service,No internet service,No internet service,No internet service,No internet service,No internet service,Month-to-month,Yes,Credit card (automatic),20.13,1218.22,Yes
6499-YUIOF,Male,0,Yes,No,0,Yes,Yes,Fiber optic,Yes,Yes,Yes,No,Yes,No,One year,Yes,Electronic check,104.86,14.12,Yes
1258-YBGWT,Male,0,Yes,No,13,Yes,No,DSL,No,No,No,No,No,No,Two year,No,Mailed check,64.32,828.64,No
7778-XSFHV,Female,0,Yes,No,4,Yes,No,DSL,No,No,Yes,No,No,Yes,Month-to-month,Yes,Bank transfer (automatic),46.24,203.82,No
6071-AEBRK,Female,0,No,Yes,70,Yes,No,DSL,No,No,No,No,Yes,No,Two year,No,Electronic check,61.05,4276.53,No
6918-PNNWF,Male,0,No,No,2,Yes,No,DSL,No,No,No,No,No,No,Month-to-month,Yes,Mailed check,69.11,153.62,Yes
5551-HFJVX,Male,0,No,Yes,31,No,No phone service,Fiber optic,Yes,Yes,No,No,Yes,No,One year,Yes,Mailed check,80.08,2462.54,No
3768-MMYRS,Male,0,Yes,No,20,Yes,No,DSL,No,No,No,No,No,No,Two year,Yes,Electronic check,40.66,806.79,Yes
5264-ZOZPC,Female,0,No,No,7,Yes,No,Fiber optic,No,No,No,No,No,Yes,Month-to-month,Yes,Bank transfer (automatic),103.41,719.26,No
5145-TPKPS,Female,0,No,Yes,0,Yes,Yes,DSL,No,No,Yes,No,Yes,No,Month-to-month,Yes,Bank transfer (automatic),57.89,6.41,Yes
7552-UEWST,Female,0,Yes,No,7,No,No phone service,Fiber optic,No,No,Yes,Yes,No,No,Month-to-month,Yes,Bank transfer (automatic),80.34,564.05,Yes
8783-OUZDA,Female,0,No,No,2,Yes,No,No,No internet service,No internet service,No internet service,No internet service,No internet service,No internet service,Month-to-month,Yes,Electronic check,21.76,50.6,No
1064-WNIUP,Female,1,Yes,Yes,71,Yes,No,Fiber optic,No,Yes,No,No,No,Yes,One year,Yes,Electronic check,99.92,7091.67,No
7319-PJLVM,Male,0,Yes,Yes,6,Yes,Yes,DSL,No,No,No,No,No,No,One year,No,Credit card (automatic),66.38,388.75,No
2555-EVAAP,Female,0,Yes,Yes,8,No,No phone service,DSL,No,No,No,Yes,Yes,Yes,Two year,Yes,Mailed check,57.11,474.8,No
4218-QLFVI,Male,0,No,Yes,15,Yes,No,No,No internet service,No internet service,No internet service,No internet service,No internet service,No internet service,Month-to-month,Yes,Mailed check,27.53,401.35,No
6198-HMJFS,Male,0,No,No,20,Yes,Yes,DSL,No,Yes,No,No,Yes,Yes,Month-to-month,Yes,Credit card (automatic),50.96,1032.87,Yes
4558-MKZSE,Male,0,Yes,No,70,Yes,Yes,Fiber optic,No,No,No,Yes,Yes,No,Month-to-month,Yes,Mailed check,88.94,6241.82,No
8632-KWFGF,Female,0,No,Yes,12,Yes,Yes,No,No internet service,No internet service,No internet service,No internet service,No internet service,No internet service,Two year,Yes,Electronic check,19.22,221.6,Yes
8934-ZEETD,Female,0,No,No,10,Yes,No,DSL,Yes,No,Yes,Yes,No,No,Month-to-month,No,Mailed check,44.91,452.42,Yes
5148-BQZTV,Female,0,No,No,68,Yes,No,Fiber optic,Yes,No,Yes,No,No,No,Two year,No,Mailed check,95.11,6477.01,No
6730-PPOVE,Male,0,Yes,No,56,Yes,No,DSL,Yes,No,Yes,Yes,Yes,No,Month-to-month,No,Bank transfer (automatic),55.22,3107.33,No
5567-RKXAP,Male,0,No,Yes,57,Yes,Yes,DSL,Yes,Yes,No,Yes,No,No,One year,Yes,Mailed check,60.6,3467.52,No
9996-RUUYQ,Male,0,No,No,0,Yes,Yes,DSL,Yes,No,No,No,No,Yes,Month-to-month,Yes,Credit card (automatic),57.85,12.7,No
6321-BNZOH,Male,0,Yes,No,63,Yes,Yes,Fiber optic,No,No,No,Yes,No,Yes,Two year,Yes,Mailed check,74.57,4680.69,No
5337-KMYSP,Male,0,Yes,No,61,Yes,No,No,No internet service,No internet service,No internet service,No internet service,No internet service,No internet service,One year,Yes,Mailed check,19.99,1238.47,No
6555-DVUNA,Male,1,No,No,53,Yes,No,Fiber optic,Yes,No,No,No,No,Yes,One year,Yes,Bank transfer (automatic),97.11,5147.71,No
2184-OUWCV,Female,1,Yes,Yes,67,Yes,Yes,Fiber optic,Yes,No,No,No,Yes,Yes,One year,Yes,Electronic check,102.89,6885.99,Yes
2578-JPPPZ,Female,0,No,No,9,Yes,Yes,DSL,No,No,No,No,No,Yes,Month-to-month,No,Credit card (automatic),46.97,410.55,No
7686-FIUHE,Female,0,Yes,No,60,Yes,Yes,DSL,No,No,No,No,Yes,No,Month-to-month,Yes,Electronic check,64.98,3917.25,Yes
2761-PVQPQ,Female,1,No,No,2,Yes,No,Fiber optic,No,No,No,Yes,Yes,No,Two year,Yes,Electronic check,95.51,173.35,No
1745-RSVPR,Male,0,Yes,No,60,Yes,No,No,No internet service,No internet service,No internet service,No internet service,No internet service,No internet service,Month-to-month,Yes,Electronic check,25.83,1567.01,No
1866-DBGMW,Male,0,Yes,No,51,Yes,No,DSL,No,Yes,No,No,No,No,Two year,Yes,Mailed check,49.66,2521.25,No
5392-QQBCT,Female,1,Yes,No,65,Yes,No,Fiber optic,Yes,No,No,No,Yes,No,One year,No,Electronic check,97.8,6376.06,No
1320-PAZQJ,Male,0,No,No,68,Yes,Yes,No,No internet service,No internet service,No internet service,No internet service,No internet service,No internet service,Month-to-month,No,Electronic check,20.76,1393.31,No
6674-MFLFX,Female,0,No,Yes,65,No,No phone service,Fiber optic,No,Yes,No,Yes,No,No,One year,No,Electronic check,92.62,6005.6,No
1137-ZIDAA,Female,0,Yes,No,62,No,No phone service,Fiber optic,No,No,Yes,Yes,No,Yes,One year,Yes,Electronic check,76.6,4729.64,No
1680-DZPTG,Female,0,Yes,No,0,No,No phone service,Fiber optic,No,No,No,No,No,No,One year,Yes,Electronic check,77.2,0.0,Yes
2061-LLNXR,Male,1,No,No,1,Yes,Yes,DSL,Yes,No,Yes,Yes,No,No,Two year,No,Electronic check,69.74,86.76,No
8921-VBXDT,Female,0,Yes,No,1,No,No phone service,DSL,No,No,No,No,No,No,Month-to-month,No,Electronic check,52.09,62.74,Yes
6840-JNJHR,Female,0,No,No,11,Yes,Yes,DSL,No,Yes,No,No,Yes,No,Two year,Yes,Electronic check,55.75,629.08,No
3214-SYFDE,Female,0,Yes,No,8,No,No phone service,DSL,No,No,Yes,No,Yes,No,Month-to-month,Yes,Credit card (automatic),64.08,493.83,No
8497-IVQQJ,Male,0,No,No,67,Yes,Yes,Fiber optic,Yes,No,Yes,Yes,No,No,Two year,Yes,Mailed check,71.79,4792.55,No
1393-CNRSK,Male,0,No,Yes,1,Yes,No,Fiber optic,Yes,No,No,No,No,Yes,Month-to-month,Yes,Credit card (automatic),109.23,128.98,Yes
9667-AKWBO,Female,0,No,Yes,64,Yes,No,No,No internet service,No internet service,No internet service,No internet service,No internet service,No internet service,Month-to-month,No,Mailed check,19.58,1252.74,No
3768-DXCJI,Male,1,No,Yes,26,Yes,No,DSL,No,No,No,Yes,No,No,One year,Yes,Bank transfer (automatic),56.47,1453.63,No
2639-RMKMX,Male,0,Yes,No,1,No,No phone service,No,No internet service,No internet service,No internet service,No internet service,No internet service,No internet service,Month-to-month,Yes,Bank transfer (automatic),19.42,17.23,Yes
6075-SWZSA,Male,0,Yes,Yes,53,Yes,No,DSL,No,Yes,No,No,No,Yes,Two year,No,Electronic check,67.38,3555.32,No
3062-BDRPV,Male,0,No,No,6,Yes,No,DSL,Yes,No,No,No,No,Yes,Month-to-month,No,Mailed check,61.16,386.21,No
9334-DTOEO,Male,0,No,Yes,15,Yes,Yes,Fiber optic,Yes,No,Yes,Yes,Yes,No,Month-to-month,No,Electronic check,77.19,1166.58,No
4578-OVJLF,Male,0,No,No,2,Yes,No,No,No internet service,No internet service,No internet service,No internet service,No internet service,No internet service,Month-to-month,No,Mailed check,19.27,26.48,No
9313-DIUKD,Male,0,No,No,0,Yes,No,Fiber optic,No,No,No,No,No,Yes,Month-to-month,Yes,Electronic check,100.81,2.47,Yes
3293-RUJAM,Male,0,No,No,63,Yes,No,Fiber optic,No,No,No,No,Yes,No,One year,No,Bank transfer (automatic),109.03,6877.86,No
8596-ZRCMV,Male,0,Yes,No,12,Yes,No,Fiber optic,No,No,No,No,No,Yes,Month-to-month,Yes,Bank transfer (automatic),99.16,1199.51,Yes
1147-YYIOW,Male,0,Yes,No,10,No,No phone service,Fiber optic,No,No,No,Yes,No,Yes,Month-to-month,No,Credit card (automatic),113.32,1125.22,Yes
8311-NMAJD,Female,0,Yes,No,0,Yes,No,DSL,Yes,No,No,No,No,No,Month-to-month,No,Electronic check,58.95,0.0,Yes
1786-OIMQC,Female,0,Yes,No,69,Yes,Yes,Fiber optic,No,Yes,Yes,Yes,No,Yes,Month-to-month,No,Bank transfer (automatic),86.27,5967.83,No
2078-QIZXM,Male,0,No,No,9,Yes,Yes,Fiber optic,No,No,No,Yes,No,Yes,Month-to-month,No,Electronic check,84.81,780.53,Yes
1648-KJHJV,Female,0,Yes,No,24,Yes,No,Fiber optic,Yes,No,Yes,No,No,Yes,One year,Yes,Credit card (automatic),93.86,2254.34,No
2614-SGXFB,Female,0,Yes,No,68,Yes,No,DSL,Yes,No,No,No,No,No,Two year,Yes,Bank transfer (automatic),47.31,3231.66,No
3997-VZTMZ,Male,1,Yes,No,1,Yes,No,Fiber optic,No,Yes,No,No,No,Yes,Two year,Yes,Credit card (automatic),79.53,81.16,Yes
6924-ECTWY,Male,0,Yes,No,20,Yes,Yes,Fiber optic,No,Yes,No,Yes,No,No,Two year,Yes,Electronic check,107.09,2132.25,No
3530-CFLLA,Male,0,Yes,Yes,45,Yes,Yes,Fiber optic,Yes,Yes,Yes,No,No,No,Two year,Yes,Mailed check,85.25,3842.55,No
4916-UTJQX,Female,0,No,Yes,67,Yes,No,Fiber optic,No,Yes,No,Yes,Yes,Yes,Month-to-month,No,Mailed check,90.83,6088.25,No
6050-CYAIU,Female,0,Yes,No,2,Yes,Yes,Fiber optic,Yes,No,No,Yes,Yes,No,Month-to-month,Yes,Bank transfer (automatic),107.62,231.5,No
5293-LDRJX,Male,0,No,No,3,No,No phone service,Fiber optic,Yes,No,No,No,Yes,No,Two year,Yes,Credit card (automatic),84.75,271.92,No
7050-TNZDM,Male,0,No,No,69,Yes,No,DSL,No,No,No,No,No,No,One year,Yes,Electronic check,66.15,4561.92,No
4643-OCJSE,Male,0,No,No,7,Yes,No,No,No internet service,No internet service,No internet service,No internet service,No internet service,No internet service,Month-to-month,No,Bank transfer (automatic),21.77,139.32,No
7870-SCVOX,Female,0,Yes,No,3,Yes,No,No,No internet service,No internet service,No internet service,No internet service,No internet service,No internet service,One year,Yes,Electronic check,18.99,68.43,Yes
4791-QLFCY,Female,0,Yes,No,13,Yes,No,DSL,No,No,Yes,Yes,No,No,Two year,Yes,Mailed check,64.79,831.6,No
9782-QHLZZ,Female,0,Yes,No,63,Yes,No,No,No internet service,No internet service,No internet service,No internet service,No internet service,No internet service,Two year,Yes,Credit card (automatic),20.89,1319.4,No
8885-GTXYR,Female,0,Yes,No,59,Yes,No,Fiber optic,No,Yes,No,No,No,No,Month-to-month,No,Mailed check,100.06,5910.28,No
6277-HUBCQ,Male,0,No,No,63,Yes,Yes,Fiber optic,No,No,No,No,No,No,Two year,No,Credit card (automatic),103.96,6563.44,No
1225-ZDAIQ,Male,0,No,Yes,66,Yes,No,No,No internet service,No internet service,No internet service,No internet service,No internet service,No internet service,Two year,No,Bank transfer (automatic),26.16,1714.85,No
8209-XIBII,Male,0,No,Yes,2,Yes,Yes,No,No internet service,No internet service,No internet service,No internet service,No internet service,No internet service,Month-to-month,Yes,Credit card (automatic),18.21,49.82,Yes
6993-UEQJY,Male,0,Yes,No,0,Yes,No,DSL,Yes,Yes,No,Yes,No,Yes,Two year,Yes,Credit card (automatic),42.64,0.44,No
9964-HNPEB,Female,0,No,No,71,Yes,No,Fiber optic,No,Yes,No,No,Yes,No,Two year,No,Bank transfer (automatic),94.16,6686.6,No
6283-VMFMI,Female,1,Yes,No,55,Yes,Yes,No,No internet service,No internet service,No internet service,No internet service,No internet service,No internet service,Month-to-month,Yes,Bank transfer (automatic),24.08,1341.84,No
1630-TNVSE,Male,0,No,No,70,Yes,No,Fiber optic,Yes,Yes,Yes,No,No,No,One year,No,Mailed check,102.3,7156.24,No
3927-IZTYM,Male,0,No,No,1,Yes,Yes,DSL,No,No,Yes,No,No,No,Month-to-month,No,Credit card (automatic),53.23,34.42,Yes
2077-NCJSX,Female,0,Yes,No,1,Yes,No,No,No internet service,No internet service,No internet service,No internet service,No internet service,No internet service,One year,Yes,Mailed check,25.62,16.23,No
4728-EPCFO,Male,0,Yes,Yes,1,Yes,No,DSL,No,Yes,No,Yes,No,No,Two year,Yes,Electronic check,61.24,71.91,Yes
1248-EMIQH,Female,0,No,No,59,Yes,No,Fiber optic,No,Yes,Yes,No,No,No,Month-to-month,Yes,Bank transfer (automatic),103.96,6147.64,No
3257-SNDDI,Male,0,Yes,No,6,Yes,No,Fiber optic,No,Yes,Yes,No,Yes,Yes,Month-to-month,No,Bank transfer (automatic),70.18,421.21,No
5486-JECKP,Male,0,Yes,Yes,11,Yes,Yes,Fiber optic,No,No,Yes,Yes,No,Yes,Two year,No,Electronic check,88.6,973.28,Yes
4675-MSTSK,Male,0,Yes,No,55,No,No phone service,DSL,No,Yes,Yes,Yes,No,No,Two year,Yes,Electronic check,66.32,3641.75,No
7489-EGUMM,Male,0,Yes,No,56,Yes,No,DSL,No,No,No,Yes,No,No,Month-to-month,No,Electronic check,61.44,3453.79,No
1336-JNJLG,Male,0,No,No,58,Yes,No,DSL,No,No,No,No,Yes,No,Two year,Yes,Bank transfer (automatic),69.34,4018.34,No
2983-QVQZU,Male,0,No,No,0,Yes,No,Fiber optic,Yes,Yes,No,Yes,No,Yes,Month-to-month,Yes,Mailed check,91.45,0.0,No
2627-NFSYY,Male,0,No,No,4,Yes,No,Fiber optic,No,Yes,Yes,Yes,Yes,No,Month-to-month,Yes,Electronic check,72.24,297.94,Yes
9132-YBASC,Female,0,Yes,No,17,Yes,No,No,No internet service,No internet service,No internet service,No internet service,No internet service,No internet service,Two year,No,Mailed check,21.3,362.79,No
2981-XROLW,Female,0,No,No,1,Yes,No,Fiber optic,No,No,Yes,No,No,No,Two year,No,Electronic check,76.6,59.74,No
4205-VVUWZ,Female,0,No,Yes,65,Yes,No,DSL,No,No,Yes,No,Yes,Yes,One year,Yes,Electronic check,65.74,4280.27,No
3670-LAFXP,Female,0,Yes,No,61,Yes,No,No,No internet service,No internet service,No internet service,No internet service,No internet service,No internet service,Month-to-month,Yes,Electronic check,19.06,1159.1,No
3353-FYLMK,Female,0,Yes,No,3,Yes,Yes,DSL,No,No,No,No,Yes,Yes,Month-to-month,Yes,Mailed check,47.74,157.34,No
1100-VOYLB,Male,0,No,No,66,No,No phone service,Fiber optic,Yes,No,No,No,No,No,Two year,No,Electronic check,89.59,5930.7,No
5742-JPVYF,Male,1,Yes,No,11,Yes,Yes,Fiber optic,No,Yes,Yes,No,No,No,Month-to-month,No,Credit card (automatic),83.7,939.32,Yes
9185-BYAVU,Female,0,Yes,No,70,Yes,Yes,DSL,No,No,Yes,No,No,Yes,Month-to-month,Yes,Bank transfer (automatic),44.45,3131.06,No
5302-HJKYS,Male,0,Yes,Yes,7,Yes,No,DSL,Yes,Yes,Yes,No,No,Yes,Two year,Yes,Bank transfer (automatic),44.86,328.27,No
5327-UJBKK,Female,0,Yes,No,54,Yes,No,No,No internet service,No internet service,No internet service,No internet service,No internet service,No internet service,One year,No,Mailed check,21.53,1157.24,No
7297-RYHIX,Female,0,Yes,No,7,No,No phone service,DSL,No,No,No,No,No,No,Month-to-month,Yes,Credit card (automatic),42.91,290.67,No
8103-GXCBH,Male,1,Yes,No,8,Yes,No,Fiber optic,No,No,No,Yes,No,No,Month-to-month,No,Bank transfer (automatic),86.1,676.91,No
6916-QGQXQ,Male,0,No,No,12,Yes,No,No,No internet service,No internet service,No internet service,No internet service,No internet service,No internet service,Two year,Yes,Electronic check,20.82,259.4,No
3302-AESHT,Male,0,Yes,No,5,Yes,Yes,No,No internet service,No internet service,No internet service,No internet service,No internet service,No internet service,Two year,Yes,Electronic check,22.55,118.37,No
1643-UWNPR,Female,0,No,No,21,No,No phone service,DSL,No,No,Yes,Yes,Yes,No,Month-to-month,Yes,Mailed check,57.24,1205.1,No
8939-PZPCK,Male,0,Yes,No,0,Yes,Yes,DSL,Yes,No,Yes,No,No,No,One year,Yes,Mailed check,44.65,0.0,Yes
4808-QGGEY,Female,1,No,No,51,Yes,No,Fiber optic,No,No,Yes,No,No,Yes,Month-to-month,Yes,Mailed check,73.45,3756.76,No
2289-RIHPT,Female,0,No,No,23,Yes,Yes,DSL,Yes,No,No,Yes,Yes,No,Two year,Yes,Credit card (automatic),55.59,1274.8,No
9652-TZPRD,Female,1,No,No,64,Yes,No,Fiber optic,No,Yes,Yes,No,No,No,Month-to-month,Yes,Bank transfer (automatic),72.55,4641.13,No
2831-EGPCY,Male,0,No,No,67,Yes,Yes,Fiber optic,No,Yes,No,No,No,Yes,One year,No,Mailed check,88.91,5950.39,No
7124-BKQAM,Male,0,No,Yes,1,Yes,Yes,Fiber optic,No,Yes,No,No,Yes,Yes,Month-to-month,No,Bank transfer (automatic),92.07,90.82,No
4910-ZNEKF,Female,0,No,No,61,Yes,Yes,Fiber optic,No,Yes,No,Yes,No,Yes,Month-to-month,No,Mailed check,82.36,5008.89,No
6235-PAAPM,Male,0,Yes,Yes,64,Yes,No,No,No internet service,No internet service,No internet service,No internet service,No internet service,No internet service,Two year,No,Credit card (automatic),20.35,1319.12,Yes
1428-GJONE,Male,0,Yes,Yes,1,Yes,No,DSL,No,Yes,No,No,No,Yes,Month-to-month,Yes,Credit card (automatic),57.41,67.47,Yes
8680-FOELO,Male,0,No,No,3,Yes,No,Fiber optic,No,Yes,Yes,No,No,No,Two year,Yes,Credit card (automatic),113.69,343.56,No
5985-XMMND,Female,0,Yes,Yes,64,Yes,No,DSL,Yes,Yes,No,No,No,Yes,Month-to-month,No,Electronic check,42.08,2707.75,No
2148-GOOGL,Female,0,No,No,61,Yes,Yes,DSL,No,No,No,Yes,Yes,Yes,Month-to-month,Yes,Electronic check,40.85,2477.51,No
7137-VQKUX,Male,0,No,Yes,71,No,No phone service,DSL,No,No,Yes,No,No,No,Month-to-month,No,Electronic check,65.37,4626.66,No
9191-RGLBY,Female,0,Yes,No,0,Yes,No,Fiber optic,No,No,No,No,Yes,No,Month-to-month,Yes,Bank transfer (automatic),95.02,10.87,No
6822-UDOZT,Male,0,No,Yes,70,Yes,Yes,No,No internet service,No internet service,No internet service,No internet service,No internet service,No internet service,Month-to-month,No,Electronic check,25.51,1780.9,No
5220-MWTRK,Male,0,Yes,Yes,2,Yes,No,Fiber optic,Yes,No,Yes,No,Yes,No,Two year,No,Mailed check,87.38,185.95,No
7108-NEJDJ,Male,0,Yes,No,0,Yes,Yes,DSL,Yes,No,Yes,No,Yes,Yes,One year,No,Bank transfer (automatic),52.2,11.85,No
2700-ILAMG,Male,0,No,No,11,Yes,Yes,Fiber optic,No,Yes,Yes,No,No,No,Two year,No,Credit card (automatic),74.24,833.22,No
9954-TWYNU,Female,1,Yes,No,58,Yes,Yes,DSL,Yes,No,No,No,No,No,Month-to-month,Yes,Bank transfer (automatic),45.71,2643.86,No
9270-NNTIY,Female,0,No,Yes,54,Yes,No,Fiber optic,Yes,No,No,No,Yes,No,Month-to-month,Yes,Mailed check,88.53,4762.7,Yes
5854-JBQIH,Female,0,No,No,12,No,No phone service,No,No internet service,No internet service,No internet service,No internet service,No internet service,No internet service,Month-to-month,Yes,Electronic check,27.72,331.99,Yes
3532-NEPTX,Male,0,Yes,No,6,Yes,Yes,DSL,No,No,No,No,Yes,No,Two year,No,Bank transfer (automatic),52.95,300.99,No
4479-LDGEJ,Male,0,No,Yes,9,Yes,No,DSL,Yes,No,No,No,Yes,Yes,Month-to-month,Yes,Bank transfer (automatic),40.67,366.66,Yes
3284-IIYGT,Male,1,No,No,18,Yes,No,DSL,No,Yes,No,No,Yes,No,Month-to-month,No,Electronic check,68.92,1255.34,Yes
2708-CVEBG,Female,0,Yes,No,15,Yes,No,DSL,No,No,No,No,Yes,Yes,Month-to-month,No,Bank transfer (automatic),48.72,732.23,No
5964-TPOUB,Male,0,Yes,No,27,Yes,No,Fiber optic,Yes,No,No,Yes,No,Yes,Month-to-month,No,Electronic check,70.5,1890.96,Yes
5472-HLSIB,Female,0,No,No,0,Yes,Yes,DSL,No,Yes,Yes,Yes,No,Yes,Month-to-month,No,Bank transfer (automatic),54.32,0.0,No
1849-NEVTM,Female,0,No,No,59,Yes,No,DSL,Yes,No,No,Yes,No,Yes,Month-to-month,No,Electronic check,52.04,3085.15,Yes
4862-LGLJP,Female,0,Yes,No,51,Yes,No,Fiber optic,No,No,No,No,No,Yes,Month-to-month,No,Credit card (automatic),100.49,5138.81,Yes
6872-HMHVW,Female,0,Yes,No,53,Yes,No,No,No internet service,No internet service,No internet service,No internet service,No internet service,No internet service,Month-to-month,No,Mailed check,24.15,1278.48,No
7539-ZKRMO,Female,0,No,No,65,No,No phone service,Fiber optic,Yes,No,No,No,Yes,No,Two year,Yes,Bank transfer (automatic),90.44,5889.09,No
3664-VROXF,Female,1,No,No,61,Yes,Yes,Fiber optic,No,No,No,No,Yes,No,Two year,Yes,Electronic check,82.06,4986.32,No
7158-WGPOO,Male,0,Yes,No,3,Yes,No,DSL,No,No,No,No,No,No,One year,No,Credit card (automatic),56.48,184.07,No
8452-VJRIA,Male,0,No,No,67,Yes,No,Fiber optic,Yes,Yes,No,No,Yes,Yes,Month-to-month,Yes,Credit card (automatic),107.69,7203.1,Yes
4111-WVJYL,Female,0,Yes,No,66,Yes,No,DSL,No,No,No,No,Yes,Yes,Month-to-month,Yes,Electronic check,65.81,4332.94,No
5228-CMVDY,Female,0,No,No,68,Yes,Yes,No,No internet service,No internet service,No internet service,No internet service,No internet service,No internet service,Two year,No,Electronic check,26.8,1824.06,No
3783-RKHJX,Male,1,Yes,Yes,0,Yes,No,DSL,No,Yes,No,Yes,No,No,Month-to-month,No,Mailed check,63.12,0.0,No
8746-LZBKV,Female,0,Yes,No,3,Yes,Yes,DSL,Yes,Yes,Yes,Yes,Yes,Yes,Month-to-month,Yes,Credit card (automatic),64.47,179.09,Yes
6651-KTFAG,Female,0,Yes,No,68,Yes,Yes,DSL,No,Yes,No,No,No,Yes,Two year,No,Bank transfer (automatic),62.34,4247.12,No
8473-LVBRZ,Male,0,No,No,18,Yes,No,No,No internet service,No internet service,No internet service,No internet service,No internet service,No internet service,Two year,Yes,Credit card (automatic),18.33,333.03,No
7823-YTLFR,Female,0,No,No,30,Yes,Yes,Fiber optic,Yes,No,Yes,No,No,No,Two year,No,Credit card (automatic),108.39,3268.0,No
8878-PYVIO,Female,1,No,No,55,Yes,No,No,No internet service,No internet service,No internet service,No internet service,No internet service,No internet service,Two year,No,Bank transfer (automatic),22.73,1268.75,No
1456-SMOQY,Female,0,No,No,8,Yes,Yes,Fiber optic,Yes,No,No,No,Yes,No,Two year,No,Electronic check,112.5,895.67,No
8231-KFUOC,Male,0,Yes,No,61,Yes,No,No,No internet service,No internet service,No internet service,No internet service,No internet service,No internet service,One year,No,Credit card (automatic),25.21,1533.14,No
3731-WCFTO,Male,1,No,No,3,Yes,No,DSL,No,Yes,Yes,No,Yes,Yes,Month-to-month,Yes,Bank transfer (automatic),47.91,157.88,Yes
9934-RLTSF,Male,1,Yes,No,61,Yes,Yes,DSL,Yes,Yes,Yes,No,No,No,Two year,Yes,Mailed check,62.33,3786.89,No
2920-UMFKL,Female,0,No,Yes,20,Yes,No,Fiber optic,No,Yes,No,No,Yes,Yes,Two year,Yes,Mailed check,103.18,2045.0,No
1518-ESNMO,Female,0,Yes,No,61,Yes,Yes,Fiber optic,No,No,No,Yes,No,No,Month-to-month,No,Credit card (automatic),82.08,4987.57,Yes
9586-PHWXX,Male,0,Yes,No,11,Yes,No,Fiber optic,Yes,No,No,No,No,Yes,Month-to-month,No,Electronic check,84.95,952.57,Yes
3023-DZOOM,Female,0,No,No,5,Yes,Yes,Fiber optic,No,No,No,No,No,Yes,Month-to-month,Yes,Bank transfer (automatic),97.15,483.35,No
3527-FXCZN,Female,1,No,No,12,Yes,Yes,Fiber optic,Yes,No,No,Yes,Yes,Yes,Two year,No,Bank transfer (automatic),108.72,1310.31,Yes
4146-XUFRS,Female,0,No,Yes,5,Yes,No,No,No internet service,No internet service,No internet service,No internet service,No internet service,No internet service,One year,No,Electronic check,20.03,85.6,Yes
5603-BFVWV,Female,0,No,No,63,Yes,Yes,No,No internet service,No internet service,No internet service,No internet service,No internet service,No internet service,Month-to-month,Yes,Credit card (automatic),29.29,1826.92,No
8180-IXJUI,Female,0,Yes,No,67,Yes,No,DSL,No,No,Yes,Yes,No,Yes,Month-to-month,Yes,Mailed check,60.35,4058.9,No
1233-ZVQJC,Male,0,No,No,18,Yes,Yes,Fiber optic,No,No,No,No,Yes,No,Two year,No,Bank transfer (automatic),76.07,1378.85,No
7225-URUEX,Female,0,Yes,Yes,70,Yes,No,Fiber optic,No,Yes,No,No,No,Yes,One year,Yes,Mailed check,109.24,7657.03,No
6491-GXRFT,Male,0,No,No,62,Yes,Yes,Fiber optic,No,No,No,No,No,No,Month-to-month,Yes,Electronic check,111.75,6927.14,No
1338-IKEWQ,Female,0,No,Yes,18,Yes,Yes,DSL,Yes,No,No,No,Yes,Yes,Month-to-month,No,Mailed check,59.8,1081.43,No
1878-AJXLJ,Male,0,Yes,No,1,Yes,Yes,Fiber optic,No,No,Yes,Yes,No,Yes,Month-to-month,Yes,Credit card (automatic),89.58,94.45,No
2122-JILTS,Female,0,Yes,No,51,Yes,Yes,No,No internet service,No internet service,No internet service,No internet service,No internet service,No internet service,Month-to-month,Yes,Bank transfer (automatic),20.46,1063.0,No
2482-HDINF,Male,0,Yes,Yes,10,Yes,No,DSL,No,No,Yes,No,No,No,One year,Yes,Bank transfer (automatic),64.9,647.76,No
1643-TCVBT,Female,0,Yes,No,2,Yes,No,No,No internet service,No internet service,No internet service,No internet service,No internet service,No internet service,Month-to-month,No,Electronic check,25.19,46.17,Yes
2459-CGFKP,Male,0,Yes,No,50,No,No phone service,DSL,No,No,Yes,Yes,Yes,No,Month-to-month,Yes,Electronic check,43.06,2161.39,Yes
8718-AIVLR,Female,0,Yes,No,4,Yes,Yes,Fiber optic,No,No,No,Yes,No,No,One year,Yes,Bank transfer (automatic),86.46,353.3,No
3732-ADISI,Male,0,Yes,No,10,Yes,Yes,Fiber optic,Yes,No,No,No,No,No,Month-to-month,Yes,Electronic check,106.05,1064.49,Yes
4353-ZZTRM,Female,0,No,No,0,No,No phone service,Fiber optic,No,Yes,No,No,Yes,Yes,Two year,No,Mailed check,102.18,0.0,Yes
6112-DOPNA,Male,0,No,No,1,Yes,No,No,No internet service,No internet service,No internet service,No internet service,No internet service,No internet service,Month-to-month,Yes,Electronic check,18.74,16.51,No
7776-PGYGC,Male,0,Yes,No,69,Yes,No,No,No internet service,No internet service,No internet service,No internet service,No internet service,No internet service,Month-to-month,Yes,Bank transfer (automatic),23.71,1625.88,No
9695-XBNIO,Female,1,Yes,No,6,Yes,Yes,Fiber optic,Yes,Yes,No,No,Yes,No,Month-to-month,No,Mailed check,106.0,625.38,Yes
9269-KWYMM,Female,0,Yes,No,19,Yes,No,Fiber optic,No,No,No,No,No,No,Month-to-month,Yes,Electronic check,71.44,1371.83,Yes
4824-CHPKH,Male,0,No,Yes,65,Yes,Yes,Fiber optic,Yes,Yes,No,No,Yes,No,Month-to-month,Yes,Mailed check,79.87,5180.26,No
1390-QCEAG,Female,1,No,No,5,Yes,No,DSL,No,No,No,Yes,No,Yes,Month-to-month,Yes,Bank transfer (automatic),59.74,312.55,Yes
6480-LUBNE,Male,0,No,No,64,Yes,No,DSL,Yes,No,No,Yes,Yes,No,One year,Yes,Electronic check,61.25,3907.15,No
4805-QUJXU,Male,0,No,No,15,Yes,No,Fiber optic,No,No,Yes,No,No,No,Month-to-month,No,Electronic check,101.07,1517.78,No
8125-TZTHN,Male,0,No,Yes,18,Yes,Yes,Fiber optic,Yes,No,No,Yes,No,Yes,Month-to-month,Yes,Credit card (automatic),105.69,1901.45,No
3085-ISZIU,Female,1,No,No,5,Yes,No,DSL,Yes,Yes,No,No,No,Yes,Two year,No,Electronic check,50.3,262.08,No
3052-HWRPM,Male,0,Yes,Yes,67,Yes,No,No,No internet service,No internet service,No internet service,No internet service,No internet service,No internet service,Month-to-month,Yes,Credit card (automatic),26.83,1813.1,No
6366-WSKJL,Male,0,No,No,9,Yes,Yes,DSL,No,No,No,No,No,No,Two year,No,Electronic check,57.7,509.47,No
9467-YCMTQ,Female,0,No,No,51,No,No phone service,DSL,No,No,No,Yes,Yes,No,Month-to-month,No,Electronic check,53.43,2723.13,No
9233-XGUHY,Female,0,No,No,12,Yes,No,No,No internet service,No internet service,No internet service,No internet service,No internet service,No internet service,Month-to-month,No,Mailed check,26.17,301.29,No
5516-BGBVR,Female,0,No,No,4,Yes,Yes,Fiber optic,Yes,No,Yes,No,Yes,No,Month-to-month,No,Credit card (automatic),110.33,435.02,No
9397-APGKX,Female,0,Yes,No,54,Yes,Yes,Fiber optic,No,No,Yes,Yes,Yes,Yes,Month-to-month,No,Credit card (automatic),104.76,5646.96,No
7716-RYJQD,Male,0,No,No,56,Yes,Yes,DSL,No,No,No,No,No,Yes,Two year,No,Bank transfer (automatic),61.65,3471.05,No
4632-ICMTT,Male,0,Yes,Yes,2,Yes,No,No,No internet service,No internet service,No internet service,No internet service,No internet service,No internet service,Month-to-month,Yes,Credit card (automatic),18.95,35.36,No
6540-BRGXC,Male,0,Yes,No,3,Yes,No,DSL,No,No,No,Yes,No,No,One year,Yes,Mailed check,46.71,130.92,No
1074-ZLXSR,Male,0,Yes,No,2,Yes,No,DSL,No,No,Yes,No,No,Yes,One year,Yes,Credit card (automatic),68.96,122.1,No
4779-YKPGA,Female,1,No,No,7,Yes,Yes,DSL,No,No,No,Yes,No,No,Month-to-month,No,Electronic check,61.7,425.83,Yes
7616-POCQA,Male,0,No,No,7,No,No phone service,Fiber optic,No,No,No,No,No,Yes,One year,Yes,Mailed check,88.66,636.66,Yes
1977-HRRZD,Male,0,No,No,38,Yes,Yes,No,No internet service,No internet service,No internet service,No internet service,No internet service,No internet service,Month-to-month,Yes,Credit card (automatic),21.15,812.09,No
9186-TZNFD,Female,0,No,No,6,Yes,No,DSL,No,Yes,No,No,No,No,One year,No,Mailed check,43.01,243.63,No
9872-JWCPQ,Male,0,Yes,Yes,59,Yes,No,DSL,No,Yes,No,No,Yes,No,Two year,Yes,Credit card (automatic),44.26,2591.85,Yes
5663-WZAKX,Male,0,No,No,3,Yes,No,Fiber optic,No,Yes,No,No,No,Yes,Month-to-month,Yes,Electronic check,77.7,237.31,No
2020-BKLVU,Male,0,No,Yes,3,Yes,Yes,No,No internet service,No internet service,No internet service,No internet service,No internet service,No internet service,Month-to-month,No,Electronic check,28.23,103.02,No
1544-KQIOP,Male,0,No,No,0,Yes,Yes,DSL,Yes,No,No,No,Yes,No,Month-to-month,No,Mailed check,51.62,0.0,Yes
6405-ANGVF,Male,0,Yes,No,14,Yes,No,Fiber optic,Yes,No,Yes,No,Yes,No,Month-to-month,Yes,Bank transfer (automatic),70.8,986.36,No
5859-RUUUL,Male,0,No,No,17,Yes,No,Fiber optic,Yes,Yes,No,No,No,No,Month-to-month,Yes,Mailed check,73.36,1259.87,Yes
8263-FJMBF,Female,1,No,No,9,Yes,No,No,No internet service,No internet service,No internet service,No internet service,No internet service,No internet service,Two year,Yes,Mailed check,27.77,244.98,No
8308-WNKWK,Female,1,No,No,2,Yes,Yes,Fiber optic,No,Yes,Yes,Yes,Yes,Yes,Month-to-month,Yes,Bank transfer (automatic),104.81,211.12,No
8591-IHBXG,Male,0,No,No,6,Yes,No,DSL,No,No,No,No,No,Yes,Month-to-month,No,Credit card (automatic),61.91,352.79,Yes
7546-CFMPT,Male,0,No,No,12,Yes,No,Fiber optic,No,No,No,No,No,Yes,Month-to-month,Yes,Mailed check,71.48,864.94,No
8924-AQNQC,Female,0,No,No,15,Yes,No,DSL,No,Yes,No,No,No,Yes,Month-to-month,No,Electronic check,59.43,872.12,Yes
9739-AJIZN,Male,1,No,Yes,54,Yes,No,Fiber optic,No,No,Yes,No,Yes,No,Month-to-month,No,Mailed check,92.84,5008.13,Yes
7252-HUUHX,Male,0,No,Yes,8,Yes,Yes,DSL,No,Yes,Yes,Yes,Yes,Yes,Month-to-month,No,Bank transfer (automatic),46.76,357.45,No
8503-SUHMD,Male,1,Yes,No,53,Yes,No,DSL,No,No,No,No,No,Yes,Month-to-month,Yes,Electronic check,42.65,2242.4,Yes
2902-LUZYD,Female,0,No,No,3,Yes,Yes,DSL,No,No,Yes,Yes,Yes,No,Month-to-month,Yes,Mailed check,40.47,101.59,Yes
2008-ITOGI,Male,1,No,No,0,Yes,Yes,No,No internet service,No internet service,No internet service,No internet service,No internet service,No internet service,One year,Yes,Bank transfer (automatic),24.45,0.0,No
5764-MIELZ,Female,0,No,No,10,No,No phone service,Fiber optic,No,No,No,Yes,Yes,Yes,Two year,Yes,Electronic check,97.7,980.55,No
2576-OKPEC,Male,0,No,Yes,2,Yes,Yes,DSL,No,Yes,Yes,Yes,No,Yes,Month-to-month,No,Electronic check,55.35,91.49,No
3106-XAMGI,Female,0,Yes,No,0,Yes,No,DSL,No,No,Yes,Yes,No,No,Two year,Yes,Bank transfer (automatic),43.52,0.0,Yes
5540-GTXDJ,Female,0,Yes,No,11,No,No phone service,DSL,No,No,No,No,No,No,Month-to-month,No,Electronic check,56.64,619.48,No
8454-HUNXE,Male,0,No,No,6,Yes,No,DSL,Yes,No,Yes,No,No,No,Two year,Yes,Electronic check,47.43,280.86,Yes
5931-UYOLX,Female,0,No,No,1,No,No phone service,Fiber optic,No,No,No,No,No,No,Month-to-month,No,Bank transfer (automatic),73.19,63.7,No
8329-WVVII,Male,0,Yes,No,10,Yes,No,Fiber optic,No,No,No,No,Yes,No,Two year,No,Electronic check,109.38,1100.37,Yes
6584-PRSXB,Female,0,Yes,No,24,Yes,No,No,No internet service,No internet service,No internet service,No internet service,No internet service,No internet service,Two year,No,Electronic check,28.65,670.28,No
4136-UXLYY,Male,0,Yes,Yes,3,Yes,No,No,No internet service,No internet service,No internet service,No internet service,No internet service,No internet service,Two year,Yes,Bank transfer (automatic),20.39,52.65,No
6378-BBKZB,Male,0,Yes,No,36,Yes,Yes,Fiber optic,No,Yes,Yes,No,Yes,Yes,Two year,Yes,Credit card (automatic),103.93,3749.28,No
8403-YLQUA,Female,0,Yes,Yes,59,Yes,Yes,No,No internet service,No internet service,No internet service,No internet service,No internet service,No internet service,One year,Yes,Mailed check,25.13,1466.9,No
7205-GGJET,Male,0,Yes,Yes,9,Yes,No,Fiber optic,No,No,No,No,No,Yes,Month-to-month,No,Electronic check,108.3,983.13,Yes
3022-SKNZC,Male,1,Yes,Yes,23,Yes,No,Fiber optic,No,No,No,No,No,No,One year,Yes,Bank transfer (automatic),89.49,2038.91,No
8557-LASFX,Female,0,Yes,Yes,1,No,No phone service,No,No internet service,No internet service,No internet service,No internet service,No internet service,No internet service,Month-to-month,Yes,Bank transfer (automatic),27.72,35.8,No
3435-UNUWK,Male,0,Yes,No,3,Yes,Yes,No,No internet service,No internet service,No internet service,No internet service,No internet service,No internet service,Month-to-month,No,Credit card (automatic),20.48,72.91,Yes
5277-SSKVN,Male,0,No,Yes,60,Yes,No,No,No internet service,No internet service,No internet service,No internet service,No internet service,No internet service,Month-to-month,Yes,Credit card (automatic),21.14,1276.26,No
3676-XMLMZ,Female,0,Yes,Yes,2,Yes,No,DSL,Yes,No,Yes,No,No,Yes,One year,Yes,Mailed check,64.68,139.72,No
1604-AXLKS,Female,0,Yes,No,55,Yes,No,DSL,No,No,Yes,Yes,No,No,Month-to-month,Yes,Bank transfer (automatic),65.24,3601.3,No
9345-EPQCL,Male,0,Yes,No,3,Yes,No,No,No internet service,No internet service,No internet service,No internet service,No internet service,No internet service,One year,Yes,Credit card (automatic),18.1,53.1,No
8969-QTZLL,Male,0,Yes,No,50,Yes,No,Fiber optic,Yes,No,No,No,No,No,One year,Yes,Bank transfer (automatic),112.55,5622.15,No
3507-XHHHE,Female,0,Yes,No,66,Yes,Yes,No,No internet service,No internet service,No internet service,No internet service,No internet service,No internet service,Month-to-month,Yes,Credit card (automatic),24.53,1625.47,No
8931-LXTNM,Female,0,Yes,No,57,Yes,No,Fiber optic,Yes,No,No,No,Yes,No,Month-to-month,No,Mailed check,96.48,5502.58,No
5866-SHQFT,Male,1,No,No,4,Yes,No,Fiber optic,Yes,No,No,No,No,No,Two year,Yes,Bank transfer (automatic),95.59,390.73,No
7455-NTZLO,Female,1,No,Yes,3,Yes,Yes,DSL,No,Yes,Yes,No,Yes,Yes,Two year,No,Electronic check,55.86,180.21,No
6686-LPNBK,Male,0,No,No,58,Yes,No,Fiber optic,No,No,No,No,No,No,Month-to-month,No,Mailed check,79.62,4599.37,No
4922-PSZKV,Male,0,No,Yes,50,Yes,Yes,No,No internet service,No internet service,No internet service,No internet service,No internet service,No internet service,Month-to-month,No,Electronic check,18.23,915.32,No
7034-VUARE,Male,0,Yes,Yes,5,Yes,Yes,Fiber optic,Yes,Yes,Yes,Yes,No,Yes,Month-to-month,Yes,Bank transfer (automatic),85.97,433.3,No
7219-KTBGX,Male,0,No,No,3,Yes,No,Fiber optic,No,Yes,Yes,No,No,No,Month-to-month,Yes,Mailed check,82.41,257.16,No
9242-HSXGX,Male,0,Yes,No,62,No,No phone service,Fiber optic,No,Yes,No,No,Yes,Yes,Month-to-month,Yes,Credit card (automatic),84.55,5258.15,No
2088-RPEGK,Female,0,No,No,67,Yes,No,DSL,No,No,No,No,Yes,Yes,Two year,No,Electronic check,51.44,3435.65,No
1510-NYQIO,Female,1,Yes,No,50,No,No phone service,DSL,No,No,Yes,Yes,No,No,Two year,Yes,Electronic check,55.39,2785.34,No
2090-LANNF,Female,1,No,No,5,No,No phone service,Fiber optic,No,Yes,No,No,Yes,No,Two year,Yes,Mailed check,92.79,474.09,No
4543-JOYLS,Female,0,No,No,55,Yes,Yes,DSL,No,No,Yes,No,No,Yes,Month-to-month,Yes,Credit card (automatic),63.1,3460.27,No
2742-TWMYR,Male,0,Yes,Yes,1,No,No phone service,Fiber optic,No,No,Yes,No,No,No,Month-to-month,No,Credit card (automatic),74.37,80.76,Yes
7451-BVBAC,Male,0,No,No,6,Yes,Yes,No,No internet service,No internet service,No internet service,No internet service,No internet service,No internet service,One year,Yes,Bank transfer (automatic),19.08,121.42,No
4506-XLACL,Male,0,Yes,No,68,No,No phone service,Fiber optic,No,No,No,No,Yes,No,One year,Yes,Electronic check,114.02,7746.44,No
5417-TFUVX,Male,0,No,Yes,2,Yes,Yes,No,No internet service,No internet service,No internet service,No internet service,No internet service,No internet service,Month-to-month,Yes,Mailed check,25.74,46.58,Yes
4855-MJEQD,Female,0,No,No,50,Yes,Yes,DSL,No,No,No,No,Yes,No,One year,Yes,Credit card (automatic),62.59,3112.99,No
5814-LTHYW,Male,1,Yes,No,54,Yes,Yes,Fiber optic,No,No,Yes,Yes,Yes,No,One year,No,Credit card (automatic),114.8,6200.25,No
6278-MEVXR,Male,0,Yes,Yes,21,Yes,No,DSL,No,Yes,Yes,No,No,No,Two year,Yes,Bank transfer (automatic),49.53,1059.29,No
4529-HBBLC,Female,0,Yes,No,4,Yes,No,DSL,No,No,No,No,No,No,Month-to-month,Yes,Credit card (automatic),54.07,198.56,Yes
8271-KKJYS,Female,0,No,No,67,Yes,No,No,No internet service,No internet service,No internet service,No internet service,No internet service,No internet service,Two year,No,Bank transfer (automatic),27.57,1851.59,No
5242-XRLGG,Female,0,Yes,Yes,16,Yes,No,DSL,No,No,No,No,No,No,Month-to-month,Yes,Electronic check,45.46,708.15,Yes
4092-VMVPO,Female,0,No,No,65,Yes,Yes,DSL,Yes,No,No,No,Yes,Yes,One year,Yes,Mailed check,50.73,3279.23,No
6598-KMCTL,Male,0,No,No,5,Yes,No,No,No internet service,No internet service,No internet service,No internet service,No internet service,No internet service,Month-to-month,Yes,Electronic check,21.95,113.12,No
4589-WVOAL,Male,0,Yes,No,2,Yes,Yes,No,No internet service,No internet service,No internet service,No internet service,No internet service,No internet service,Month-to-month,Yes,Mailed check,25.98,60.01,Yes
8328-EMFXM,Female,0,No,Yes,62,Yes,Yes,No,No internet service,No internet service,No internet service,No internet service,No internet service,No internet service,Month-to-month,Yes,Credit card (automatic),21.07,1310.79,No
6621-JQBQL,Male,0,No,No,7,Yes,No,DSL,No,No,Yes,No,No,Yes,Month-to-month,Yes,Mailed check,46.33,324.39,Yes
9806-JYYMN,Male,1,Yes,No,61,Yes,No,DSL,Yes,No,No,Yes,No,No,Two year,Yes,Mailed check,50.18,3071.76,No
5581-BGSLG,Male,0,Yes,No,63,Yes,Yes,Fiber optic,No,No,No,No,Yes,No,Month-to-month,No,Electronic check,104.41,6564.65,Yes
6162-EYUTP,Female,0,No,No,13,No,No phone service,Fiber optic,No,No,No,No,No,No,Two year,Yes,Electronic check,93.69,1235.05,No
4400-GYVRH,Male,0,Yes,No,59,Yes,No,DSL,No,No,No,No,No,No,Month-to-month,No,Electronic check,56.59,3347.38,Yes
5407-PEFHN,Female,0,Yes,Yes,16,No,No phone service,DSL,Yes,No,Yes,No,Yes,No,Month-to-month,No,Bank transfer (automatic),45.95,746.31,Yes
6338-ICEWR,Male,0,Yes,Yes,63,No,No phone service,Fiber optic,No,Yes,Yes,Yes,Yes,No,One year,Yes,Mailed check,91.26,5731.25,No
3579-QTNXX,Male,1,No,No,7,Yes,Yes,Fiber optic,Yes,No,Yes,No,No,No,Month-to-month,Yes,Mailed check,105.18,739.13,Yes
1546-HEDDU,Male,1,No,No,53,Yes,No,DSL,No,Yes,No,Yes,No,Yes,One year,Yes,Credit card (automatic),68.76,3644.59,No
6974-ASGQG,Female,0,No,No,66,Yes,No,No,No internet service,No internet service,No internet service,No internet service,No internet service,No internet service,Month-to-month,No,Bank transfer (automatic),28.36,1885.76,No
4125-LQCYQ,Male,0,Yes,No,58,Yes,No,DSL,No,No,No,No,Yes,Yes,Two year,Yes,Mailed check,67.88,3948.73,No
6408-BHKHJ,Female,0,No,No,64,Yes,No,No,No internet service,No internet service,No internet service,No internet service,No internet service,No internet service,Month-to-month,No,Electronic check,25.65,1634.61,No
6792-EFWTM,Female,0,No,Yes,66,Yes,No,No,No internet service,No internet service,No internet service,No internet service,No internet service,No internet service,One year,Yes,Mailed check,26.55,1738.02,No
7496-EEGBL,Female,0,Yes,No,50,No,No phone service,Fiber optic,No,Yes,No,Yes,Yes,No,Month-to-month,Yes,Electronic check,80.05,3993.28,No
5909-NQOWS,Male,0,Yes,Yes,2,Yes,Yes,Fiber optic,No,Yes,Yes,Yes,No,No,One year,Yes,Electronic check,94.79,205.5,No
6857-XDESL,Male,0,No,Yes,6,Yes,No,DSL,No,No,No,Yes,No,No,One year,Yes,Bank transfer (automatic),58.31,345.26,No
1824-LWTAO,Male,0,No,No,71,Yes,No,No,No internet service,No internet service,No internet service,No internet service,No internet service,No internet service,Month-to-month,No,Electronic check,28.48,2039.26,No
9148-JEAYJ,Male,0,No,No,5,Yes,No,DSL,No,No,No,Yes,No,Yes,Month-to-month,No,Electronic check,54.68,268.89,Yes
1723-ZKLKD,Female,1,No,Yes,69,Yes,No,Fiber optic,No,No,No,No,No,Yes,One year,No,Mailed check,114.3,7906.26,No
4467-IOGAT,Female,0,No,No,60,Yes,Yes,Fiber optic,No,Yes,Yes,No,No,Yes,Two year,Yes,Credit card (automatic),75.34,4512.05,No
2860-ICOIF,Female,0,Yes,Yes,9,Yes,Yes,DSL,No,Yes,No,No,No,Yes,Month-to-month,Yes,Bank transfer (automatic),57.3,512.46,Yes
2901-YTNOQ,Male,0,No,No,2,Yes,No,No,No internet service,No internet service,No internet service,No internet service,No internet service,No internet service,Two year,No,Mailed check,28.97,50.54,No
1179-HZGQW,Female,0,No,Yes,63,Yes,No,No,No internet service,No internet service,No internet service,No internet service,No internet service,No internet service,Month-to-month,Yes,Mailed check,27.34,1742.04,No
4791-CRSSJ,Male,0,No,No,3,Yes,Yes,DSL,No,Yes,Yes,No,No,No,Month-to-month,Yes,Credit card (automatic),54.53,160.63,No
6087-NNYHM,Female,0,Yes,No,68,Yes,No,Fiber optic,No,No,Yes,No,Yes,Yes,Two year,No,Electronic check,106.66,7265.29,No
5821-GKTEQ,Male,1,No,No,17,Yes,No,Fiber optic,No,No,No,No,Yes,Yes,One year,Yes,Electronic check,86.26,1452.73,Yes
8555-JVDWV,Male,0,No,Yes,51,Yes,Yes,No,No internet service,No internet service,No internet service,No internet service,No internet service,No internet service,Two year,No,Mailed check,18.1,907.02,No
6934-FQLFR,Female,0,Yes,Yes,9,Yes,No,DSL,Yes,No,Yes,No,Yes,No,Month-to-month,No,Bank transfer (automatic),46.81,437.19,No
1992-NDMPT,Female,0,Yes,No,16,Yes,Yes,No,No internet service,No internet service,No internet service,No internet service,No internet service,No internet service,Month-to-month,Yes,Electronic check,26.7,423.08,Yes
2556-ZJCTJ,Female,0,No,No,3,Yes,Yes,DSL,No,Yes,No,Yes,Yes,No,One year,No,Credit card (automatic),62.78,197.02,Yes
9540-VOFER,Female,0,Yes,Yes,0,Yes,Yes,DSL,Yes,No,No,Yes,No,Yes,Two year,Yes,Electronic check,55.24,0.0,No
1694-EEDQI,Male,1,No,No,50,Yes,No,Fiber optic,Yes,Yes,No,Yes,Yes,Yes,Two year,No,Electronic check,73.57,3691.0,No
3287-OWBUI,Female,0,No,No,12,Yes,No,DSL,No,No,No,No,No,Yes,Month-to-month,Yes,Mailed check,40.02,484.76,Yes
9041-JHLKX,Female,0,Yes,No,67,Yes,No,No,No internet service,No internet service,No internet service,No internet service,No internet service,No internet service,Month-to-month,Yes,Credit card (automatic),22.36,1507.11,No
6477-IWCGU,Female,0,No,Yes,10,Yes,Yes,DSL,No,No,No,Yes,Yes,No,Month-to-month,Yes,Electronic check,40.0,410.5,Yes
8431-WLEXN,Male,0,No,No,50,Yes,Yes,No,No internet service,No internet service,No internet service,No internet service,No internet service,No internet service,One year,Yes,Electronic check,22.91,1132.46,No
2565-EKXAS,Male,1,No,No,53,Yes,No,No,No internet service,No internet service,No internet service,No internet service,No internet service,No internet service,Month-to-month,No,Mailed check,28.71,1515.82,No
7696-JQOUJ,Female,1,Yes,Yes,2,Yes,Yes,No,No internet service,No internet service,No internet service,No internet service,No internet service,No internet service,Month-to-month,Yes,Electronic check,18.19,29.03,No
1600-UANWN,Male,0,No,No,62,Yes,No,Fiber optic,Yes,No,Yes,Yes,No,No,One year,No,Bank transfer (automatic),72.75,4515.12,No
1739-BUPSA,Female,0,Yes,No,0,Yes,Yes,Fiber optic,Yes,No,No,No,Yes,No,One year,Yes,Mailed check,106.74,0.0,No
8934-JZJLV,Male,0,Yes,No,62,Yes,Yes,Fiber optic,Yes,No,Yes,No,No,No,Two year,No,Mailed check,73.76,4559.51,No
1092-YCMUX,Male,0,Yes,No,2,Yes,Yes,No,No internet service,No internet service,No internet service,No internet service,No internet service,No internet service,Two year,Yes,Bank transfer (automatic),29.91,39.92,No
3137-BXWCN,Male,1,Yes,Yes,66,Yes,No,DSL,No,No,No,No,Yes,No,Month-to-month,Yes,Electronic check,69.43,4577.95,No
6376-VUCZH,Male,0,Yes,No,8,Yes,Yes,Fiber optic,No,Yes,No,No,No,Yes,Two year,Yes,Credit card (automatic),83.23,663.4,Yes
1829-MVPIK,Female,0,No,Yes,12,Yes,Yes,No,No internet service,No internet service,No internet service,No internet service,No internet service,No internet service,One year,Yes,Mailed check,28.99,335.06,No
9880-YPHTN,Female,0,No,Yes,67,Yes,No,Fiber optic,No,No,Yes,Yes,Yes,Yes,Two year,Yes,Electronic check,99.92,6681.5,No
4511-VHXON,Female,0,Yes,No,67,Yes,No,Fiber optic,Yes,No,No,No,Yes,Yes,Month-to-month,Yes,Electronic check,108.83,7288.73,Yes
1874-BXPXS,Male,0,Yes,No,53,Yes,No,Fiber optic,No,No,Yes,No,Yes,No,Month-to-month,No,Bank transfer (automatic),93.46,4943.34,No
9788-CHRQT,Female,0,No,No,58,Yes,Yes,No,No internet service,No internet service,No internet service,No internet service,No internet service,No internet service,One year,No,Electronic check,29.2,1676.57,No
4499-ACIGZ,Female,0,Yes,Yes,56,Yes,Yes,DSL,No,No,Yes,No,No,Yes,Two year,No,Bank transfer (automatic),54.49,3068.32,No
6547-ZNFPO,Female,0,No,No,70,Yes,No,No,No internet service,No internet service,No internet service,No internet service,No internet service,No internet service,Two year,No,Bank transfer (automatic),28.5,2009.62,No
2353-WKYXZ,Male,0,No,Yes,52,Yes,Yes,DSL,Yes,Yes,No,No,No,Yes,One year,Yes,Credit card (automatic),54.22,2801.54,No
6400-XIPMF,Male,0,No,Yes,65,Yes,Yes,No,No internet service,No internet service,No internet service,No internet service,No internet service,No internet service,Month-to-month,Yes,Electronic check,27.08,1748.41,Yes
4244-UIKWX,Male,0,Yes,No,52,Yes,Yes,DSL,No,No,No,No,Yes,No,One year,No,Mailed check,46.58,2430.42,No
7535-DMGWN,Female,0,Yes,No,66,Yes,No,DSL,No,No,No,No,Yes,Yes,Two year,Yes,Bank transfer (automatic),67.88,4462.79,No
5731-EFVLO,Female,0,Yes,Yes,11,Yes,Yes,No,No internet service,No internet service,No internet service,No internet service,No internet service,No internet service,One year,Yes,Electronic check,21.83,256.89,No
8440-YHLED,Female,1,Yes,Yes,0,No,No phone service,Fiber optic,No,Yes,Yes,No,No,No,One year,Yes,Bank transfer (automatic),99.1,0.0,No
8238-AZQYL,Male,0,Yes,Yes,6,Yes,No,Fiber optic,Yes,No,No,No,Yes,No,Month-to-month,No,Mailed check,73.04,439.73,Yes
3809-HLYYY,Male,0,No,No,2,Yes,No,Fiber optic,No,No,No,No,Yes,No,One year,No,Mailed check,112.42,220.9,No
4743-MTLON,Female,0,No,No,69,Yes,No,Fiber optic,Yes,No,Yes,No,No,No,Month-to-month,Yes,Mailed check,88.66,6116.62,Yes
6214-YIFHZ,Male,0,No,Yes,63,No,No phone service,DSL,Yes,No,No,Yes,Yes,No,Two year,No,Mailed check,45.36,2866.67,No
8282-BGRSP,Male,0,No,No,65,Yes,No,DSL,Yes,Yes,No,No,No,No,One year,Yes,Bank transfer (automatic),45.78,2956.81,No
5584-LPJLW,Male,0,Yes,Yes,56,Yes,Yes,Fiber optic,No,No,No,No,Yes,No,One year,Yes,Credit card (automatic),74.07,4152.8,Yes
3581-PTCST,Male,0,No,Yes,68,Yes,No,DSL,Yes,No,Yes,No,No,Yes,Two year,No,Bank transfer (automatic),54.02,3686.79,No
9003-KGOZT,Female,0,Yes,No,0,Yes,No,Fiber optic,No,Yes,Yes,Yes,Yes,No,Month-to-month,Yes,Electronic check,109.54,8.18,Yes
6145-JFQCJ,Male,0,Yes,No,58,Yes,Yes,No,No internet service,No internet service,No internet service,No internet service,No internet service,No internet service,Month-to-month,Yes,Electronic check,24.57,1419.76,No
3615-VQURM,Male,0,No,Yes,55,Yes,No,Fiber optic,Yes,Yes,No,No,No,Yes,One year,No,Electronic check,93.89,5151.35,No
3060-AXJCB,Male,0,No,Yes,0,Yes,No,Fiber optic,No,Yes,Yes,No,Yes,No,Month-to-month,Yes,Mailed check,81.65,8.58,Yes
3495-LNZHB,Male,0,No,Yes,1,No,No phone service,Fiber optic,No,Yes,No,Yes,No,No,Month-to-month,No,Credit card (automatic),104.94,99.43,No
7577-EJZZI,Female,0,Yes,No,11,Yes,No,DSL,No,Yes,No,Yes,Yes,Yes,Two year,No,Mailed check,62.49,699.38,Yes
6987-NDYXV,Female,0,Yes,Yes,9,Yes,Yes,No,No internet service,No internet service,No internet service,No internet service,No internet service,No internet service,One year,No,Electronic check,21.98,178.88,No
8482-UUQEF,Male,0,Yes,No,20,Yes,Yes,Fiber optic,No,Yes,No,No,No,No,Month-to-month,No,Mailed check,108.3,2146.46,Yes
5603-CJZHH,Male,1,Yes,No,51,Yes,No,DSL,Yes,Yes,No,No,No,No,Month-to-month,Yes,Credit card (automatic),57.02,2907.7,No
8425-TEMSA,Male,0,Yes,Yes,5,Yes,No,DSL,No,No,No,No,No,Yes,Month-to-month,No,Bank transfer (automatic),43.25,200.92,No
9376-MJXER,Male,0,No,No,65,Yes,Yes,Fiber optic,No,No,No,Yes,No,No,One year,No,Mailed check,72.42,4720.31,No
7187-CRGCT,Male,0,No,Yes,8,Yes,Yes,Fiber optic,Yes,Yes,Yes,No,Yes,No,Month-to-month,Yes,Mailed check,76.72,597.1,Yes
6175-HFVWZ,Male,0,Yes,No,0,Yes,Yes,DSL,No,No,No,Yes,Yes,No,Two year,Yes,Bank transfer (automatic),64.06,17.9,No
4223-UKRIR,Female,0,No,No,61,Yes,No,Fiber optic,No,No,No,Yes,No,No,One year,No,Mailed check,78.53,4781.61,No
1232-ZBEUO,Male,0,Yes,No,5,Yes,Yes,Fiber optic,No,No,No,No,Yes,No,Month-to-month,No,Electronic check,82.83,429.16,No
8573-NYAWB,Female,0,No,Yes,52,Yes,Yes,DSL,No,No,No,No,Yes,No,Month-to-month,Yes,Bank transfer (automatic),49.1,2544.22,No
2277-GUGXZ,Female,1,Yes,No,64,Yes,No,Fiber optic,No,No,Yes,Yes,No,No,One year,No,Mailed check,95.24,6091.71,No
8664-HILXK,Male,0,No,Yes,25,Yes,Yes,DSL,No,Yes,Yes,No,Yes,No,Month-to-month,Yes,Mailed check,49.36,1222.39,Yes
2872-ZGLNM,Female,0,No,No,59,Yes,Yes,DSL,No,Yes,No,No,No,Yes,Month-to-month,Yes,Electronic check,65.91,3870.65,No
9117-AEEJI,Female,0,No,No,2,No,No phone service,Fiber optic,No,Yes,Yes,No,No,No,Two year,Yes,Credit card (automatic),70.01,143.87,No
2305-YWUZK,Female,0,Yes,No,64,Yes,No,Fiber optic,Yes,Yes,Yes,No,No,Yes,Month-to-month,Yes,Electronic check,109.55,7023.42,Yes
5939-TKKBQ,Female,0,No,No,64,Yes,Yes,DSL,No,No,No,No,Yes,No,Month-to-month,Yes,Bank transfer (automatic),59.65,3826.8,No
1903-CHSHT,Female,0,Yes,No,55,No,No phone service,Fiber optic,No,Yes,Yes,No,Yes,No,Two year,Yes,Electronic check,92.01,5079.37,No
5431-SVCTS,Female,0,Yes,No,5,Yes,Yes,Fiber optic,No,No,Yes,Yes,No,No,Month-to-month,Yes,Electronic check,75.27,392.65,Yes
6295-JYRSU,Male,1,Yes,No,67,Yes,No,Fiber optic,Yes,No,Yes,Yes,Yes,No,Month-to-month,Yes,Mailed check,104.08,6958.93,Yes
3790-MBGOK,Female,0,No,No,4,Yes,Yes,No,No internet service,No internet service,No internet service,No internet service,No internet service,No internet service,Month-to-month,Yes,Credit card (automatic),22.83,96.36,No
9485-TQEVO,Female,0,No,No,13,Yes,No,No,No internet service,No internet service,No internet service,No internet service,No internet service,No internet service,Two year,No,Credit card (automatic),25.36,328.66,No
9232-WLAZY,Female,1,Yes,No,57,Yes,Yes,Fiber optic,Yes,No,Yes,No,Yes,No,Two year,Yes,Electronic check,76.28,4335.43,No
3874-LWGQH,Male,0,No,Yes,57,Yes,Yes,Fiber optic,No,Yes,No,No,Yes,No,Month-to-month,No,Mailed check,111.85,6385.53,No
7077-ZWRAR,Female,0,No,Yes,64,Yes,No,DSL,Yes,No,No,No,Yes,No,One year,No,Bank transfer (automatic),66.29,4241.9,No
3236-RPGEU,Male,1,No,No,61,No,No phone service,No,No internet service,No internet service,No internet service,No internet service,No internet service,No internet service,Month-to-month,No,Mailed check,20.1,1234.04,No
7201-KWUGK,Female,0,Yes,No,51,Yes,No,No,No internet service,No internet service,No internet service,No internet service,No internet service,No internet service,One year,No,Credit card (automatic),19.01,951.95,No
4040-TRIMH,Male,1,No,No,53,Yes,No,Fiber optic,No,No,No,No,Yes,Yes,Month-to-month,Yes,Mailed check,82.53,4358.62,No
9428-TUBAH,Male,0,No,Yes,4,No,No phone service,DSL,Yes,No,No,Yes,No,No,Month-to-month,No,Credit card (automatic),53.06,209.96,No
4396-NJGMO,Female,0,Yes,No,68,Yes,No,Fiber optic,No,No,No,No,No,No,Two year,Yes,Electronic check,112.69,7643.69,No
8457-HKLAP,Female,1,No,Yes,0,Yes,No,DSL,No,No,No,Yes,No,Yes,Month-to-month,Yes,Bank transfer (automatic),51.5,0.0,No
4525-ZZPIK,Male,0,Yes,No,69,No,No phone service,DSL,Yes,Yes,No,No,Yes,No,Month-to-month,No,Mailed check,57.25,3963.76,No
1408-LVIGK,Female,0,Yes,No,0,Yes,No,Fiber optic,Yes,Yes,No,No,No,No,Two year,Yes,Electronic check,82.53,0.0,No
1086-ZBTBX,Male,0,Yes,Yes,50,Yes,No,No,No internet service,No internet service,No internet service,No internet service,No internet service,No internet service,Two year,No,Mailed check,26.09,1313.12,No
2043-WRUGF,Male,1,Yes,No,61,Yes,No,DSL,Yes,No,Yes,No,Yes,Yes,One year,Yes,Electronic check,64.92,3946.65,No
1112-ORWOE,Male,0,No,No,55,Yes,No,DSL,No,No,No,Yes,Yes,Yes,Two year,Yes,Electronic check,59.83,3285.96,No
9542-GWENL,Male,0,Yes,No,30,Yes,No,DSL,Yes,Yes,No,No,No,No,Month-to-month,Yes,Bank transfer (automatic),62.32,1882.35,Yes
9827-GRPDE,Male,0,No,Yes,64,Yes,No,No,No internet service,No internet service,No internet service,No internet service,No internet service,No internet service,Month-to-month,Yes,Mailed check,23.8,1504.91,No
1859-CCSRV,Female,0,Yes,Yes,50,Yes,Yes,Fiber optic,No,No,Yes,No,No,Yes,Month-to-month,No,Electronic check,88.93,4439.14,No
5496-LAJQK,Male,0,No,Yes,58,Yes,No,Fiber optic,No,No,No,No,No,No,Month-to-month,Yes,Electronic check,107.15,6215.14,Yes
5290-SRZUI,Male,0,No,Yes,67,Yes,Yes,Fiber optic,No,No,Yes,No,Yes,Yes,Month-to-month,Yes,Mailed check,109.6,7348.08,Yes
8930-GZXEF,Female,0,No,Yes,26,Yes,Yes,Fiber optic,No,No,No,No,Yes,No,Month-to-month,Yes,Mailed check,98.51,2547.14,Yes
8403-CIMRB,Male,0,No,Yes,56,Yes,Yes,DSL,No,No,No,No,No,No,Month-to-month,Yes,Electronic check,41.79,2357.27,Yes
7491-KMEQK,Female,0,No,No,10,Yes,No,DSL,No,No,No,Yes,Yes,No,Month-to-month,No,Electronic check,58.62,595.69,No
6886-FKICO,Female,0,Yes,No,57,Yes,Yes,No,No internet service,No internet service,No internet service,No internet service,No internet service,No internet service,Month-to-month,Yes,Bank transfer (automatic),21.02,1180.69,No
4370-VJKOC,Female,0,No,No,2,Yes,Yes,Fiber optic,No,No,Yes,Yes,Yes,No,Month-to-month,Yes,Mailed check,106.3,210.42,Yes
4719-UNWFP,Male,1,No,No,59,Yes,No,DSL,Yes,No,Yes,No,No,No,One year,Yes,Electronic check,48.47,2875.31,No
1941-RIGID,Male,0,No,No,9,Yes,No,Fiber optic,Yes,Yes,Yes,Yes,No,No,Month-to-month,Yes,Electronic check,106.06,970.55,Yes
5501-ANGZY,Male,0,No,No,6,Yes,No,DSL,No,Yes,Yes,No,Yes,Yes,Month-to-month,Yes,Mailed check,63.91,398.64,Yes
9021-KFDNW,Female,0,No,Yes,3,Yes,Yes,Fiber optic,No,No,No,No,Yes,Yes,Two year,Yes,Electronic check,85.66,241.74,Yes
9874-FTWMP,Male,0,Yes,Yes,0,Yes,Yes,DSL,Yes,No,No,Yes,No,Yes,One year,No,Electronic check,60.33,0.03,No
4433-HKSJI,Female,0,No,No,2,Yes,Yes,Fiber optic,No,No,No,No,Yes,Yes,Month-to-month,Yes,Electronic check,111.0,220.17,No
6125-QTGXT,Male,0,Yes,No,0,Yes,No,DSL,Yes,Yes,No,No,No,No,One year,No,Credit card (automatic),66.28,0.0,No
9628-IXYMA,Female,0,Yes,No,60,Yes,Yes,Fiber optic,Yes,No,No,No,No,No,One year,Yes,Electronic check,92.15,5524.19,No
3775-HQIZI,Male,1,No,No,3,Yes,Yes,Fiber optic,No,No,No,Yes,No,No,Month-to-month,No,Electronic check,101.88,319.99,No
8783-LJIDL,Male,0,Yes,Yes,24,Yes,No,Fiber optic,Yes,No,No,No,No,No,Month-to-month,Yes,Credit card (automatic),114.14,2751.03,No
9667-NMKIK,Male,0,Yes,No,3,No,No phone service,Fiber optic,No,Yes,Yes,No,Yes,No,One year,Yes,Bank transfer (automatic),71.36,201.6,No
6586-GCJPJ,Female,0,No,No,59,Yes,Yes,DSL,No,No,No,No,Yes,No,Month-to-month,Yes,Credit card (automatic),63.7,3769.62,Yes
3506-RYBTA,Female,1,No,No,28,Yes,No,No,No internet service,No internet service,No internet service,No internet service,No internet service,No internet service,Month-to-month,No,Bank transfer (automatic),24.89,704.08,No
6404-NGDSA,Male,0,No,No,2,Yes,Yes,DSL,No,No,No,No,No,Yes,Month-to-month,Yes,Bank transfer (automatic),59.66,101.2,No
9241-DMYNJ,Male,0,No,No,63,Yes,Yes,Fiber optic,No,No,No,No,No,No,Month-to-month,Yes,Mailed check,102.89,6466.26,No
1988-GTNIO,Female,0,No,Yes,60,Yes,Yes,No,No internet service,No internet service,No internet service,No internet service,No internet service,No internet service,Two year,No,Bank transfer (automatic),19.99,1217.34,No
1914-RSMGN,Female,0,Yes,Yes,2,Yes,No,DSL,No,No,Yes,No,Yes,No,Month-to-month,Yes,Bank transfer (automatic),56.76,114.73,No
2552-HAMOR,Female,0,No,No,0,Yes,No,DSL,No,Yes,Yes,Yes,No,No,Month-to-month,Yes,Electronic check,67.06,19.92,Yes
9347-RRNJY,Male,0,Yes,No,65,Yes,No,DSL,Yes,No,Yes,No,No,Yes,One year,Yes,Electronic check,45.27,2961.17,No
8335-LXZGX,Female,1,Yes,Yes,2,Yes,No,DSL,No,No,No,No,Yes,Yes,Month-to-month,Yes,Bank transfer (automatic),58.94,128.62,No
4131-PFCQV,Male,1,No,Yes,66,Yes,No,Fiber optic,No,No,Yes,No,No,No,One year,No,Electronic check,94.82,6251.01,No
2886-OENVB,Female,0,No,No,18,Yes,Yes,Fiber optic,No,No,No,Yes,Yes,Yes,Month-to-month,Yes,Mailed check,82.94,1480.67,Yes
3455-QDMYL,Male,1,Yes,No,63,Yes,No,Fiber optic,No,No,No,No,No,Yes,Month-to-month,Yes,Electronic check,91.56,5748.73,No
3163-DQLSB,Female,0,Yes,No,50,Yes,No,No,No internet service,No internet service,No internet service,No internet service,No internet service,No internet service,Two year,Yes,Mailed check,21.15,1043.73,No
4854-UKZUT,Female,0,No,No,11,Yes,No,Fiber optic,No,No,No,No,No,Yes,Month-to-month,No,Credit card (automatic),86.36,965.12,No
7946-WGBYK,Female,0,No,No,52,Yes,Yes,Fiber optic,No,No,No,No,No,Yes,Month-to-month,Yes,Bank transfer (automatic),83.72,4361.97,Yes
8270-HZVVF,Female,0,No,Yes,33,Yes,No,DSL,Yes,No,No,Yes,No,Yes,Two year,Yes,Mailed check,60.13,1998.18,No
1428-QVTTZ,Female,1,Yes,Yes,15,Yes,No,DSL,Yes,No,No,No,Yes,No,Month-to-month,Yes,Mailed check,43.82,670.91,No
9735-NIOYM,Male,0,No,No,9,Yes,No,DSL,No,Yes,No,No,No,No,Month-to-month,Yes,Mailed check,63.41,589.69,Yes
9505-PAZYW,Female,0,Yes,No,68,Yes,No,Fiber optic,No,Yes,No,No,No,No,Month-to-month,Yes,Bank transfer (automatic),73.66,5016.87,No
4250-BQRDG,Female,0,Yes,No,11,Yes,No,No,No internet service,No internet service,No internet service,No internet service,No internet service,No internet service,Month-to-month,Yes,Electronic check,21.64,240.5,No
3434-GGGDZ,Female,0,No,No,18,Yes,No,No,No internet service,No internet service,No internet service,No internet service,No internet service,No internet service,Month-to-month,No,Electronic check,26.99,489.46,No
7126-FFWVS,Male,0,No,No,1,Yes,No,DSL,No,No,No,No,No,Yes,Month-to-month,No,Bank transfer (automatic),69.33,76.6,Yes
5237-LYNBE,Female,0,Yes,No,12,Yes,No,DSL,Yes,No,Yes,No,No,Yes,Month-to-month,Yes,Bank transfer (automatic),41.61,497.64,No
8038-ECDFS,Male,0,Yes,Yes,64,No,No phone service,DSL,No,Yes,No,No,No,Yes,Month-to-month,No,Credit card (automatic),40.1,2573.69,No
7244-SEXXE,Female,1,No,No,2,Yes,No,DSL,Yes,Yes,Yes,No,No,No,Month-to-month,Yes,Electronic check,68.44,140.62,No
4702-FXBJR,Female,0,Yes,No,25,Yes,No,DSL,No,Yes,No,Yes,Yes,No,One year,No,Credit card (automatic),42.71,1054.17,No
6921-JQKDH,Male,0,Yes,No,11,Yes,Yes,DSL,No,No,No,No,Yes,No,Two year,Yes,Credit card (automatic),48.07,513.26,No
8576-HCXLM,Female,1,Yes,No,0,Yes,Yes,DSL,No,No,No,No,No,Yes,Month-to-month,Yes,Electronic check,54.23,0.0,Yes
8365-BSSYZ,Male,0,Yes,No,1,Yes,No,DSL,Yes,Yes,No,No,No,Yes,Two year,No,Bank transfer (automatic),44.75,55.79,No
9733-XQRHF,Male,0,Yes,Yes,62,Yes,Yes,DSL,No,No,No,No,No,No,One year,Yes,Bank transfer (automatic),52.46,3242.81,No
1385-EOQBC,Female,0,No,No,5,No,No phone service,Fiber optic,Yes,Yes,No,Yes,No,No,One year,Yes,Electronic check,75.77,393.22,Yes
4233-ZXSRC,Male,0,No,No,67,Yes,No,Fiber optic,Yes,Yes,No,No,Yes,No,Month-to-month,Yes,Mailed check,93.71,6270.05,No
1007-TUAUC,Female,0,No,No,1,Yes,Yes,No,No internet service,No internet service,No internet service,No internet service,No internet service,No internet service,Two year,No,Credit card (automatic),26.85,31.6,No
8693-BODFV,Female,0,No,No,71,Yes,No,Fiber optic,Yes,No,No,No,Yes,Yes,Two year,Yes,Credit card (automatic),112.35,7991.51,No
4494-TYYUE,Male,0,No,No,2,Yes,No,Fiber optic,No,No,No,No,Yes,Yes,Month-to-month,No,Bank transfer (automatic),107.15,228.2,Yes
7678-KYNNA,Male,0,No,No,0,Yes,Yes,DSL,No,No,No,No,No,No,One year,No,Credit card (automatic),69.12,13.4,No
6208-PBOZU,Male,0,No,No,12,Yes,No,DSL,No,Yes,Yes,No,Yes,No,One year,Yes,Electronic check,45.31,556.59,No
9393-GHTGZ,Male,0,Yes,No,70,Yes,No,Fiber optic,Yes,No,Yes,No,Yes,No,Month-to-month,Yes,Mailed check,74.36,5212.7,No
5311-VCRUT,Female,0,No,Yes,60,Yes,No,DSL,No,No,Yes,Yes,No,No,Month-to-month,No,Credit card (automatic),52.45,3155.79,No
9095-DTVED,Female,0,Yes,No,14,Yes,Yes,Fiber optic,Yes,No,No,No,No,Yes,Month-to-month,Yes,Credit card (automatic),99.16,1406.42,Yes
8323-IADGB,Male,0,No,No,61,Yes,No,Fiber optic,Yes,No,Yes,Yes,Yes,Yes,Month-to-month,Yes,Electronic check,78.93,4825.98,No
1247-YPSKP,Female,0,No,No,71,Yes,Yes,Fiber optic,No,No,Yes,No,No,Yes,Month-to-month,Yes,Electronic check,88.1,6240.81,Yes
3581-BHXND,Female,0,No,No,60,Yes,Yes,Fiber optic,No,Yes,No,No,No,No,One year,Yes,Bank transfer (automatic),91.68,5490.14,No
3138-BEZGM,Female,1,No,Yes,0,Yes,No,Fiber optic,Yes,No,Yes,No,Yes,No,One year,No,Mailed check,107.54,0.0,Yes
7337-FISQW,Female,0,Yes,No,2,Yes,No,Fiber optic,No,No,Yes,Yes,Yes,Yes,Two year,No,Electronic check,87.13,157.79,No
8643-HJOXB,Male,0,Yes,No,59,Yes,No,Fiber optic,Yes,No,No,No,No,No,Month-to-month,No,Electronic check,85.72,5072.79,Yes
4888-NGFDO,Male,0,Yes,No,13,Yes,No,Fiber optic,No,Yes,Yes,No,No,No,Month-to-month,Yes,Credit card (automatic),102.66,1331.31,No
9604-SOGRV,Female,1,Yes,No,8,Yes,No,DSL,No,No,No,Yes,Yes,No,Month-to-month,No,Electronic check,56.84,451.89,No
3709-PTCBI,Male,0,Yes,No,61,Yes,Yes,DSL,No,No,No,No,No,Yes,Two year,Yes,Mailed check,41.91,2552.83,No
3971-JPEQR,Male,0,Yes,No,12,Yes,Yes,Fiber optic,No,Yes,No,Yes,No,No,Month-to-month,Yes,Mailed check,105.37,1263.38,No
1809-NZBUI,Male,1,Yes,Yes,2,Yes,Yes,DSL,No,Yes,Yes,No,Yes,No,One year,No,Electronic check,50.79,89.49,No
2658-WGGUL,Female,0,No,No,68,Yes,Yes,No,No internet service,No internet service,No internet service,No internet service,No internet service,No internet service,Month-to-month,Yes,Mailed check,18.2,1246.81,No
8144-AVBSL,Female,0,Yes,No,67,Yes,No,DSL,No,No,No,No,No,No,Month-to-month,Yes,Bank transfer (automatic),43.69,2942.45,No
1728-GHZIF,Female,0,Yes,No,1,No,No phone service,DSL,No,No,Yes,No,No,No,Month-to-month,No,Electronic check,56.08,64.94,Yes
7199-LZFXP,Male,0,Yes,Yes,54,Yes,No,Fiber optic,No,Yes,No,No,No,Yes,Month-to-month,No,Bank transfer (automatic),104.34,5625.29,No
9077-EKHRL,Female,0,No,Yes,10,Yes,No,No,No internet service,No internet service,No internet service,No internet service,No internet service,No internet service,Two year,Yes,Electronic check,21.9,200.14,No
3323-PQPYJ,Female,0,Yes,Yes,12,Yes,No,Fiber optic,Yes,No,No,No,No,Yes,Month-to-month,Yes,Bank transfer (automatic),75.54,892.1,Yes
8241-LPGVV,Male,0,No,No,17,Yes,No,DSL,No,Yes,Yes,Yes,No,Yes,Month-to-month,Yes,Credit card (automatic),45.22,775.76,No
7131-WKPJC,Female,0,Yes,Yes,50,Yes,Yes,Fiber optic,No,Yes,No,No,No,Yes,Two year,No,Mailed check,81.2,4070.46,No
2133-WZTEU,Female,0,No,No,56,Yes,No,Fiber optic,No,No,No,No,No,No,Month-to-month,Yes,Credit card (automatic),112.27,6286.71,No
1635-HKMSG,Male,0,No,No,16,Yes,No,Fiber optic,No,Yes,No,No,Yes,Yes,Month-to-month,Yes,Bank transfer (automatic),101.54,1605.7,Yes
1227-OWQBY,Male,0,Yes,No,53,No,No phone service,No,No internet service,No internet service,No internet service,No internet service,No internet service,No internet service,Two year,No,Bank transfer (automatic),18.38,973.54,No
1926-PZCIN,Male,0,Yes,No,13,Yes,Yes,Fiber optic,No,No,No,Yes,No,No,Month-to-month,Yes,Mailed check,104.65,1375.93,No
8428-ZKITH,Female,0,Yes,No,7,Yes,No,DSL,Yes,No,No,Yes,No,Yes,Two year,Yes,Electronic check,45.16,301.0,No
6101-MBMWO,Female,1,No,No,0,No,No phone service,DSL,No,Yes,No,Yes,Yes,No,Two year,Yes,Credit card (automatic),44.75,16.33,No
5744-HKCWA,Female,0,Yes,Yes,18,Yes,No,No,No internet service,No internet service,No internet service,No internet service,No internet service,No internet service,Month-to-month,Yes,Credit card (automatic),21.12,398.18,Yes
9015-ZBUBZ,Male,0,No,No,3,Yes,No,DSL,No,No,No,No,Yes,No,Month-to-month,No,Credit card (automatic),62.53,194.13,Yes
2762-IBARP,Male,0,No,No,1,Yes,No,DSL,No,No,No,No,No,No,Month-to-month,Yes,Mailed check,52.74,35.25,No
8969-TVFDI,Female,0,No,Yes,60,Yes,Yes,Fiber optic,No,Yes,No,Yes,Yes,No,Month-to-month,Yes,Electronic check,107.3,6431.42,No
3937-PFIWR,Female,0,Yes,No,53,Yes,No,Fiber optic,No,No,Yes,No,Yes,No,One year,No,Electronic check,82.68,4396.54,No
7851-PUYSA,Male,0,Yes,No,4,Yes,No,Fiber optic,No,No,Yes,No,Yes,Yes,Month-to-month,Yes,Mailed check,85.26,349.82,Yes
6471-ZARZA,Male,0,No,No,6,Yes,No,DSL,Yes,No,No,No,No,No,Month-to-month,No,Electronic check,54.86,328.81,No
5710-WVWFV,Male,0,No,No,68,Yes,No,DSL,No,No,Yes,Yes,No,No,Month-to-month,No,Credit card (automatic),53.97,3656.42,No
7183-QHVPP,Male,0,No,No,65,Yes,Yes,Fiber optic,No,Yes,Yes,No,No,No,Month-to-month,Yes,Mailed check,110.52,7183.16,No
2558-MLWHY,Female,0,No,No,0,Yes,Yes,DSL,No,Yes,Yes,Yes,No,No,One year,No,Credit card (automatic),50.5,0.0,No
6844-YCUOX,Male,1,No,No,15,Yes,No,Fiber optic,No,Yes,Yes,No,No,No,One year,Yes,Bank transfer (automatic),108.93,1638.56,No
2135-CIFXO,Female,0,No,No,55,Yes,Yes,Fiber optic,No,No,Yes,Yes,No,No,One year,Yes,Mailed check,113.41,6248.71,No
1970-LCMGM,Female,0,No,No,59,Yes,No,No,No internet service,No internet service,No internet service,No internet service,No internet service,No internet service,Two year,Yes,Bank transfer (automatic),19.91,1179.81,No
2211-WDHML,Female,0,Yes,No,65,Yes,No,No,No internet service,No internet service,No internet service,No internet service,No internet service,No internet service,Month-to-month,Yes,Credit card (automatic),19.55,1251.31,No
2587-OOBDF,Male,0,No,No,8,Yes,Yes,No,No internet service,No internet service,No internet service,No internet service,No internet service,No internet service,One year,Yes,Mailed check,29.35,241.58,No
3993-WHJAT,Male,0,Yes,Yes,3,No,No phone service,Fiber optic,No,No,No,Yes,No,No,Month-to-month,Yes,Electronic check,111.58,334.19,Yes
7539-BRDDN,Male,0,Yes,No,60,Yes,No,No,No internet service,No internet service,No internet service,No internet service,No internet service,No internet service,Two year,No,Mailed check,28.61,1713.77,No
6209-BWEWS,Male,0,No,No,1,Yes,Yes,Fiber optic,No,No,No,No,Yes,No,Month-to-month,Yes,Bank transfer (automatic),113.13,104.44,No
6764-RZLIT,Female,0,Yes,Yes,64,Yes,No,No,No internet service,No internet service,No internet service,No internet service,No internet service,No internet service,Two year,Yes,Credit card (automatic),24.65,1562.25,No
4322-TKKOG,Male,0,Yes,Yes,6,Yes,No,DSL,No,No,No,No,Yes,No,Two year,Yes,Mailed check,58.31,352.27,No
9396-IMSIX,Male,0,Yes,Yes,1,Yes,No,DSL,No,Yes,No,No,No,No,One year,Yes,Bank transfer (automatic),57.16,70.49,No
6636-VIAJP,Female,1,No,No,65,No,No phone service,Fiber optic,No,No,No,Yes,No,No,Month-to-month,Yes,Electronic check,84.87,5535.98,Yes
1120-LDXYD,Male,0,No,No,11,Yes,No,No,No internet service,No internet service,No internet service,No internet service,No internet service,No internet service,Month-to-month,No,Bank transfer (automatic),29.72,332.27,No
6097-SKUSM,Female,0,No,Yes,0,Yes,Yes,Fiber optic,No,No,Yes,No,Yes,Yes,Month-to-month,Yes,Bank transfer (automatic),102.28,0.0,No
7641-HIZHJ,Female,0,Yes,No,4,Yes,No,No,No internet service,No internet service,No internet service,No internet service,No internet service,No internet service,Month-to-month,No,Mailed check,25.14,97.11,Yes
2512-FIUTO,Female,0,Yes,No,55,Yes,No,DSL,No,Yes,Yes,No,No,Yes,Two year,Yes,Bank transfer (automatic),47.93,2645.1,No
4929-GKBKL,Female,1,Yes,Yes,71,Yes,No,DSL,No,No,Yes,No,No,No,Two year,No,Electronic check,68.91,4891.67,No
8185-HKVHN,Female,0,Yes,Yes,1,Yes,Yes,Fiber optic,No,No,No,No,Yes,No,Two year,No,Mailed check,102.72,103.61,No
4935-RAVYB,Female,0,No,No,2,Yes,Yes,Fiber optic,No,No,Yes,No,No,No,Month-to-month,Yes,Credit card (automatic),114.75,215.08,No
1732-WCAWD,Female,0,Yes,Yes,8,Yes,No,Fiber optic,No,No,Yes,No,No,No,Month-to-month,Yes,Electronic check,111.95,897.08,Yes
3432-CLRQB,Female,0,Yes,Yes,19,No,No phone service,No,No internet service,No internet service,No internet service,No internet service,No internet service,No internet service,One year,Yes,Electronic check,22.27,442.0,Yes
2025-TAVXB,Male,0,Yes,No,58,Yes,No,No,No internet service,No internet service,No internet service,No internet service,No internet service,No internet service,Month-to-month,Yes,Bank transfer (automatic),28.17,1627.31,No
2451-FJTXP,Male,0,Yes,No,69,Yes,No,DSL,No,Yes,No,No,No,No,Two year,Yes,Electronic check,50.66,3482.26,No
8152-ASJGE,Male,1,Yes,No,2,No,No phone service,No,No internet service,No internet service,No internet service,No internet service,No internet service,No internet service,Two year,No,Mailed check,19.7,38.38,No
8762-DLVTH,Male,0,No,No,4,Yes,Yes,Fiber optic,No,No,No,No,No,Yes,Month-to-month,No,Credit card (automatic),113.23,453.68,Yes
5296-TRSZW,Female,0,No,No,55,Yes,Yes,Fiber optic,No,No,No,No,Yes,Yes,One year,Yes,Electronic check,95.0,5244.9,Yes
6932-SNYWU,Male,0,No,Yes,1,Yes,Yes,DSL,No,No,No,No,No,Yes,One year,No,Bank transfer (automatic),50.33,38.89,No
5716-FIJSJ,Female,0,No,Yes,65,No,No phone service,DSL,No,No,No,No,Yes,Yes,One year,No,Mailed check,68.16,4432.12,No
8042-YGOTD,Male,0,Yes,No,0,Yes,No,Fiber optic,No,No,No,Yes,No,Yes,Month-to-month,Yes,Electronic check,92.18,0.0,Yes
7381-YOGAQ,Male,0,No,No,59,No,No phone service,DSL,Yes,No,No,No,No,No,Month-to-month,Yes,Electronic check,54.81,3243.66,No
3011-AHNBI,Male,1,No,No,13,Yes,No,DSL,No,No,No,No,No,Yes,Month-to-month,Yes,Mailed check,67.14,887.65,No
2254-QYJPM,Female,0,Yes,Yes,66,Yes,Yes,Fiber optic,No,No,Yes,Yes,Yes,No,Two year,Yes,Electronic check,109.28,7222.91,No
4401-NTAGF,Male,0,No,Yes,4,Yes,No,Fiber optic,No,No,No,No,No,Yes,Month-to-month,No,Mailed check,104.82,406.88,No
9900-AGVDB,Female,0,No,Yes,69,No,No phone service,DSL,No,No,Yes,No,No,Yes,Two year,No,Bank transfer (automatic),63.44,4383.39,No
7073-EBCZT,Female,0,Yes,No,4,Yes,Yes,DSL,No,Yes,Yes,No,No,Yes,Month-to-month,Yes,Credit card (automatic),40.95,153.09,No
4015-WXSHZ,Male,0,No,Yes,55,Yes,No,DSL,No,No,No,No,No,No,Two year,Yes,Mailed check,46.23,2562.0,No
4906-IMWHD,Male,0,No,No,4,Yes,No,DSL,No,Yes,No,No,Yes,No,Two year,No,Mailed check,67.93,274.11,No
3012-BATYX,Male,0,No,No,68,Yes,Yes,Fiber optic,No,No,No,No,No,No,One year,Yes,Bank transfer (automatic),105.85,7195.02,No
2934-RJJPZ,Female,0,No,Yes,6,Yes,Yes,DSL,No,Yes,No,Yes,No,No,Month-to-month,Yes,Electronic check,56.49,344.79,No
7986-UQAMG,Male,1,Yes,Yes,10,Yes,Yes,No,No internet service,No internet service,No internet service,No internet service,No internet service,No internet service,Month-to-month,No,Bank transfer (automatic),26.59,269.88,No
4721-NLQNA,Female,1,Yes,No,2,Yes,No,DSL,No,No,Yes,Yes,No,Yes,Month-to-month,Yes,Credit card (automatic),58.73,134.15,No
6973-YLCMY,Female,0,No,Yes,53,Yes,No,DSL,No,Yes,No,No,No,Yes,Month-to-month,No,Credit card (automatic),67.0,3551.5,Yes
2486-PDKSR,Male,0,No,Yes,1,Yes,Yes,Fiber optic,Yes,No,No,No,Yes,Yes,One year,Yes,Electronic check,84.41,94.66,Yes
7425-JVQXO,Male,0,No,Yes,3,Yes,No,DSL,No,No,Yes,No,No,Yes,Two year,No,Credit card (automatic),59.21,197.02,No
4859-NMNAY,Female,0,Yes,No,2,Yes,Yes,DSL,Yes,Yes,Yes,Yes,No,Yes,Month-to-month,No,Credit card (automatic),46.89,99.05,No
8670-ZEILY,Female,0,Yes,No,10,Yes,Yes,Fiber optic,No,No,No,No,No,No,Month-to-month,No,Bank transfer (automatic),82.76,813.11,Yes
7844-SDPFZ,Female,0,Yes,Yes,71,No,No phone service,Fiber optic,No,Yes,No,No,Yes,Yes,One year,Yes,Credit card (automatic),114.89,8177.03,No
3455-YSIKL,Male,0,Yes,No,14,Yes,No,DSL,Yes,No,No,Yes,Yes,No,Two year,Yes,Mailed check,40.51,572.88,No
2852-MZZHS,Female,0,Yes,No,55,Yes,Yes,Fiber optic,Yes,Yes,Yes,No,No,No,Month-to-month,Yes,Credit card (automatic),75.42,4167.67,No
4267-LHYNE,Male,0,Yes,No,60,Yes,No,DSL,Yes,No,No,No,No,No,Month-to-month,No,Bank transfer (automatic),60.91,3655.49,Yes
9568-EBEVW,Female,0,Yes,Yes,10,Yes,Yes,Fiber optic,No,No,No,No,Yes,No,Two year,No,Electronic check,100.26,984.6,No
4899-QFQJF,Female,0,Yes,No,22,Yes,No,Fiber optic,No,Yes,No,No,Yes,Yes,Month-to-month,Yes,Electronic check,77.85,1729.82,Yes
8380-PHIAD,Male,0,Yes,No,62,Yes,No,No,No internet service,No internet service,No internet service,No internet service,No internet service,No internet service,One year,No,Electronic check,25.19,1577.24,No
7599-SBXZF,Female,0,No,No,3,Yes,Yes,Fiber optic,No,No,No,No,Yes,No,One year,Yes,Bank transfer (automatic),99.2,297.09,Yes
1914-VWSCD,Male,0,No,No,14,Yes,No,No,No internet service,No internet service,No internet service,No internet service,No internet service,No internet service,Month-to-month,Yes,Credit card (automatic),25.12,345.55,Yes
9358-HAPTL,Male,1,Yes,No,1,No,No phone service,DSL,No,No,Yes,Yes,No,Yes,Month-to-month,Yes,Electronic check,48.11,34.03,Yes
5324-NCXYS,Female,0,No,No,52,Yes,Yes,Fiber optic,Yes,No,Yes,No,No,No,Two year,Yes,Bank transfer (automatic),100.5,5243.15,No
8900-EXBTS,Male,0,No,No,69,Yes,Yes,DSL,Yes,No,No,Yes,Yes,No,Month-to-month,Yes,Mailed check,45.7,3154.19,No
3763-LUKOF,Male,0,No,No,55,Yes,Yes,No,No internet service,No internet service,No internet service,No internet service,No internet service,No internet service,Month-to-month,No,Bank transfer (automatic),26.04,1443.5,No
5492-CULEB,Female,1,Yes,No,57,Yes,Yes,Fiber optic,No,No,No,No,Yes,Yes,Month-to-month,No,Credit card (automatic),81.99,4678.11,Yes
9566-LUVSU,Male,0,Yes,Yes,67,Yes,Yes,DSL,Yes,No,No,No,Yes,No,Month-to-month,Yes,Mailed check,65.01,4340.36,No
5577-KWJEX,Male,0,No,Yes,2,Yes,Yes,DSL,Yes,Yes,No,No,Yes,Yes,One year,Yes,Electronic check,48.78,79.47,Yes
7990-JJEZS,Male,1,Yes,No,53,Yes,Yes,DSL,Yes,No,No,No,No,No,Two year,Yes,Electronic check,45.88,2426.77,No
9457-QSAOB,Female,0,No,No,65,Yes,No,Fiber optic,No,Yes,No,No,Yes,Yes,Two year,No,Credit card (automatic),74.31,4810.45,No
5112-CZPDP,Male,1,No,No,0,Yes,No,DSL,No,No,Yes,No,Yes,Yes,Month-to-month,No,Bank transfer (automatic),50.31,0.0,Yes
6720-LHYLN,Female,1,No,No,65,Yes,Yes,Fiber optic,Yes,No,No,No,Yes,Yes,Month-to-month,No,Electronic check,103.31,6731.84,No
3774-LJSDG,Female,1,Yes,Yes,62,Yes,No,No,No internet service,No internet service,No internet service,No internet service,No internet service,No internet service,Month-to-month,Yes,Electronic check,19.3,1199.79,No
5793-INFSJ,Male,0,Yes,No,51,Yes,No,Fiber optic,Yes,No,Yes,Yes,No,Yes,Two year,Yes,Bank transfer (automatic),81.41,4159.68,No
3503-AYEZM,Male,0,Yes,Yes,10,Yes,Yes,No,No internet service,No internet service,No internet service,No internet service,No internet service,No internet service,Month-to-month,Yes,Mailed check,29.97,310.88,Yes
4649-CQGGM,Male,0,No,No,62,Yes,Yes,DSL,No,Yes,Yes,No,No,No,Month-to-month,No,Bank transfer (automatic),57.48,3581.63,No
9423-SAPFD,Female,0,Yes,No,60,Yes,No,Fiber optic,No,Yes,No,No,No,No,Two year,No,Mailed check,87.3,5224.13,No
8561-YAADR,Male,0,No,Yes,62,Yes,No,Fiber optic,No,No,No,No,No,No,Month-to-month,No,Electronic check,100.13,6211.09,No
2702-KXSAX,Male,0,Yes,Yes,1,Yes,No,DSL,No,No,Yes,Yes,No,No,Month-to-month,Yes,Mailed check,61.53,57.08,Yes
5405-TEZAH,Male,0,Yes,Yes,60,Yes,No,No,No internet service,No internet service,No internet service,No internet service,No internet service,No internet service,Month-to-month,No,Mailed check,25.19,1506.68,No
2476-VXJUF,Male,0,Yes,Yes,9,Yes,No,Fiber optic,No,No,No,No,Yes,Yes,One year,Yes,Mailed check,75.15,683.58,No
9917-GAUFO,Male,0,No,No,11,Yes,No,Fiber optic,No,No,No,Yes,Yes,No,One year,No,Mailed check,92.28,1003.2,Yes
8149-CYYWT,Female,0,No,Yes,2,Yes,No,Fiber optic,Yes,Yes,No,No,No,Yes,One year,No,Credit card (automatic),113.01,231.38,No
2629-GDXPL,Female,0,Yes,Yes,1,Yes,No,No,No internet service,No internet service,No internet service,No internet service,No internet service,No internet service,Month-to-month,Yes,Credit card (automatic),23.9,18.43,Yes
9476-AUMUG,Male,0,No,Yes,2,No,No phone service,DSL,Yes,No,No,No,Yes,No,Month-to-month,Yes,Mailed check,55.28,95.3,Yes
4138-MMFFV,Male,0,No,No,11,Yes,No,DSL,No,Yes,No,No,Yes,Yes,One year,No,Bank transfer (automatic),53.46,601.98,No
5761-MGOEV,Male,0,No,No,66,Yes,No,No,No internet service,No internet service,No internet service,No internet service,No internet service,No internet service,Two year,No,Electronic check,26.54,1737.36,No
6387-FKCMF,Male,0,No,Yes,60,Yes,Yes,DSL,No,No,No,No,No,No,Month-to-month,Yes,Credit card (automatic),51.32,3079.44,No
8713-BVVRB,Female,0,Yes,No,2,Yes,Yes,No,No internet service,No internet service,No internet service,No internet service,No internet service,No internet service,Month-to-month,Yes,Mailed check,26.59,44.29,No
7939-QWUHD,Male,0,Yes,No,2,Yes,No,Fiber optic,No,No,No,Yes,Yes,No,One year,Yes,Bank transfer (automatic),79.61,177.36,No
1513-DDOFH,Female,0,No,No,0,Yes,No,No,No internet service,No internet service,No internet service,No internet service,No internet service,No internet service,Month-to-month,Yes,Mailed check,28.24,4.54,No
7609-PPJDR,Female,0,Yes,No,69,Yes,No,DSL,No,Yes,No,No,Yes,No,Month-to-month,Yes,Electronic check,60.16,4156.52,No
5665-GXKIH,Male,1,Yes,Yes,59,Yes,Yes,No,No internet service,No internet service,No internet service,No internet service,No internet service,No internet service,Month-to-month,Yes,Electronic check,25.23,1490.29,No
6319-BSIDY,Female,0,Yes,No,57,Yes,Yes,DSL,No,Yes,Yes,No,No,Yes,Two year,Yes,Credit card (automatic),59.61,3413.63,No
1258-KMFWS,Female,0,No,No,61,Yes,Yes,DSL,No,No,No,No,No,Yes,One year,Yes,Mailed check,43.77,2662.08,No
6993-ECGIF,Female,0,Yes,No,2,Yes,No,DSL,No,Yes,No,No,No,No,Month-to-month,Yes,Credit card (automatic),60.61,123.95,No
5460-ZBWET,Female,0,No,Yes,11,Yes,No,DSL,No,No,No,No,Yes,No,Two year,No,Mailed check,40.03,429.32,No
1611-VVZXI,Male,0,Yes,No,6,Yes,No,No,No internet service,No internet service,No internet service,No internet service,No internet service,No internet service,Month-to-month,No,Mailed check,24.28,133.51,No
3821-WYDFZ,Male,0,No,No,62,Yes,No,Fiber optic,No,Yes,No,No,No,No,Month-to-month,Yes,Electronic check,91.47,5670.4,No
6834-XXONX,Female,0,Yes,Yes,1,Yes,Yes,Fiber optic,No,Yes,No,Yes,No,No,Month-to-month,Yes,Electronic check,92.87,83.83,Yes
7921-EJJGG,Male,0,No,Yes,2,Yes,Yes,DSL,No,Yes,No,No,No,No,Month-to-month,Yes,Bank transfer (automatic),47.9,105.73,No
1923-YURCM,Male,0,No,No,10,Yes,No,Fiber optic,No,Yes,Yes,No,Yes,No,Two year,Yes,Mailed check,73.75,719.2,No
6029-KVJPZ,Male,0,No,No,0,Yes,No,DSL,No,No,No,Yes,No,No,Month-to-month,No,Bank transfer (automatic),69.79,0.0,Yes
7191-YHAGY,Male,0,Yes,No,54,Yes,No,DSL,No,No,No,Yes,Yes,Yes,Month-to-month,No,Mailed check,59.8,3233.99,No
7033-JBGAZ,Male,1,No,No,6,Yes,No,Fiber optic,No,No,No,No,Yes,Yes,Two year,Yes,Credit card (automatic),86.62,502.74,No
5772-DABXK,Female,0,Yes,No,5,Yes,No,No,No internet service,No internet service,No internet service,No internet service,No internet service,No internet service,Month-to-month,Yes,Credit card (automatic),18.14,83.43,No
9181-EMMUK,Male,0,Yes,Yes,67,Yes,No,Fiber optic,No,Yes,No,Yes,No,Yes,Month-to-month,Yes,Credit card (automatic),86.35,5790.49,Yes
5149-XMTCZ,Male,0,No,No,71,Yes,Yes,Fiber optic,No,No,No,No,No,No,Month-to-month,Yes,Credit card (automatic),76.26,5403.13,No
6893-MINCP,Male,0,No,No,69,Yes,Yes,Fiber optic,Yes,No,No,No,Yes,Yes,Two year,Yes,Bank transfer (automatic),72.94,5043.99,No
1070-SHPDW,Male,0,No,No,10,Yes,No,DSL,No,No,Yes,Yes,No,No,Month-to-month,No,Credit card (automatic),47.05,488.9,No
9567-BMYYP,Female,0,No,Yes,7,Yes,Yes,No,No internet service,No internet service,No internet service,No internet service,No internet service,No internet service,Month-to-month,No,Credit card (automatic),18.16,144.58,Yes
9257-HTNLZ,Female,0,Yes,Yes,70,Yes,No,No,No internet service,No internet service,No internet service,No internet service,No internet service,No internet service,One year,Yes,Electronic check,21.92,1517.89,No
5059-FJLII,Female,0,No,Yes,7,Yes,Yes,Fiber optic,No,No,No,No,No,Yes,Two year,Yes,Bank transfer (automatic),100.26,710.61,No
7039-VVDIL,Female,0,Yes,No,16,Yes,No,DSL,No,No,Yes,Yes,Yes,No,Two year,No,Credit card (automatic),68.2,1101.49,Yes
9640-XPKBF,Male,0,No,No,8,Yes,No,Fiber optic,Yes,No,No,No,No,No,Month-to-month,No,Bank transfer (automatic),93.86,737.95,Yes
3182-TODDH,Female,1,No,Yes,3,Yes,No,DSL,No,No,Yes,No,No,Yes,Two year,Yes,Electronic check,60.22,164.42,No
9814-TSVGD,Male,0,No,No,59,Yes,Yes,Fiber optic,Yes,No,No,No,No,No,Two year,No,Bank transfer (automatic),72.91,4285.84,No
4791-CQFRN,Male,0,Yes,No,56,Yes,No,DSL,No,Yes,Yes,Yes,No,Yes,One year,Yes,Electronic check,40.88,2289.16,No
7627-OASMV,Male,0,No,No,4,Yes,Yes,DSL,No,Yes,Yes,Yes,Yes,Yes,One year,Yes,Bank transfer (automatic),47.94,206.7,No
2552-NAQLR,Male,0,Yes,No,68,Yes,Yes,No,No internet service,No internet service,No internet service,No internet service,No internet service,No internet service,Month-to-month,Yes,Bank transfer (automatic),18.81,1272.37,No
1803-XQCFC,Male,1,Yes,Yes,15,Yes,Yes,Fiber optic,No,No,No,Yes,No,Yes,One year,No,Electronic check,72.86,1079.55,Yes
7199-YTGBX,Female,0,Yes,Yes,70,Yes,Yes,No,No internet service,No internet service,No internet service,No internet service,No internet service,No internet service,One year,Yes,Electronic check,22.97,1612.01,No
8584-NVGZN,Female,0,No,No,0,No,No phone service,Fiber optic,No,Yes,Yes,No,No,Yes,Month-to-month,Yes,Credit card (automatic),92.1,0.0,Yes
2929-RTAOR,Female,0,Yes,No,60,Yes,No,DSL,No,Yes,No,Yes,No,No,Month-to-month,Yes,Mailed check,41.78,2526.09,Yes
4285-TKWRX,Female,0,Yes,Yes,53,Yes,Yes,DSL,Yes,No,No,Yes,Yes,Yes,Month-to-month,No,Mailed check,68.52,3632.69,No
4611-LXAGL,Male,0,Yes,No,57,Yes,No,No,No internet service,No internet service,No internet service,No internet service,No internet service,No internet service,Two year,Yes,Electronic check,25.3,1422.72,No
1941-FVIYU,Female,0,Yes,No,5,Yes,Yes,Fiber optic,Yes,No,No,No,Yes,No,One year,No,Electronic check,83.51,428.03,No
7627-CGMSE,Male,0,No,No,5,Yes,Yes,DSL,Yes,No,No,Yes,Yes,Yes,Month-to-month,Yes,Electronic check,41.01,222.5,Yes
4742-ONAUH,Female,1,No,Yes,13,Yes,Yes,DSL,Yes,No,No,No,Yes,No,Two year,Yes,Electronic check,40.16,532.09,Yes
6237-MHDHR,Male,0,Yes,No,8,Yes,No,Fiber optic,No,Yes,No,No,No,No,One year,Yes,Electronic check,97.94,774.69,Yes
1309-QYJGQ,Male,0,No,No,64,Yes,No,No,No internet service,No internet service,No internet service,No internet service,No internet service,No internet service,Two year,Yes,Electronic check,20.64,1335.58,No
3577-FOEQR,Female,0,No,No,15,No,No phone service,No,No internet service,No internet service,No internet service,No internet service,No internet service,No internet service,Month-to-month,Yes,Credit card (automatic),20.76,314.86,No
3803-ENVSH,Male,0,No,No,67,Yes,Yes,Fiber optic,No,No,No,Yes,Yes,Yes,Month-to-month,No,Mailed check,89.89,6023.25,No
6074-KBTTE,Male,0,No,No,0,Yes,No,No,No internet service,No internet service,No internet service,No internet service,No internet service,No internet service,One year,No,Mailed check,25.86,0.0,No
1756-WMJQW,Female,0,Yes,No,31,Yes,No,DSL,Yes,No,Yes,No,No,No,Month-to-month,Yes,Bank transfer (automatic),47.21,1460.63,Yes
3419-SFYKE,Male,0,No,No,57,No,No phone service,DSL,Yes,No,No,Yes,No,Yes,Month-to-month,Yes,Credit card (automatic),65.12,3719.61,No
7372-USNNM,Female,0,Yes,No,67,Yes,No,DSL,Yes,No,Yes,No,No,No,Month-to-month,Yes,Bank transfer (automatic),57.2,3845.5,No
2150-XCQSO,Female,1,Yes,No,62,Yes,No,No,No internet service,No internet service,No internet service,No internet service,No internet service,No internet service,Two year,Yes,Electronic check,21.85,1370.04,No
9143-WHONI,Female,0,No,Yes,55,No,No phone service,No,No internet service,No internet service,No internet service,No internet service,No internet service,No internet service,Month-to-month,Yes,Bank transfer (automatic),18.11,998.11,No
6504-ZXSFS,Male,0,No,No,12,No,No phone service,DSL,Yes,Yes,Yes,No,No,No,Month-to-month,No,Electronic check,59.78,732.29,No
7120-NLYIE,Male,0,Yes,No,62,Yes,Yes,Fiber optic,No,Yes,No,No,No,No,Month-to-month,Yes,Credit card (automatic),98.67,6135.96,Yes
6346-EHWOO,Male,1,Yes,No,58,Yes,Yes,DSL,Yes,Yes,Yes,No,Yes,No,Month-to-month,Yes,Bank transfer (automatic),55.71,3239.36,No
7976-FIRCJ,Female,0,No,No,59,Yes,No,No,No internet service,No internet service,No internet service,No internet service,No internet service,No internet service,Two year,No,Credit card (automatic),29.3,1743.4,No
8501-KWEUR,Male,0,No,Yes,20,Yes,No,Fiber optic,No,Yes,Yes,No,No,No,Month-to-month,No,Credit card (automatic),87.0,1757.99,No
8849-NSSBB,Female,0,No,No,6,Yes,Yes,No,No internet service,No internet service,No internet service,No internet service,No internet service,No internet service,One year,No,Mailed check,29.73,172.53,No
9224-PDYNU,Female,1,Yes,No,1,Yes,No,DSL,Yes,No,No,No,Yes,Yes,Month-to-month,No,Credit card (automatic),53.75,66.51,No
2662-VGIST,Male,1,No,No,19,Yes,Yes,Fiber optic,No,No,No,Yes,No,No,Month-to-month,Yes,Credit card (automatic),74.1,1412.47,No
4887-FDTOY,Female,0,Yes,No,50,Yes,Yes,Fiber optic,Yes,No,No,No,Yes,No,Two year,Yes,Mailed check,81.36,4078.91,No
8982-JCLYY,Male,0,Yes,No,0,Yes,Yes,DSL,Yes,Yes,No,Yes,Yes,Yes,Two year,Yes,Bank transfer (automatic),46.2,0.0,No
7492-YAHRM,Male,0,Yes,No,51,Yes,Yes,Fiber optic,Yes,No,Yes,No,No,Yes,Month-to-month,No,Electronic check,113.39,5799.23,No
7007-KTDXX,Male,0,No,No,16,Yes,Yes,Fiber optic,No,No,No,No,Yes,Yes,Month-to-month,No,Mailed check,103.97,1672.34,Yes
3172-IDCHN,Male,0,No,No,2,No,No phone service,Fiber optic,No,No,No,Yes,No,Yes,Month-to-month,No,Electronic check,102.76,195.57,No
6558-PAHBY,Male,0,No,No,0,Yes,No,Fiber optic,No,No,Yes,No,Yes,No,Month-to-month,No,Mailed check,80.24,7.15,Yes
6158-YTCQD,Female,1,No,No,61,Yes,Yes,Fiber optic,No,No,No,Yes,No,No,One year,No,Bank transfer (automatic),84.71,5173.65,No
8843-RNCXB,Female,0,Yes,No,30,Yes,No,DSL,No,No,Yes,No,No,No,Month-to-month,No,Bank transfer (automatic),57.78,1735.5,No
2352-UFEVF,Female,0,Yes,No,65,Yes,Yes,Fiber optic,No,No,Yes,Yes,No,No,Two year,No,Mailed check,103.58,6719.81,No
6309-DKUFG,Male,0,Yes,No,53,Yes,Yes,Fiber optic,No,No,No,No,No,Yes,One year,Yes,Electronic check,71.27,3778.15,No
4732-SCSCL,Male,0,No,Yes,1,Yes,No,DSL,Yes,Yes,Yes,Yes,No,No,Month-to-month,No,Bank transfer (automatic),59.17,64.63,No
5918-JKTDC,Male,0,No,Yes,2,Yes,No,Fiber optic,No,No,Yes,No,Yes,No,Two year,Yes,Electronic check,104.76,211.57,Yes
5403-NXVXB,Female,0,No,No,63,Yes,No,No,No internet service,No internet service,No internet service,No internet service,No internet service,No internet service,Two year,Yes,Electronic check,22.04,1381.87,No
3909-SMLNW,Male,0,No,No,64,No,No phone service,No,No internet service,No internet service,No internet service,No internet service,No internet service,No internet service,One year,Yes,Credit card (automatic),23.06,1483.96,No
5092-QOYVZ,Female,1,No,No,62,Yes,No,DSL,No,No,Yes,No,No,No,Two year,No,Mailed check,65.57,4070.91,No
1470-LEQEV,Female,0,No,No,4,Yes,Yes,Fiber optic,No,Yes,No,Yes,Yes,No,Two year,Yes,Credit card (automatic),113.68,444.03,No
8120-WEJZN,Male,0,No,No,12,Yes,No,No,No internet service,No internet service,No internet service,No internet service,No internet service,No internet service,One year,Yes,Bank transfer (automatic),22.49,265.02,No
5464-MFCFT,Male,0,No,No,8,Yes,Yes,Fiber optic,No,Yes,No,No,Yes,No,Two year,No,Mailed check,76.55,611.27,No
8610-ROWKD,Female,0,No,No,8,Yes,No,Fiber optic,No,No,No,No,No,No,One year,Yes,Electronic check,104.35,848.84,No
9444-QNXAN,Male,0,No,No,70,No,No phone service,DSL,No,No,No,No,No,No,Month-to-month,Yes,Mailed check,44.12,3072.58,No
9797-ZJQTD,Female,0,No,No,2,Yes,No,DSL,No,No,Yes,No,No,No,Month-to-month,Yes,Electronic check,65.74,127.55,No
3936-OSTTA,Male,0,Yes,Yes,5,Yes,No,Fiber optic,No,No,No,No,No,No,Two year,No,Bank transfer (automatic),89.97,433.61,No
4520-CODGZ,Male,0,Yes,No,4,Yes,No,DSL,No,No,No,No,Yes,Yes,Month-to-month,Yes,Electronic check,68.63,281.53,No
9792-VHXQH,Female,0,Yes,Yes,59,Yes,No,Fiber optic,No,Yes,Yes,No,Yes,No,Month-to-month,Yes,Credit card (automatic),99.98,5895.14,Yes
6701-NTSJU,Male,0,Yes,No,0,Yes,No,DSL,No,No,No,Yes,No,No,Month-to-month,Yes,Mailed check,61.57,0.0,Yes
7371-ZLMIP,Female,0,No,Yes,3,Yes,Yes,DSL,No,No,No,No,No,No,One year,No,Electronic check,41.87,139.4,No
6165-UJNRP,Male,1,Yes,No,70,Yes,Yes,Fiber optic,No,No,No,No,Yes,No,One year,No,Credit card (automatic),96.6,6781.8,No
1970-WNGLP,Female,0,Yes,Yes,10,Yes,No,No,No internet service,No internet service,No internet service,No internet service,No internet service,No internet service,Month-to-month,No,Mailed check,28.77,296.83,No
4986-GTYWI,Female,0,Yes,Yes,50,Yes,No,DSL,No,Yes,Yes,No,No,No,Month-to-month,No,Bank transfer (automatic),61.27,3043.89,No
3862-FKXOX,Male,1,No,No,68,Yes,No,Fiber optic,No,No,Yes,Yes,Yes,Yes,Two year,Yes,Credit card (automatic),73.81,5038.02,No
8466-DFMYM,Female,0,Yes,Yes,57,Yes,Yes,DSL,No,No,No,Yes,Yes,No,One year,No,Electronic check,41.99,2379.02,No
9597-EJQSZ,Male,0,Yes,Yes,53,Yes,No,DSL,Yes,Yes,No,No,Yes,Yes,Two year,No,Electronic check,54.03,2855.43,No
4992-FHXSN,Male,1,Yes,No,69,Yes,Yes,No,No internet service,No internet service,No internet service,No internet service,No internet service,No internet service,Month-to-month,No,Electronic check,29.99,2065.94,No
7610-GNULY,Male,0,Yes,Yes,3,Yes,No,Fiber optic,No,No,No,No,No,Yes,One year,No,Electronic check,103.02,294.8,No
6390-WZIOB,Female,1,No,Yes,15,Yes,Yes,DSL,Yes,Yes,Yes,Yes,No,Yes,One year,No,Mailed check,55.45,828.8,No
4626-HCCPE,Female,1,Yes,Yes,64,Yes,Yes,Fiber optic,No,Yes,No,No,Yes,Yes,Month-to-month,Yes,Credit card (automatic),84.14,5401.02,Yes
6883-JAKMU,Male,0,No,No,19,Yes,Yes,DSL,No,No,No,Yes,No,No,Two year,No,Mailed check,41.64,781.69,No
5194-VGVCY,Male,0,No,No,0,Yes,No,No,No internet service,No internet service,No internet service,No internet service,No internet service,No internet service,Month-to-month,Yes,Credit card (automatic),18.09,0.0,Yes
2791-GEUHW,Female,0,No,No,54,Yes,No,DSL,No,Yes,No,No,No,Yes,One year,No,Electronic check,45.1,2439.02,No
7573-VGDIN,Male,0,Yes,No,71,Yes,Yes,No,No internet service,No internet service,No internet service,No internet service,No internet service,No internet service,One year,Yes,Credit card (automatic),29.9,2129.67,No
6653-JLUBF,Male,0,Yes,Yes,69,Yes,Yes,DSL,Yes,No,Yes,No,No,No,Month-to-month,Yes,Bank transfer (automatic),41.1,2839.68,No
1943-JELVB,Female,0,Yes,No,61,Yes,No,Fiber optic,No,No,No,No,No,No,One year,Yes,Credit card (automatic),96.17,5849.48,No
8325-PSMMW,Male,0,Yes,No,9,Yes,No,No,No internet service,No internet service,No internet service,No internet service,No internet service,No internet service,Month-to-month,No,Credit card (automatic),19.96,194.84,Yes
4278-QJICR,Female,0,No,No,5,Yes,No,DSL,No,Yes,No,No,No,No,One year,Yes,Credit card (automatic),66.76,343.15,Yes
8698-BLPIE,Male,0,Yes,No,11,Yes,Yes,DSL,No,No,Yes,Yes,Yes,No,Month-to-month,Yes,Electronic check,61.3,677.2,No
3771-JPCYY,Female,0,Yes,No,0,Yes,Yes,Fiber optic,Yes,No,No,No,No,No,Month-to-month,Yes,Bank transfer (automatic),102.33,0.0,Yes
3155-UHYWN,Male,0,No,Yes,1,Yes,Yes,DSL,No,Yes,No,No,No,No,Month-to-month,Yes,Electronic check,42.35,61.35,Yes
9623-WJCEE,Male,0,No,No,66,Yes,Yes,Fiber optic,No,Yes,No,No,No,No,Month-to-month,Yes,Electronic check,93.89,6210.25,No
4847-RWROJ,Female,1,Yes,No,52,Yes,No,Fiber optic,No,No,No,No,Yes,No,One year,Yes,Mailed check,77.08,3998.59,No
5820-DKFFB,Male,1,Yes,No,68,Yes,Yes,Fiber optic,Yes,No,No,No,No,Yes,Two year,Yes,Credit card (automatic),102.55,6978.46,No
6232-EMCNN,Female,0,Yes,No,54,Yes,No,Fiber optic,No,No,No,Yes,No,No,Month-to-month,No,Electronic check,72.36,3896.79,Yes
8208-SAWCK,Male,1,No,Yes,64,Yes,No,DSL,No,No,No,No,Yes,No,Month-to-month,Yes,Credit card (automatic),69.52,4452.12,No
7506-STKSC,Female,0,No,No,2,Yes,Yes,No,No internet service,No internet service,No internet service,No internet service,No internet service,No internet service,Month-to-month,No,Credit card (automatic),25.82,60.92,Yes
1630-GLFBQ,Female,0,No,Yes,1,Yes,No,Fiber optic,No,Yes,No,No,No,Yes,One year,No,Electronic check,105.98,104.61,No
9135-VGSTS,Female,0,No,Yes,18,Yes,No,Fiber optic,Yes,No,No,No,No,Yes,Month-to-month,No,Electronic check,78.62,1407.22,Yes
5102-PLVXH,Female,0,No,No,54,Yes,No,DSL,No,No,Yes,Yes,No,Yes,Month-to-month,Yes,Electronic check,60.77,3275.22,Yes
7314-GLNNQ,Male,1,Yes,No,67,Yes,No,Fiber optic,Yes,No,No,No,Yes,No,One year,Yes,Bank transfer (automatic),79.46,5338.27,No
2944-PPJIU,Male,0,Yes,No,10,Yes,Yes,DSL,No,No,Yes,No,Yes,No,Month-to-month,Yes,Electronic check,50.21,484.92,No
7381-WMKRP,Female,0,No,No,71,Yes,No,DSL,Yes,No,No,Yes,No,No,Month-to-month,Yes,Electronic check,64.11,4568.3,No
6623-WVMCO,Female,0,No,No,8,Yes,Yes,DSL,Yes,Yes,No,Yes,Yes,No,Month-to-month,Yes,Mailed check,66.17,519.7,Yes
6347-BCBFL,Female,0,Yes,Yes,69,Yes,No,Fiber optic,Yes,No,Yes,No,No,Yes,Month-to-month,Yes,Mailed check,91.12,6291.9,Yes
7427-OOXSY,Male,0,No,No,50,Yes,No,Fiber optic,No,No,No,No,No,Yes,Month-to-month,No,Credit card (automatic),96.79,4839.58,No
5988-WEYBR,Male,0,No,No,64,Yes,Yes,Fiber optic,No,Yes,No,No,Yes,No,One year,Yes,Mailed check,112.72,7206.65,Yes
1468-YLZUN,Male,0,Yes,No,8,Yes,Yes,No,No internet service,No internet service,No internet service,No internet service,No internet service,No internet service,Month-to-month,No,Electronic check,27.42,235.33,No
1939-PLBYT,Male,0,No,No,43,Yes,Yes,DSL,No,No,No,Yes,No,No,Month-to-month,Yes,Bank transfer (automatic),43.18,1869.85,No
4844-TDBEP,Female,0,Yes,No,58,Yes,Yes,No,No internet service,No internet service,No internet service,No internet service,No internet service,No internet service,Month-to-month,No,Electronic check,29.4,1707.27,No
2738-JORLX,Female,0,No,No,5,Yes,No,Fiber optic,No,No,No,Yes,No,Yes,One year,No,Electronic check,86.66,429.59,No
5907-FXYAO,Female,0,Yes,No,60,Yes,No,DSL,Yes,Yes,Yes,Yes,No,No,Two year,Yes,Electronic check,40.81,2455.65,No
3332-ANSQU,Male,0,No,No,53,Yes,Yes,DSL,No,No,No,Yes,No,Yes,One year,Yes,Electronic check,52.85,2785.79,No
3096-ZATBF,Male,0,No,No,62,No,No phone service,Fiber optic,Yes,Yes,No,No,Yes,Yes,Month-to-month,No,Electronic check,86.62,5388.33,No
5608-PCXLB,Male,0,Yes,No,55,Yes,Yes,DSL,No,No,Yes,No,No,No,One year,Yes,Credit card (automatic),56.81,3140.12,No
9088-QSVTI,Female,0,No,No,63,Yes,Yes,No,No internet service,No internet service,No internet service,No internet service,No internet service,No internet service,Month-to-month,No,Credit card (automatic),26.93,1697.04,Yes
6592-EDPQL,Female,0,No,No,46,Yes,Yes,No,No internet service,No internet service,No internet service,No internet service,No internet service,No internet service,Month-to-month,Yes,Credit card (automatic),21.76,1014.35,No
1107-OBBSC,Male,1,No,No,2,Yes,No,DSL,Yes,No,Yes,No,Yes,No,Month-to-month,No,Electronic check,44.41,105.59,No
8219-XEREU,Female,0,Yes,No,68,Yes,No,DSL,Yes,Yes,Yes,Yes,Yes,Yes,Month-to-month,Yes,Credit card (automatic),62.8,4255.66,No
7235-ZRMFR,Male,0,No,No,1,Yes,No,DSL,No,Yes,No,No,No,Yes,Month-to-month,Yes,Mailed check,56.37,46.92,Yes
3478-MOFTR,Male,1,Yes,No,17,Yes,Yes,Fiber optic,Yes,No,No,No,Yes,Yes,Month-to-month,No,Bank transfer (automatic),81.98,1382.1,No
2313-ZIVER,Female,0,Yes,No,57,Yes,Yes,DSL,No,Yes,Yes,No,Yes,No,Month-to-month,No,Bank transfer (automatic),54.66,3122.21,No
5828-MDPIZ,Male,0,Yes,No,69,Yes,No,No,No internet service,No internet service,No internet service,No internet service,No internet service,No internet service,Two year,Yes,Electronic check,24.57,1714.65,No
4342-JHZRD,Female,0,Yes,No,1,Yes,Yes,Fiber optic,Yes,No,Yes,No,Yes,Yes,Two year,Yes,Electronic check,106.07,87.36,Yes
1156-CLNWZ,Male,0,No,No,7,Yes,No,No,No internet service,No internet service,No internet service,No internet service,No internet service,No internet service,Two year,Yes,Electronic check,23.45,183.95,Yes
5596-SDFBA,Female,0,Yes,Yes,0,Yes,No,Fiber optic,No,Yes,No,No,No,No,Month-to-month,Yes,Electronic check,77.84,0.0,Yes
5159-JZGWG,Female,1,Yes,Yes,9,Yes,Yes,DSL,No,Yes,No,No,No,No,Two year,Yes,Mailed check,54.27,493.37,No
2354-DVASL,Female,0,No,No,17,Yes,Yes,Fiber optic,No,No,Yes,No,Yes,No,Two year,Yes,Mailed check,80.37,1373.46,No
6021-BEMBC,Male,0,No,No,12,Yes,No,Fiber optic,Yes,Yes,No,No,No,Yes,Two year,Yes,Mailed check,84.86,999.81,No
2631-RHNNU,Male,1,No,No,53,Yes,No,Fiber optic,Yes,Yes,No,No,Yes,No,Month-to-month,No,Bank transfer (automatic),103.36,5471.4,No
2241-QZJZA,Female,1,Yes,Yes,11,Yes,No,No,No internet service,No internet service,No internet service,No internet service,No internet service,No internet service,Two year,Yes,Electronic check,22.88,250.38,No
6348-YFEJK,Female,0,No,Yes,5,Yes,Yes,Fiber optic,No,Yes,Yes,No,No,Yes,Month-to-month,No,Credit card (automatic),98.21,507.33,Yes
5519-TPOSI,Male,0,Yes,No,67,Yes,No,DSL,No,No,No,No,No,Yes,Month-to-month,Yes,Credit card (automatic),50.33,3380.19,No
3290-ITJKG,Male,0,No,Yes,11,Yes,Yes,DSL,No,Yes,Yes,Yes,No,No,Month-to-month,Yes,Electronic check,44.57,495.38,No
1530-BRWTT,Male,0,No,No,7,Yes,No,Fiber optic,Yes,Yes,Yes,No,No,Yes,Two year,Yes,Mailed check,77.2,525.58,No
9896-OKDJV,Female,0,No,No,2,Yes,No,Fiber optic,No,No,Yes,No,No,Yes,Month-to-month,No,Credit card (automatic),78.04,147.68,Yes
4440-SPMVP,Male,1,Yes,No,70,Yes,Yes,Fiber optic,No,No,Yes,Yes,Yes,Yes,Month-to-month,No,Mailed check,90.67,6344.48,No
8010-YVSAQ,Male,0,Yes,Yes,67,Yes,Yes,DSL,Yes,No,No,Yes,Yes,No,Two year,Yes,Mailed check,65.04,4349.76,No
2922-PPQRP,Female,0,Yes,Yes,0,Yes,No,No,No internet service,No internet service,No internet service,No internet service,No internet service,No internet service,Month-to-month,No,Credit card (automatic),28.54,0.0,No
2346-AQWJY,Male,0,Yes,No,67,Yes,No,No,No internet service,No internet service,No internet service,No internet service,No internet service,No internet service,Two year,Yes,Bank transfer (automatic),28.58,1931.66,No
2837-SWZBW,Male,0,Yes,Yes,54,Yes,No,DSL,No,No,No,Yes,No,Yes,Two year,Yes,Electronic check,64.35,3479.11,No
8996-TEDJA,Male,0,No,No,68,Yes,No,Fiber optic,No,No,No,No,Yes,No,Month-to-month,Yes,Mailed check,99.74,6783.06,Yes
9069-PAVBC,Female,0,Yes,No,59,Yes,No,Fiber optic,No,Yes,Yes,Yes,Yes,Yes,Month-to-month,Yes,Credit card (automatic),110.6,6526.91,No
4494-FVVZX,Female,0,No,Yes,25,Yes,No,Fiber optic,No,No,No,Yes,No,No,Month-to-month,Yes,Electronic check,76.63,1926.68,No
8435-RJZQA,Female,0,Yes,Yes,8,Yes,No,Fiber optic,No,No,No,No,No,No,Two year,No,Electronic check,106.7,872.6,Yes
5844-DOBNE,Female,0,Yes,Yes,71,Yes,Yes,Fiber optic,No,Yes,No,No,No,Yes,Two year,No,Electronic check,97.15,6916.93,No
9774-IZUAH,Female,0,No,No,68,Yes,Yes,DSL,No,No,No,No,No,No,Month-to-month,Yes,Credit card (automatic),65.48,4459.0,No
8350-TWZPK,Female,0,No,Yes,14,Yes,No,Fiber optic,No,No,No,No,No,Yes,Month-to-month,Yes,Mailed check,70.73,984.95,Yes
6963-WSOXO,Female,0,Yes,No,0,Yes,No,DSL,Yes,Yes,No,No,No,Yes,Month-to-month,No,Bank transfer (automatic),49.62,3.63,No
7464-VVPYN,Male,0,Yes,No,66,Yes,No,DSL,No,No,Yes,Yes,No,Yes,One year,Yes,Electronic check,66.48,4370.4,No
1267-QNPEP,Male,0,No,No,67,Yes,No,Fiber optic,No,No,No,No,No,Yes,Month-to-month,No,Electronic check,112.76,7541.39,No
1695-YALAI,Female,0,Yes,Yes,0,No,No phone service,DSL,No,Yes,No,No,No,No,Month-to-month,Yes,Bank transfer (automatic),53.47,15.63,No
5631-WKHAL,Male,0,Yes,No,54,Yes,Yes,DSL,Yes,Yes,No,No,No,Yes,One year,Yes,Bank transfer (automatic),56.04,3036.09,No
4947-EPPAA,Male,0,No,No,57,Yes,No,Fiber optic,No,No,No,No,Yes,Yes,Month-to-month,Yes,Electronic check,106.5,6060.28,Yes
8229-XHELU,Female,0,Yes,No,19,Yes,Yes,No,No internet service,No internet service,No internet service,No internet service,No internet service,No internet service,Month-to-month,Yes,Credit card (automatic),23.83,449.25,Yes
3884-QRIHX,Male,1,Yes,No,1,Yes,No,Fiber optic,Yes,No,No,Yes,Yes,Yes,Two year,Yes,Mailed check,79.05,61.54,No
3800-CUBAV,Male,0,No,No,44,Yes,Yes,DSL,No,No,No,No,Yes,Yes,One year,Yes,Electronic check,53.48,2367.7,No
7561-TLLJU,Male,0,No,No,53,No,No phone service,Fiber optic,Yes,No,Yes,No,No,No,Month-to-month,Yes,Electronic check,71.58,3785.79,No
9853-NBUNH,Male,0,Yes,No,0,Yes,No,Fiber optic,No,No,No,No,No,Yes,One year,Yes,Electronic check,72.66,1.87,No
1039-QGOQZ,Male,0,No,No,53,No,No phone service,DSL,No,No,No,Yes,No,No,Month-to-month,No,Mailed check,64.98,3463.39,No
4890-JSOQK,Female,1,Yes,No,3,Yes,No,DSL,No,No,No,Yes,Yes,Yes,One year,Yes,Credit card (automatic),56.61,157.05,Yes
7880-XDHTZ,Female,0,No,Yes,5,Yes,No,DSL,Yes,No,No,No,No,Yes,Two year,No,Mailed check,58.0,305.29,No
7827-ALPBU,Female,0,No,No,0,Yes,No,Fiber optic,No,Yes,No,No,No,Yes,One year,Yes,Bank transfer (automatic),91.07,0.0,No
4723-BSUWB,Male,0,Yes,No,60,Yes,Yes,Fiber optic,Yes,No,Yes,Yes,Yes,Yes,One year,No,Electronic check,97.15,5813.59,No
4426-NYDNZ,Female,0,Yes,Yes,20,Yes,Yes,Fiber optic,Yes,No,No,Yes,No,No,One year,Yes,Electronic check,97.89,1938.68,No
3066-RWBJM,Male,0,Yes,No,21,Yes,No,No,No internet service,No internet service,No internet service,No internet service,No internet service,No internet service,Month-to-month,Yes,Mailed check,20.56,445.34,Yes
5492-NKPGA,Male,0,No,Yes,10,Yes,Yes,DSL,No,Yes,No,No,No,Yes,Month-to-month,Yes,Electronic check,49.5,475.08,Yes
4429-BCDRH,Male,0,No,Yes,5,Yes,No,No,No internet service,No internet service,No internet service,No internet service,No internet service,No internet service,Month-to-month,Yes,Electronic check,20.32,119.69,Yes
1166-LPIZV,Male,0,Yes,No,65,Yes,Yes,Fiber optic,Yes,Yes,Yes,No,Yes,No,One year,No,Electronic check,72.95,4729.09,No
1778-PVHGA,Female,1,Yes,No,4,Yes,No,DSL,No,No,Yes,Yes,Yes,No,Month-to-month,No,Electronic check,51.67,219.17,Yes
8981-QKEJF,Female,1,Yes,No,59,Yes,Yes,No,No internet service,No internet service,No internet service,No internet service,No internet service,No internet service,Month-to-month,Yes,Credit card (automatic),20.92,1248.75,No
7479-LGMWE,Male,0,Yes,No,2,Yes,Yes,Fiber optic,No,Yes,No,No,Yes,Yes,One year,No,Mailed check,105.65,194.7,No
4530-YUWYW,Female,0,Yes,Yes,1,Yes,No,Fiber optic,No,No,No,Yes,No,No,Month-to-month,Yes,Mailed check,72.68,67.98,Yes
3811-EJRXF,Male,0,No,No,65,Yes,No,DSL,No,No,No,No,No,No,One year,Yes,Electronic check,68.35,4433.82,No
7940-KCUDS,Female,0,No,Yes,17,Yes,No,DSL,No,No,No,Yes,No,Yes,Month-to-month,No,Electronic check,69.95,1169.76,No
3358-GEVNB,Female,1,No,No,5,Yes,Yes,No,No internet service,No internet service,No internet service,No internet service,No internet service,No internet service,Month-to-month,Yes,Credit card (automatic),29.56,144.73,Yes
1202-NFUFL,Male,0,No,No,7,Yes,No,DSL,No,No,Yes,No,No,No,Month-to-month,Yes,Bank transfer (automatic),58.3,407.51,No
9896-PGBWI,Female,0,No,No,2,No,No phone service,No,No internet service,No internet service,No internet service,No internet service,No internet service,No internet service,Month-to-month,No,Bank transfer (automatic),21.7,50.58,No
1973-QWNGM,Male,0,No,No,2,No,No phone service,DSL,Yes,No,No,No,No,No,Month-to-month,Yes,Electronic check,62.5,114.77,No
5855-XNQAF,Female,0,No,No,9,Yes,Yes,DSL,No,No,Yes,No,No,Yes,Month-to-month,Yes,Electronic check,61.58,568.08,No
4065-AAANX,Male,1,Yes,No,4,Yes,Yes,DSL,Yes,No,No,No,Yes,Yes,Month-to-month,No,Electronic check,51.42,204.86,Yes
3027-VOOEE,Male,1,Yes,Yes,70,Yes,Yes,Fiber optic,Yes,No,No,No,No,No,One year,No,Mailed check,77.99,5466.13,No
5878-JUSAP,Female,0,Yes,No,51,Yes,No,DSL,No,No,No,Yes,Yes,Yes,Month-to-month,Yes,Bank transfer (automatic),58.78,2996.51,Yes
6534-FBFYM,Female,0,No,Yes,8,Yes,Yes,Fiber optic,No,Yes,No,Yes,Yes,Yes,Two year,Yes,Credit card (automatic),97.16,760.54,No
3550-KISKK,Male,1,No,No,53,Yes,Yes,DSL,Yes,No,No,No,Yes,No,One year,Yes,Mailed check,59.15,3154.91,No
4965-YFEHH,Female,1,Yes,No,58,No,No phone service,No,No internet service,No internet service,No internet service,No internet service,No internet service,No internet service,Month-to-month,No,Electronic check,22.59,1321.36,Yes
7659-CBPEZ,Female,0,No,No,61,Yes,Yes,No,No internet service,No internet service,No internet service,No internet service,No internet service,No internet service,Month-to-month,Yes,Bank transfer (automatic),21.82,1350.27,No
6561-CFVTN,Male,0,No,No,60,Yes,Yes,DSL,No,No,No,No,No,Yes,Month-to-month,Yes,Bank transfer (automatic),49.99,3012.29,No
3273-OCFVU,Male,0,Yes,No,67,Yes,Yes,Fiber optic,No,No,Yes,Yes,Yes,No,Two year,No,Electronic check,73.67,4934.19,No
4457-ZEDLT,Female,0,Yes,Yes,2,Yes,Yes,No,No internet service,No internet service,No internet service,No internet service,No internet service,No internet service,Two year,No,Electronic check,28.9,65.42,Yes
7238-UOAVY,Male,1,Yes,Yes,16,Yes,No,Fiber optic,No,Yes,No,No,No,Yes,Month-to-month,Yes,Bank transfer (automatic),98.95,1596.62,Yes
3958-KOQDL,Male,0,Yes,No,65,Yes,Yes,Fiber optic,No,No,No,No,No,No,One year,Yes,Electronic check,84.81,5518.4,No
8343-QRWJO,Male,1,No,No,3,Yes,No,Fiber optic,Yes,No,No,No,Yes,Yes,Two year,No,Credit card (automatic),101.18,309.56,Yes
6816-FITEU,Female,0,No,No,69,Yes,No,No,No internet service,No internet service,No internet service,No internet service,No internet service,No internet service,One year,No,Credit card (automatic),26.11,1789.62,Yes
9387-GEODN,Female,0,No,No,66,Yes,No,DSL,No,No,No,No,No,No,Month-to-month,No,Electronic check,40.69,2669.93,Yes
4055-FCUTM,Male,0,No,Yes,3,Yes,No,DSL,No,No,Yes,No,Yes,No,Month-to-month,Yes,Mailed check,42.77,137.69,Yes
9217-BFRUM,Female,0,No,No,6,Yes,No,DSL,No,No,Yes,Yes,Yes,No,Month-to-month,Yes,Electronic check,43.69,264.76,No
1833-YDSPN,Male,0,No,Yes,1,Yes,No,Fiber optic,No,No,Yes,No,Yes,No,One year,Yes,Mailed check,92.03,101.33,No
5006-GCFSO,Female,0,No,Yes,50,Yes,Yes,DSL,No,Yes,No,Yes,No,No,Two year,No,Bank transfer (automatic),41.05,2055.81,No
2364-WWINS,Male,0,No,Yes,5,No,No phone service,DSL,Yes,No,Yes,No,No,No,Month-to-month,Yes,Electronic check,54.36,252.3,Yes
7926-XSLLU,Male,0,No,No,61,Yes,Yes,Fiber optic,No,Yes,No,Yes,Yes,No,Month-to-month,Yes,Credit card (automatic),110.33,6749.04,No
7517-BQTUA,Female,0,Yes,No,66,Yes,No,DSL,No,No,Yes,No,No,No,Two year,No,Mailed check,67.35,4430.02,No
9005-YZQAU,Male,0,No,Yes,9,No,No phone service,DSL,No,No,No,No,Yes,Yes,Two year,No,Electronic check,69.81,636.71,No
4176-HOWQW,Female,0,Yes,No,6,Yes,No,Fiber optic,No,No,No,No,Yes,Yes,Month-to-month,No,Electronic check,89.65,542.49,No
6762-RJTFC,Female,0,No,No,59,Yes,No,No,No internet service,No internet service,No internet service,No internet service,No internet service,No internet service,Month-to-month,Yes,Credit card (automatic),20.64,1207.67,No
8194-KNNIF,Male,0,Yes,No,68,Yes,Yes,DSL,No,No,No,No,No,No,Month-to-month,No,Bank transfer (automatic),66.85,4558.91,No
4303-BCEDA,Male,0,Yes,No,2,No,No phone service,DSL,No,No,Yes,No,No,No,Month-to-month,No,Mailed check,65.36,121.19,No
4696-JSYAL,Female,0,No,Yes,1,Yes,No,DSL,No,Yes,No,Yes,No,Yes,Month-to-month,Yes,Credit card (automatic),56.72,39.54,Yes
4261-IJQQN,Male,0,Yes,No,15,Yes,No,No,No internet service,No internet service,No internet service,No internet service,No internet service,No internet service,Month-to-month,No,Mailed check,29.95,456.97,No
8647-RZDXG,Male,0,Yes,Yes,9,Yes,No,Fiber optic,Yes,No,No,No,Yes,Yes,Two year,No,Bank transfer (automatic),106.44,951.0,No
2859-TWAJQ,Male,0,Yes,No,4,Yes,Yes,DSL,No,Yes,No,Yes,No,No,Two year,Yes,Credit card (automatic),42.61,156.96,No
8592-GSVDC,Male,1,No,No,8,Yes,No,Fiber optic,No,No,Yes,No,Yes,No,Month-to-month,Yes,Bank transfer (automatic),107.15,844.25,No
5391-MFZWO,Male,0,No,Yes,66,Yes,Yes,DSL,No,Yes,No,Yes,No,Yes,Two year,Yes,Electronic check,41.82,2740.75,No
4506-PZWRU,Female,0,No,No,10,Yes,No,DSL,Yes,No,No,No,Yes,No,One year,No,Credit card (automatic),45.62,448.38,No
6370-PPQLN,Female,0,No,Yes,56,Yes,Yes,DSL,No,No,No,Yes,Yes,No,Month-to-month,Yes,Electronic check,55.22,3083.37,Yes
1991-GRHGH,Male,0,Yes,No,9,Yes,No,DSL,Yes,Yes,Yes,Yes,No,No,Two year,Yes,Credit card (automatic),42.51,381.86,No
5651-PPVQO,Male,0,Yes,Yes,55,Yes,Yes,Fiber optic,No,No,Yes,No,No,No,One year,Yes,Credit card (automatic),73.59,4046.63,No
8730-MJFHQ,Male,0,Yes,No,9,Yes,No,Fiber optic,No,No,No,No,No,No,Two year,No,Electronic check,89.8,815.37,No
1118-QVTHB,Female,0,No,No,57,Yes,No,Fiber optic,No,No,Yes,Yes,Yes,No,Month-to-month,Yes,Electronic check,77.91,4441.36,No
6456-RNAVD,Male,0,No,Yes,3,Yes,No,Fiber optic,No,Yes,Yes,No,Yes,No,Month-to-month,Yes,Credit card (automatic),82.24,259.27,Yes
4554-MPGIG,Female,0,Yes,No,16,Yes,No,Fiber optic,No,No,Yes,No,No,Yes,Month-to-month,Yes,Electronic check,114.91,1853.54,No
5502-OICEU,Female,0,Yes,No,70,Yes,No,Fiber optic,No,No,No,No,No,Yes,Month-to-month,Yes,Credit card (automatic),76.81,5378.78,No
7049-PNGDH,Female,0,Yes,No,10,Yes,Yes,Fiber optic,No,Yes,No,No,No,No,One year,Yes,Mailed check,87.14,885.3,No
3315-NZLUK,Male,0,No,No,2,Yes,Yes,DSL,No,Yes,No,No,No,No,Two year,No,Electronic check,42.19,103.99,No
9161-SRFLC,Female,0,Yes,No,5,Yes,No,Fiber optic,No,Yes,No,No,Yes,No,One year,No,Bank transfer (automatic),113.87,575.83,No
5594-YEGPO,Male,0,Yes,No,8,No,No phone service,No,No internet service,No internet service,No internet service,No internet service,No internet service,No internet service,Month-to-month,No,Electronic check,26.45,199.24,No
8016-GRWAT,Female,0,Yes,Yes,3,Yes,Yes,Fiber optic,No,No,No,No,Yes,No,Month-to-month,Yes,Electronic check,79.57,240.04,No
4005-FJCJQ,Male,0,No,No,2,Yes,Yes,Fiber optic,No,No,Yes,No,Yes,No,Two year,Yes,Mailed check,88.28,159.0,Yes
6936-KDBDQ,Female,0,No,Yes,56,Yes,No,DSL,No,No,Yes,Yes,No,No,Month-to-month,No,Electronic check,55.92,3142.7,No
5131-BFROD,Male,0,Yes,No,9,Yes,No,No,No internet service,No internet service,No internet service,No internet service,No internet service,No internet service,Month-to-month,No,Mailed check,20.66,167.64,No
9738-TZUNE,Female,0,No,No,67,Yes,No,No,No internet service,No internet service,No internet service,No internet service,No internet service,No internet service,Two year,Yes,Bank transfer (automatic),23.05,1543.64,No
9966-UAVNH,Male,0,No,No,63,Yes,Yes,No,No internet service,No internet service,No internet service,No internet service,No internet service,No internet service,Two year,Yes,Bank transfer (automatic),23.43,1493.31,No
7787-RDFOX,Male,0,No,No,62,Yes,No,DSL,No,No,Yes,No,Yes,No,One year,Yes,Mailed check,61.07,3800.28,No
8702-BKYTL,Male,0,Yes,Yes,2,No,No phone service,No,No internet service,No internet service,No internet service,No internet service,No internet service,No internet service,Month-to-month,Yes,Electronic check,19.8,21.59,Yes
7263-HINFC,Male,0,No,Yes,12,Yes,Yes,DSL,Yes,No,No,No,No,No,Month-to-month,No,Bank transfer (automatic),69.07,824.13,No
8496-ZDRCZ,Female,1,No,Yes,2,Yes,No,Fiber optic,Yes,No,No,Yes,No,Yes,One year,No,Mailed check,105.15,203.33,No
9541-KPZVU,Female,0,Yes,No,7,Yes,No,Fiber optic,No,No,Yes,Yes,No,Yes,Two year,Yes,Electronic check,95.35,650.29,No
7210-JEISO,Male,0,No,No,57,Yes,No,No,No internet service,No internet service,No internet service,No internet service,No internet service,No internet service,Two year,No,Electronic check,20.31,1142.1,No
9439-WRYLB,Female,1,Yes,No,70,Yes,No,Fiber optic,No,No,No,Yes,Yes,Yes,Month-to-month,Yes,Bank transfer (automatic),100.09,7008.89,No
1706-WJKLC,Male,0,Yes,No,65,Yes,No,No,No internet service,No internet service,No internet service,No internet service,No internet service,No internet service,Two year,No,Electronic check,18.68,1207.2,No
3794-DHJKR,Male,0,Yes,No,7,Yes,Yes,No,No internet service,No internet service,No internet service,No internet service,No internet service,No internet service,Month-to-month,Yes,Electronic check,24.81,155.4,No
5964-UAPNT,Female,0,Yes,No,2,Yes,Yes,Fiber optic,No,Yes,No,Yes,Yes,No,Month-to-month,Yes,Bank transfer (automatic),109.25,232.56,Yes
3512-ZEPUA,Male,0,Yes,Yes,53,Yes,Yes,No,No internet service,No internet service,No internet service,No internet service,No internet service,No internet service,Month-to-month,Yes,Bank transfer (automatic),28.76,1526.08,Yes
4393-FAQPK,Male,0,Yes,Yes,4,Yes,No,DSL,No,No,No,No,Yes,Yes,Two year,No,Mailed check,59.99,248.09,No
7018-LYZBG,Female,0,No,No,11,Yes,Yes,Fiber optic,No,No,No,Yes,Yes,No,Month-to-month,No,Mailed check,104.62,1158.66,Yes
4394-ZEIZW,Male,0,No,No,58,Yes,No,DSL,Yes,No,Yes,Yes,No,No,Month-to-month,No,Credit card (automatic),45.39,2615.81,No
3542-VYGQY,Male,0,Yes,No,10,No,No phone service,No,No internet service,No internet service,No internet service,No internet service,No internet service,No internet service,Two year,No,Electronic check,24.9,229.17,No
2803-LEMEW,Male,1,No,No,60,Yes,Yes,No,No internet service,No internet service,No internet service,No internet service,No internet service,No internet service,Month-to-month,Yes,Credit card (automatic),28.21,1706.39,No
9181-WTIJL,Male,1,No,No,12,No,No phone service,DSL,No,No,No,No,No,Yes,Month-to-month,No,Credit card (automatic),44.57,553.7,No
8173-OERWE,Female,0,Yes,No,15,No,No phone service,Fiber optic,No,No,No,Yes,No,No,One year,Yes,Mailed check,98.55,1480.6,No
7962-YFOIG,Female,0,Yes,Yes,1,Yes,Yes,DSL,No,No,No,No,Yes,Yes,One year,No,Electronic check,54.06,54.69,Yes
1557-QPWDH,Female,0,No,Yes,50,Yes,No,Fiber optic,No,Yes,Yes,No,No,Yes,Month-to-month,No,Credit card (automatic),71.3,3549.78,No
3802-BGVTS,Male,1,No,Yes,10,Yes,No,Fiber optic,No,Yes,No,No,No,Yes,Two year,Yes,Electronic check,91.94,921.76,No
9406-UMERI,Male,0,Yes,Yes,6,Yes,Yes,DSL,No,No,No,Yes,Yes,No,Month-to-month,Yes,Mailed check,45.43,253.43,No
4156-GLRZF,Female,0,Yes,No,7,Yes,Yes,DSL,No,No,No,Yes,Yes,No,Two year,Yes,Bank transfer (automatic),65.44,469.7,No
6506-PPAPO,Male,0,No,No,66,Yes,No,Fiber optic,No,Yes,Yes,Yes,No,No,One year,Yes,Electronic check,79.41,5241.83,No
8313-ZMDAP,Male,0,No,No,0,Yes,No,DSL,No,Yes,No,No,No,Yes,Month-to-month,Yes,Bank transfer (automatic),60.85,8.67,No
1005-QIWMD,Male,0,Yes,No,1,Yes,Yes,Fiber optic,Yes,Yes,Yes,Yes,Yes,Yes,Two year,Yes,Bank transfer (automatic),100.66,99.74,No
7208-IAVLQ,Male,0,No,Yes,52,Yes,No,DSL,No,No,Yes,No,Yes,No,Month-to-month,Yes,Bank transfer (automatic),62.96,3283.51,No
8507-KTWZX,Female,0,Yes,No,0,No,No phone service,No,No internet service,No internet service,No internet service,No internet service,No internet service,No internet service,Month-to-month,No,Electronic check,19.82,2.05,No
8872-JJIWQ,Female,0,Yes,No,67,Yes,No,Fiber optic,Yes,No,No,No,No,Yes,Two year,Yes,Electronic check,100.34,6724.12,No
6030-SXWAI,Female,0,Yes,No,9,Yes,Yes,Fiber optic,Yes,No,No,No,No,Yes,Month-to-month,Yes,Electronic check,113.27,1014.28,No
8663-RKQTO,Male,0,No,No,70,Yes,No,DSL,Yes,No,Yes,Yes,Yes,No,Month-to-month,Yes,Electronic check,57.62,4024.83,No
4905-ULRAB,Female,1,Yes,No,65,Yes,Yes,DSL,No,Yes,No,No,Yes,No,Month-to-month,No,Mailed check,57.33,3737.08,No
2759-RAYKP,Female,1,Yes,No,2,Yes,No,No,No internet service,No internet service,No internet service,No internet service,No internet service,No internet service,Month-to-month,No,Electronic check,21.19,50.8,Yes
3666-BUHQJ,Male,1,No,Yes,58,Yes,Yes,Fiber optic,No,Yes,No,No,Yes,Yes,Two year,No,Electronic check,106.62,6200.01,No
5203-UTXFE,Male,1,No,Yes,0,No,No phone service,Fiber optic,No,Yes,Yes,No,No,Yes,Two year,Yes,Bank transfer (automatic),84.07,11.47,No
7707-VKKJM,Female,0,Yes,No,8,Yes,Yes,No,No internet service,No internet service,No internet service,No internet service,No internet service,No internet service,Month-to-month,Yes,Electronic check,19.96,142.63,No
9750-YULSA,Female,0,Yes,No,55,Yes,Yes,DSL,No,No,No,No,Yes,No,Month-to-month,No,Electronic check,62.82,3473.26,Yes
8393-YAMGZ,Female,0,No,No,61,Yes,No,Fiber optic,No,Yes,No,Yes,Yes,No,Month-to-month,Yes,Electronic check,106.65,6515.63,Yes
5234-SLPMI,Female,1,No,No,30,Yes,Yes,DSL,Yes,Yes,No,No,Yes,No,Month-to-month,No,Bank transfer (automatic),52.23,1560.73,No
2485-BMJHR,Male,0,Yes,No,6,No,No phone service,Fiber optic,Yes,No,No,No,Yes,Yes,Month-to-month,Yes,Mailed check,100.27,607.42,Yes
9565-QKLKS,Female,0,No,Yes,6,Yes,No,DSL,No,No,No,No,No,Yes,Month-to-month,No,Electronic check,67.13,413.35,Yes
9333-KATEE,Female,0,Yes,Yes,64,Yes,No,DSL,No,No,Yes,No,No,Yes,Month-to-month,No,Electronic check,59.21,3774.9,No
8947-ECXSS,Male,0,No,Yes,4,Yes,No,Fiber optic,No,Yes,Yes,No,No,No,One year,Yes,Credit card (automatic),91.7,385.44,Yes
5290-WNFRT,Female,0,Yes,No,51,Yes,No,No,No internet service,No internet service,No internet service,No internet service,No internet service,No internet service,Two year,Yes,Electronic check,19.93,1022.45,No
4493-OEGFD,Male,0,No,No,4,Yes,No,No,No internet service,No internet service,No internet service,No internet service,No internet service,No internet service,One year,Yes,Bank transfer (automatic),25.32,82.08,No
2306-BEAYU,Male,0,Yes,No,67,Yes,No,Fiber optic,No,No,No,No,Yes,No,One year,No,Credit card (automatic),84.24,5646.22,No
7705-LAZHR,Male,0,No,No,71,Yes,No,Fiber optic,No,No,No,No,No,Yes,Month-to-month,Yes,Mailed check,97.49,6909.56,Yes
3873-CBKHB,Female,0,No,Yes,70,Yes,No,Fiber optic,No,No,No,No,No,No,Two year,No,Mailed check,83.62,5843.44,No
2678-CDXIN,Female,0,Yes,Yes,11,Yes,No,Fiber optic,No,No,Yes,No,No,Yes,Two year,Yes,Credit card (automatic),74.91,806.77,No
6629-ZLFXU,Male,1,No,No,61,Yes,No,Fiber optic,No,No,No,No,No,Yes,Two year,No,Electronic check,83.8,5108.5,No
1596-QPCJD,Female,0,Yes,No,59,Yes,Yes,DSL,No,No,No,No,No,No,Month-to-month,No,Electronic check,66.84,3934.14,No
6047-AQUTT,Female,0,No,Yes,0,Yes,Yes,No,No internet service,No internet service,No internet service,No internet service,No internet service,No internet service,One year,Yes,Bank transfer (automatic),19.83,13.46,No
3662-BGAIU,Male,0,No,No,58,Yes,Yes,Fiber optic,No,Yes,No,No,No,Yes,One year,Yes,Mailed check,77.94,4534.95,No
5329-TZLNP,Male,0,No,No,6,Yes,Yes,No,No internet service,No internet service,No internet service,No internet service,No internet service,No internet service,Month-to-month,Yes,Credit card (automatic),27.37,145.3,No
6769-STOIX,Female,0,No,Yes,0,Yes,No,No,No internet service,No internet service,No internet service,No internet service,No internet service,No internet service,Two year,Yes,Electronic check,27.84,10.9,Yes
2309-CXRWQ,Male,0,No,No,70,Yes,Yes,Fiber optic,Yes,No,No,Yes,No,No,Month-to-month,Yes,Credit card (automatic),84.95,5928.05,No
5808-JTBNH,Female,0,Yes,Yes,1,Yes,No,Fiber optic,Yes,No,Yes,No,Yes,No,Month-to-month,Yes,Credit card (automatic),94.32,92.2,No
7737-XWHDG,Female,0,Yes,No,11,Yes,No,Fiber optic,No,Yes,No,Yes,Yes,Yes,Month-to-month,No,Electronic check,89.07,963.94,No
2058-EYQPL,Female,0,No,Yes,0,Yes,Yes,DSL,No,No,No,No,Yes,No,Month-to-month,Yes,Electronic check,58.08,2.43,No
8307-QQBDF,Female,0,No,No,57,Yes,Yes,Fiber optic,No,No,No,No,No,No,Two year,Yes,Credit card (automatic),95.99,5489.67,No
3196-BWBTX,Male,0,No,No,69,Yes,Yes,No,No internet service,No internet service,No internet service,No internet service,No internet service,No internet service,Month-to-month,Yes,Credit card (automatic),18.74,1282.29,No
3169-IOSWZ,Male,0,No,No,8,Yes,No,No,No internet service,No internet service,No internet service,No internet service,No internet service,No internet service,Month-to-month,Yes,Electronic check,18.1,158.38,Yes
9088-OSDWE,Male,0,Yes,Yes,11,Yes,No,Fiber optic,No,No,Yes,No,No,Yes,One year,Yes,Electronic check,73.46,819.41,No
5561-FFNQX,Male,1,Yes,Yes,5,Yes,No,Fiber optic,No,No,No,No,Yes,Yes,Month-to-month,Yes,Bank transfer (automatic),113.85,579.65,Yes
4262-ZFQZX,Female,0,Yes,No,66,No,No phone service,DSL,No,No,No,No,No,Yes,One year,No,Electronic check,55.32,3641.79,No
6106-UTIYB,Female,0,No,Yes,0,Yes,Yes,DSL,No,Yes,No,No,No,No,Two year,No,Mailed check,57.89,4.78,No
2163-OMZQT,Male,0,Yes,No,1,Yes,No,No,No internet service,No internet service,No internet service,No internet service,No internet service,No internet service,Month-to-month,No,Electronic check,29.19,12.61,No
6731-YAPLV,Female,0,Yes,No,3,Yes,Yes,Fiber optic,Yes,Yes,No,Yes,No,Yes,Two year,No,Electronic check,81.74,244.56,Yes
6306-ITBFU,Female,0,No,Yes,58,Yes,Yes,Fiber optic,No,No,No,No,Yes,No,One year,Yes,Mailed check,98.97,5757.06,No
7964-WCOYO,Female,0,No,No,3,Yes,Yes,Fiber optic,No,Yes,No,No,Yes,No,One year,Yes,Mailed check,72.39,217.64,Yes
5800-WWSMM,Male,0,No,No,2,Yes,No,Fiber optic,Yes,No,No,Yes,Yes,Yes,Two year,Yes,Bank transfer (automatic),100.63,182.61,No
1422-DAMAG,Male,0,No,No,57,Yes,Yes,Fiber optic,No,No,No,No,No,No,One year,Yes,Mailed check,78.43,4478.44,No
9319-IYDDB,Male,0,No,No,51,Yes,No,Fiber optic,Yes,No,No,Yes,Yes,No,Month-to-month,No,Electronic check,112.35,5744.75,No
7264-ZBWVY,Female,0,Yes,No,39,Yes,Yes,Fiber optic,No,No,Yes,No,Yes,No,Month-to-month,Yes,Bank transfer (automatic),99.48,3867.61,Yes
7790-SUUWA,Male,0,No,Yes,66,Yes,No,No,No internet service,No internet service,No internet service,No internet service,No internet service,No internet service,One year,Yes,Credit card (automatic),18.3,1194.12,No
2395-RCWGC,Male,0,Yes,Yes,56,Yes,Yes,Fiber optic,Yes,No,No,No,Yes,No,Two year,Yes,Bank transfer (automatic),112.55,6283.93,No
5681-NGDAG,Male,1,No,No,59,Yes,Yes,No,No internet service,No internet service,No internet service,No internet service,No internet service,No internet service,Month-to-month,Yes,Credit card (automatic),19.18,1142.12,No
1489-QOJHX,Male,0,No,No,66,Yes,No,No,No internet service,No internet service,No internet service,No internet service,No internet service,No internet service,Month-to-month,No,Mailed check,20.87,1393.89,No
8764-XCMRA,Male,0,No,Yes,55,Yes,No,Fiber optic,No,No,No,No,No,No,Month-to-month,No,Credit card (automatic),77.68,4271.95,No
1414-GSOEJ,Male,0,Yes,Yes,56,Yes,No,DSL,No,Yes,Yes,No,No,Yes,One year,Yes,Bank transfer (automatic),50.57,2823.03,No
5432-QQCJI,Female,0,Yes,Yes,8,No,No phone service,DSL,No,No,Yes,No,Yes,No,Month-to-month,Yes,Bank transfer (automatic),57.83,479.64,Yes
4549-PKWSG,Female,0,No,Yes,54,Yes,Yes,DSL,No,Yes,Yes,No,No,No,Two year,Yes,Electronic check,48.88,2627.46,No
2248-IIQUH,Male,0,Yes,Yes,52,Yes,Yes,No,No internet service,No internet service,No internet service,No internet service,No internet service,No internet service,Two year,Yes,Bank transfer (automatic),22.58,1171.1,No
1794-WUQUS,Male,0,No,No,50,Yes,No,No,No internet service,No internet service,No internet service,No internet service,No internet service,No internet service,Month-to-month,Yes,Electronic check,25.06,1269.17,No
5716-XCMBZ,Female,0,No,No,1,Yes,No,DSL,Yes,Yes,Yes,Yes,Yes,Yes,Month-to-month,Yes,Electronic check,49.53,69.04,Yes
4747-ISMEL,Female,1,No,Yes,61,No,No phone service,DSL,No,No,Yes,No,No,No,One year,No,Bank transfer (automatic),41.0,2491.58,No
6162-GHKQG,Male,0,No,Yes,53,Yes,No,No,No internet service,No internet service,No internet service,No internet service,No internet service,No internet service,Month-to-month,Yes,Bank transfer (automatic),19.91,1073.29,No
3236-NWCFZ,Male,0,No,No,60,Yes,No,DSL,Yes,No,No,No,No,Yes,Month-to-month,Yes,Mailed check,55.35,3320.26,Yes
4221-LMGKJ,Male,1,Yes,No,14,Yes,Yes,No,No internet service,No internet service,No internet service,No internet service,No internet service,No internet service,Month-to-month,Yes,Bank transfer (automatic),28.77,408.22,No
5996-OPCNC,Male,0,Yes,Yes,53,Yes,Yes,Fiber optic,No,Yes,Yes,No,Yes,Yes,One year,Yes,Credit card (automatic),112.74,5985.61,No
4417-FZPCJ,Female,0,No,No,69,Yes,No,No,No internet service,No internet service,No internet service,No internet service,No internet service,No internet service,Month-to-month,No,Credit card (automatic),28.71,1975.85,No
8215-DLAII,Male,0,No,No,52,Yes,No,Fiber optic,No,No,No,Yes,No,No,Two year,No,Credit card (automatic),107.6,5608.58,No
9120-GXKYP,Male,1,No,No,57,Yes,No,DSL,No,No,No,No,No,No,Two year,Yes,Credit card (automatic),41.89,2404.65,No
8150-KIOBF,Male,0,No,No,5,Yes,No,Fiber optic,No,Yes,No,No,No,No,Two year,No,Mailed check,84.82,434.58,No
8528-TJHLR,Male,0,Yes,No,3,Yes,No,No,No internet service,No internet service,No internet service,No internet service,No internet service,No internet service,Month-to-month,Yes,Mailed check,23.54,55.29,No
6680-OHDTS,Female,0,Yes,No,8,Yes,No,DSL,No,Yes,No,Yes,Yes,No,Month-to-month,Yes,Electronic check,54.4,417.33,No
2978-KPAZF,Female,0,Yes,No,11,Yes,No,Fiber optic,No,No,No,No,No,No,Month-to-month,Yes,Credit card (automatic),87.07,949.83,Yes
4420-UJLBG,Female,0,No,Yes,7,Yes,No,Fiber optic,Yes,Yes,No,No,No,Yes,Month-to-month,Yes,Electronic check,89.56,637.84,Yes
7891-ZOCRV,Male,0,Yes,No,69,Yes,Yes,No,No internet service,No internet service,No internet service,No internet service,No internet service,No internet service,Month-to-month,No,Credit card (automatic),19.62,1368.11,No
6555-GSAGA,Male,0,Yes,Yes,7,Yes,No,DSL,Yes,Yes,No,No,Yes,Yes,One year,Yes,Electronic check,54.77,379.79,Yes
8001-WPKWD,Female,0,No,Yes,52,Yes,No,Fiber optic,Yes,No,Yes,No,Yes,No,One year,Yes,Electronic check,80.22,4156.37,No
1672-ZCDVO,Male,0,Yes,No,58,Yes,No,DSL,Yes,Yes,No,Yes,No,No,Month-to-month,No,Electronic check,55.06,3203.34,Yes
7810-UHRGS,Male,1,No,No,51,Yes,No,Fiber optic,No,No,No,Yes,Yes,No,Month-to-month,Yes,Bank transfer (automatic),81.06,4147.7,No
2400-QJQXJ,Female,1,No,No,71,Yes,Yes,Fiber optic,No,Yes,No,Yes,No,No,Month-to-month,Yes,Mailed check,85.36,6044.93,No
7398-GEZMA,Female,0,Yes,Yes,3,Yes,No,DSL,No,No,Yes,Yes,No,No,Month-to-month,Yes,Credit card (automatic),58.07,171.2,No
1577-SFIHL,Female,0,Yes,No,55,No,No phone service,No,No internet service,No internet service,No internet service,No internet service,No internet service,No internet service,Two year,Yes,Credit card (automatic),28.66,1581.99,No
6020-SZZNU,Female,0,No,No,66,Yes,Yes,Fiber optic,No,No,No,Yes,Yes,Yes,Month-to-month,Yes,Mailed check,101.15,6686.04,No
8670-VUOUX,Male,0,Yes,Yes,2,Yes,No,Fiber optic,No,Yes,No,Yes,No,Yes,Month-to-month,No,Bank transfer (automatic),98.17,214.36,No
4431-OINXF,Male,0,Yes,No,0,Yes,No,Fiber optic,No,Yes,Yes,Yes,Yes,Yes,Month-to-month,No,Credit card (automatic),78.03,0.0,Yes
2241-SJSNX,Female,0,Yes,No,60,Yes,No,Fiber optic,No,Yes,No,No,Yes,No,Month-to-month,Yes,Credit card (automatic),99.95,6013.37,No
9020-YCZBV,Male,1,Yes,Yes,56,No,No phone service,DSL,Yes,No,No,No,No,Yes,Two year,No,Electronic check,64.54,3628.18,No
5580-CCJHD,Female,0,No,Yes,60,Yes,Yes,No,No internet service,No internet service,No internet service,No internet service,No internet service,No internet service,Month-to-month,No,Credit card (automatic),19.4,1164.1,No
9188-XLWNL,Female,0,Yes,No,3,Yes,No,DSL,Yes,Yes,No,Yes,Yes,No,One year,No,Electronic check,67.55,206.32,No
6604-UQTSC,Male,0,No,No,0,Yes,No,Fiber optic,Yes,Yes,Yes,No,Yes,No,Month-to-month,Yes,Credit card (automatic),98.05,8.0,No
6049-COGMU,Female,0,Yes,Yes,7,Yes,No,DSL,No,Yes,No,No,Yes,Yes,One year,No,Electronic check,44.13,324.77,Yes
9658-WETCG,Male,0,No,No,5,No,No phone service,Fiber optic,Yes,Yes,Yes,No,Yes,Yes,Two year,No,Electronic check,108.62,545.31,Yes
3176-HVQDW,Male,0,No,Yes,10,Yes,No,No,No internet service,No internet service,No internet service,No internet service,No internet service,No internet service,Two year,Yes,Mailed check,18.02,168.91,No
3702-NNYDJ,Male,0,No,No,58,Yes,Yes,Fiber optic,No,Yes,No,No,No,Yes,Month-to-month,Yes,Credit card (automatic),108.49,6289.51,No
3979-JSQRN,Male,1,No,No,61,Yes,No,DSL,Yes,No,Yes,No,No,No,Two year,No,Electronic check,49.75,3028.03,No
8210-BWNRJ,Female,0,Yes,Yes,6,Yes,No,DSL,No,Yes,No,Yes,No,No,Month-to-month,No,Electronic check,48.88,311.25,Yes
1963-XVJYD,Male,1,No,No,54,No,No phone service,No,No internet service,No internet service,No internet service,No internet service,No internet service,No internet service,Month-to-month,Yes,Bank transfer (automatic),22.16,1180.7,No
8318-CLEXX,Female,0,Yes,No,54,Yes,Yes,DSL,No,No,Yes,No,Yes,No,One year,No,Credit card (automatic),52.7,2844.41,No
1651-OUYNN,Female,0,Yes,No,3,Yes,No,No,No internet service,No internet service,No internet service,No internet service,No internet service,No internet service,Two year,Yes,Mailed check,20.33,80.51,No
7516-GIXRA,Female,0,No,No,50,Yes,Yes,DSL,Yes,No,Yes,No,Yes,No,Month-to-month,No,Bank transfer (automatic),43.69,2184.68,No
3638-DJQZX,Female,0,Yes,No,12,Yes,No,Fiber optic,No,No,No,No,No,Yes,Two year,Yes,Electronic check,110.05,1318.03,No
6256-IUDLN,Male,0,No,No,68,Yes,No,Fiber optic,No,Yes,No,No,Yes,Yes,Month-to-month,Yes,Bank transfer (automatic),91.4,6221.73,Yes
6614-TDEZO,Male,0,Yes,Yes,1,Yes,Yes,DSL,Yes,No,No,No,No,Yes,Month-to-month,No,Electronic check,49.28,38.29,No
2160-IYZFK,Female,0,No,No,8,Yes,No,Fiber optic,Yes,Yes,Yes,No,Yes,No,Two year,Yes,Electronic check,113.71,923.55,Yes
9557-FOKJP,Female,0,No,Yes,68,Yes,No,Fiber optic,No,No,No,No,Yes,Yes,Month-to-month,Yes,Electronic check,77.13,5243.88,Yes
4964-AUPXB,Male,0,No,Yes,50,Yes,No,Fiber optic,Yes,Yes,No,Yes,No,Yes,Month-to-month,Yes,Electronic check,73.83,3688.03,No
8088-TMGAB,Female,0,No,Yes,5,Yes,No,Fiber optic,No,No,No,No,Yes,No,Month-to-month,Yes,Electronic check,100.09,497.43,Yes
9753-SNEBH,Male,0,No,No,0,Yes,No,No,No internet service,No internet service,No internet service,No internet service,No internet service,No internet service,Two year,No,Credit card (automatic),23.06,7.32,No
2201-VLSHI,Female,0,No,No,8,Yes,Yes,Fiber optic,No,No,No,No,No,No,Month-to-month,Yes,Credit card (automatic),89.81,724.77,Yes
5518-YFGGI,Male,0,Yes,Yes,25,Yes,Yes,DSL,No,No,No,Yes,Yes,No,Month-to-month,No,Electronic check,68.56,1714.48,No
4329-HDCCK,Female,1,No,Yes,60,Yes,No,Fiber optic,Yes,No,Yes,No,No,No,Month-to-month,Yes,Credit card (automatic),89.27,5360.05,Yes
3397-HJSUZ,Female,0,Yes,No,67,Yes,No,DSL,No,No,Yes,No,No,No,Two year,No,Credit card (automatic),55.03,3701.66,No
9164-EBQZY,Male,0,Yes,No,64,Yes,Yes,DSL,No,Yes,No,No,No,No,One year,Yes,Electronic check,42.75,2748.3,No
6525-ELRQT,Female,0,Yes,No,1,No,No phone service,Fiber optic,No,Yes,No,Yes,Yes,No,One year,Yes,Bank transfer (automatic),100.93,101.8,Yes
3159-KRMOI,Female,0,Yes,No,70,Yes,No,Fiber optic,No,No,Yes,No,Yes,Yes,Two year,No,Electronic check,93.98,6595.88,No
5399-JGKZB,Male,0,No,No,65,Yes,No,Fiber optic,Yes,Yes,Yes,No,Yes,No,Month-to-month,Yes,Bank transfer (automatic),108.23,7033.37,No
4135-IHYQI,Female,1,No,Yes,4,Yes,Yes,Fiber optic,Yes,No,Yes,No,No,No,One year,Yes,Electronic check,99.32,389.63,Yes
9236-RBSEJ,Male,1,No,No,67,Yes,No,DSL,No,No,No,No,Yes,No,Month-to-month,Yes,Credit card (automatic),60.78,4058.58,No
5773-ORKMI,Male,0,No,No,0,No,No phone service,Fiber optic,No,Yes,Yes,No,Yes,No,Month-to-month,Yes,Credit card (automatic),100.28,0.0,Yes
7516-XBYQK,Female,0,Yes,No,3,Yes,Yes,Fiber optic,No,Yes,No,No,No,Yes,Month-to-month,Yes,Electronic check,106.81,327.51,Yes
2894-VJTGB,Female,0,Yes,Yes,67,Yes,Yes,DSL,No,No,No,Yes,No,No,Two year,No,Mailed check,66.86,4482.69,No
1710-FBULC,Female,0,Yes,Yes,13,Yes,No,No,No internet service,No internet service,No internet service,No internet service,No internet service,No internet service,Month-to-month,No,Electronic check,21.48,264.48,No
8768-ROEGX,Female,0,No,Yes,69,Yes,No,Fiber optic,No,Yes,No,No,No,No,Month-to-month,No,Electronic check,109.7,7568.42,Yes
2467-AGFOA,Female,0,Yes,No,7,Yes,Yes,Fiber optic,No,Yes,No,No,No,No,Month-to-month,Yes,Electronic check,97.31,667.31,Yes
9390-SCMMZ,Female,0,No,No,11,Yes,Yes,No,No internet service,No internet service,No internet service,No internet service,No internet service,No internet service,Month-to-month,No,Electronic check,26.92,292.31,Yes
1074-LNGNI,Female,0,No,Yes,67,Yes,No,Fiber optic,No,No,No,No,No,No,Month-to-month,No,Credit card (automatic),94.12,6295.76,Yes
8461-FKPNJ,Male,0,No,No,0,Yes,No,DSL,No,Yes,No,No,No,No,Two year,No,Credit card (automatic),44.35,0.0,No
7662-ECHNP,Female,0,No,No,10,Yes,No,DSL,No,No,Yes,Yes,Yes,No,Month-to-month,Yes,Mailed check,45.61,470.63,No
9607-EDDGE,Male,1,No,No,50,Yes,No,DSL,No,No,No,No,Yes,Yes,Month-to-month,No,Electronic check,65.07,3245.41,No
8062-YVSLH,Female,0,Yes,No,7,Yes,Yes,Fiber optic,No,No,No,Yes,No,No,One year,No,Electronic check,108.0,774.91,No
5604-GJWAU,Female,1,Yes,No,63,Yes,No,DSL,No,No,Yes,No,No,No,One year,No,Bank transfer (automatic),56.65,3568.91,No
9476-OBWXI,Male,0,No,No,1,Yes,Yes,DSL,No,Yes,No,Yes,Yes,No,One year,Yes,Electronic check,64.22,51.19,No
3407-ETGDZ,Female,0,No,No,57,Yes,No,Fiber optic,Yes,No,No,No,No,Yes,Month-to-month,No,Credit card (automatic),77.7,4435.58,No
1153-JVZXE,Female,1,No,No,52,Yes,Yes,DSL,Yes,Yes,Yes,No,No,No,Two year,Yes,Mailed check,45.27,2368.71,No
2753-NNXKW,Male,0,Yes,Yes,59,No,No phone service,Fiber optic,No,No,Yes,Yes,Yes,No,Month-to-month,Yes,Electronic check,93.62,5522.73,No
8020-JGNCM,Female,0,No,No,15,Yes,No,Fiber optic,No,No,Yes,No,No,No,One year,Yes,Electronic check,86.56,1314.04,No
7747-HBUZJ,Female,0,Yes,Yes,57,Yes,Yes,DSL,No,No,Yes,No,Yes,No,Month-to-month,No,Bank transfer (automatic),53.2,3043.29,Yes
3089-EZCEW,Female,0,Yes,Yes,1,Yes,Yes,Fiber optic,No,Yes,No,No,No,No,Month-to-month,Yes,Bank transfer (automatic),102.12,86.69,Yes
7643-BLJAJ,Male,0,Yes,Yes,60,No,No phone service,DSL,No,No,No,No,Yes,Yes,Two year,Yes,Mailed check,51.99,3133.6,Yes
7319-BYEAR,Female,1,Yes,No,10,Yes,No,No,No internet service,No internet service,No internet service,No internet service,No internet service,No internet service,Month-to-month,No,Credit card (automatic),24.06,225.17,Yes
2136-MVEQW,Female,1,Yes,No,0,Yes,No,DSL,No,No,No,No,Yes,No,Month-to-month,Yes,Electronic check,56.72,0.0,No
8762-AQUAT,Female,1,Yes,Yes,4,Yes,No,DSL,Yes,Yes,Yes,No,Yes,Yes,One year,No,Electronic check,49.35,214.65,No
6795-ATFJM,Female,0,No,No,3,Yes,No,Fiber optic,No,Yes,No,Yes,No,No,Month-to-month,Yes,Mailed check,80.77,233.07,Yes
5012-ETTSO,Male,0,No,No,0,Yes,No,DSL,Yes,No,No,No,No,No,One year,No,Mailed check,62.96,0.0,Yes
7385-RJANB,Male,0,No,No,55,Yes,Yes,Fiber optic,No,No,No,No,Yes,No,One year,No,Mailed check,89.45,4916.84,No
6100-XKBNP,Female,1,Yes,Yes,18,No,No phone service,Fiber optic,No,No,No,No,No,No,Month-to-month,Yes,Bank transfer (automatic),76.78,1399.69,Yes
7935-WACWS,Female,0,No,Yes,25,Yes,No,DSL,No,No,No,No,No,Yes,Month-to-month,Yes,Credit card (automatic),56.52,1409.98,Yes
2536-MLMHX,Male,0,Yes,No,28,Yes,Yes,Fiber optic,No,No,No,No,Yes,No,Two year,Yes,Mailed check,103.32,2877.26,No
4649-BMKSI,Male,0,Yes,No,66,Yes,Yes,DSL,Yes,No,Yes,No,No,No,Month-to-month,No,Credit card (automatic),57.68,3803.67,No
5823-XBXET,Female,0,No,No,11,Yes,No,DSL,No,Yes,Yes,No,No,No,One year,No,Credit card (automatic),43.32,495.99,No
6004-UMNVU,Male,0,Yes,No,60,Yes,No,Fiber optic,Yes,Yes,Yes,Yes,No,No,Month-to-month,Yes,Bank transfer (automatic),97.85,5859.08,Yes
6454-CMZUL,Female,1,No,No,65,Yes,Yes,No,No internet service,No internet service,No internet service,No internet service,No internet service,No internet service,Two year,Yes,Bank transfer (automatic),20.41,1343.2,No
9706-BHZGQ,Male,1,No,Yes,55,Yes,No,Fiber optic,Yes,No,Yes,No,Yes,No,Month-to-month,Yes,Bank transfer (automatic),93.54,5129.44,Yes
6663-EKALT,Male,0,No,No,2,Yes,Yes,DSL,No,No,No,No,No,Yes,One year,Yes,Credit card (automatic),51.91,88.12,No
9417-TKVXD,Male,0,No,No,63,Yes,No,No,No internet service,No internet service,No internet service,No internet service,No internet service,No internet service,Month-to-month,Yes,Credit card (automatic),24.53,1527.32,No
1926-HKUYS,Male,1,No,Yes,62,No,No phone service,DSL,No,Yes,No,No,No,No,One year,No,Bank transfer (automatic),68.37,4225.37,No
3526-ABSKQ,Female,0,Yes,Yes,0,Yes,Yes,DSL,No,No,Yes,No,No,No,Month-to-month,No,Credit card (automatic),41.76,17.68,No
3165-HXTZR,Male,0,No,No,70,Yes,Yes,Fiber optic,No,No,No,No,No,No,One year,No,Mailed check,82.75,5805.35,No
6881-EASAP,Male,0,Yes,No,2,Yes,No,Fiber optic,No,No,No,Yes,No,No,Month-to-month,No,Mailed check,111.74,216.82,Yes
7077-BQEID,Female,0,No,Yes,52,Yes,Yes,DSL,No,Yes,No,Yes,No,Yes,Month-to-month,Yes,Credit card (automatic),59.45,3076.97,No
6141-WPRIW,Male,0,No,Yes,69,Yes,No,Fiber optic,No,No,No,No,Yes,Yes,Two year,Yes,Electronic check,82.95,5725.98,No
3536-QETVN,Male,0,Yes,Yes,31,No,No phone service,Fiber optic,No,No,No,No,Yes,No,Month-to-month,Yes,Bank transfer (automatic),111.25,3433.69,Yes
2944-WKPUN,Female,0,No,No,0,No,No phone service,Fiber optic,No,No,Yes,Yes,No,Yes,Month-to-month,No,Bank transfer (automatic),72.78,6.97,Yes
7976-IQRPQ,Male,0,Yes,No,65,Yes,No,Fiber optic,No,No,Yes,Yes,No,No,Month-to-month,Yes,Electronic check,111.68,7274.53,No
9333-GIARP,Female,1,Yes,No,53,Yes,No,Fiber optic,Yes,No,No,No,No,No,Two year,Yes,Mailed check,85.99,4558.4,No
5833-NOEZY,Female,0,No,No,24,Yes,No,Fiber optic,No,Yes,No,No,No,No,Month-to-month,No,Bank transfer (automatic),78.11,1863.92,No
7102-HDSHJ,Female,1,Yes,No,3,Yes,No,DSL,No,No,Yes,No,No,Yes,Month-to-month,Yes,Bank transfer (automatic),46.69,132.66,Yes
1197-UCXQC,Female,0,Yes,Yes,56,Yes,Yes,DSL,Yes,No,Yes,No,Yes,No,One year,Yes,Bank transfer (automatic),51.03,2852.96,No
1590-FMUBN,Male,0,Yes,No,53,Yes,Yes,No,No internet service,No internet service,No internet service,No internet service,No internet service,No internet service,Month-to-month,Yes,Electronic check,23.39,1258.08,No
5873-GKAOO,Female,0,No,Yes,9,No,No phone service,Fiber optic,No,No,No,No,No,Yes,Month-to-month,Yes,Bank transfer (automatic),99.08,906.12,Yes
5604-RUZRQ,Male,1,Yes,Yes,6,Yes,No,Fiber optic,No,No,No,No,Yes,No,Two year,Yes,Electronic check,84.38,508.11,No
8796-MWMCG,Male,0,Yes,Yes,1,Yes,No,No,No internet service,No internet service,No internet service,No internet service,No internet service,No internet service,Month-to-month,No,Credit card (automatic),21.27,28.6,Yes
3997-YYLAU,Male,0,No,No,60,Yes,No,Fiber optic,No,No,No,No,No,Yes,One year,No,Electronic check,81.48,4872.71,No
8675-RMAGN,Male,0,Yes,No,15,Yes,Yes,Fiber optic,No,No,Yes,No,No,No,Month-to-month,No,Bank transfer (automatic),88.32,1312.11,No
9910-MGHFM,Male,0,Yes,No,10,Yes,No,Fiber optic,Yes,No,Yes,No,Yes,Yes,Two year,No,Bank transfer (automatic),78.73,789.33,No
4849-BRMNE,Male,0,No,No,0,Yes,Yes,DSL,No,Yes,Yes,No,Yes,No,Two year,Yes,Electronic check,56.56,0.0,No
1550-VRSSK,Male,1,No,Yes,60,Yes,No,No,No internet service,No internet service,No internet service,No internet service,No internet service,No internet service,Month-to-month,Yes,Bank transfer (automatic),26.5,1570.81,No
6964-DDLPG,Male,1,No,No,56,Yes,Yes,Fiber optic,No,No,No,No,Yes,Yes,One year,No,Electronic check,85.97,4798.53,No
4423-QSXNR,Male,0,Yes,No,69,Yes,Yes,DSL,Yes,Yes,No,Yes,No,No,One year,Yes,Electronic check,53.52,3677.03,No
5824-UABMT,Male,1,No,Yes,67,Yes,No,DSL,Yes,No,No,No,No,No,Month-to-month,No,Electronic check,69.08,4638.0,No
4934-KJGWE,Female,0,No,No,0,Yes,Yes,No,No internet service,No internet service,No internet service,No internet service,No internet service,No internet service,Month-to-month,Yes,Electronic check,22.53,14.0,No
8885-JNZNQ,Female,0,Yes,No,55,Yes,No,DSL,No,Yes,No,No,Yes,No,Two year,Yes,Bank transfer (automatic),64.79,3576.01,No
5009-VVVWW,Female,0,Yes,Yes,59,Yes,No,DSL,No,No,Yes,No,No,No,Month-to-month,Yes,Credit card (automatic),44.86,2666.39,Yes
3781-EGMJA,Male,0,No,Yes,9,Yes,No,Fiber optic,No,No,Yes,No,No,No,Month-to-month,Yes,Mailed check,93.52,857.12,No
5893-WAUPF,Female,0,No,No,19,Yes,No,No,No internet service,No internet service,No internet service,No internet service,No internet service,No internet service,Two year,No,Bank transfer (automatic),19.69,371.19,No
1783-DVKKH,Female,1,No,Yes,69,Yes,Yes,Fiber optic,No,No,Yes,No,No,No,One year,No,Mailed check,95.14,6562.62,No
1513-IIEPA,Female,0,No,No,61,Yes,Yes,No,No internet service,No internet service,No internet service,No internet service,No internet service,No internet service,Month-to-month,Yes,Electronic check,18.85,1142.16,No
4188-AZPYH,Male,0,No,No,1,Yes,No,No,No internet service,No internet service,No internet service,No internet service,No internet service,No internet service,Month-to-month,Yes,Bank transfer (automatic),24.47,13.2,No
2141-CAGVX,Male,0,No,No,55,Yes,Yes,No,No internet service,No internet service,No internet service,No internet service,No internet service,No internet service,Month-to-month,Yes,Electronic check,18.21,1013.22,No
3749-KIEVC,Male,1,Yes,Yes,2,Yes,No,Fiber optic,Yes,No,Yes,No,No,Yes,Two year,Yes,Bank transfer (automatic),105.7,216.92,No
7574-AUOBL,Male,0,Yes,No,54,Yes,No,Fiber optic,Yes,Yes,No,No,Yes,No,Two year,Yes,Credit card (automatic),90.85,4891.51,No
9518-KBWSI,Female,0,No,No,55,Yes,Yes,DSL,No,Yes,Yes,Yes,No,No,Month-to-month,No,Electronic check,47.52,2621.64,Yes
9746-ASRFA,Female,0,No,No,2,Yes,No,DSL,No,No,Yes,Yes,No,Yes,Two year,No,Bank transfer (automatic),63.0,113.75,No
5684-EWAGH,Female,0,No,No,51,No,No phone service,Fiber optic,Yes,No,No,No,No,No,Month-to-month,No,Credit card (automatic),78.91,4020.93,No
7196-YKWLB,Female,0,No,No,5,Yes,No,DSL,No,Yes,No,No,Yes,Yes,One year,Yes,Mailed check,40.03,215.84,No
9041-REEOT,Male,0,No,No,51,Yes,Yes,Fiber optic,No,Yes,Yes,No,No,Yes,Month-to-month,Yes,Mailed check,85.92,4364.5,No
2029-PPKFF,Male,0,Yes,No,51,Yes,No,DSL,Yes,No,Yes,Yes,No,Yes,Month-to-month,Yes,Mailed check,43.99,2238.35,No
9102-MJCNQ,Male,0,No,No,10,Yes,Yes,DSL,Yes,No,No,Yes,Yes,No,Month-to-month,No,Credit card (automatic),43.96,420.53,Yes
3075-HBYCQ,Female,0,Yes,No,0,Yes,No,No,No internet service,No internet service,No internet service,No internet service,No internet service,No internet service,Month-to-month,Yes,Bank transfer (automatic),19.57,0.0,Yes
3942-SILJU,Male,0,Yes,No,20,Yes,Yes,Fiber optic,No,No,No,No,Yes,Yes,Month-to-month,Yes,Mailed check,103.05,2068.08,No
5432-MUVIN,Male,0,Yes,No,52,Yes,No,Fiber optic,No,Yes,Yes,No,No,Yes,Month-to-month,Yes,Mailed check,89.0,4608.02,Yes
3594-TPAXC,Female,1,No,No,28,Yes,Yes,Fiber optic,No,Yes,No,Yes,No,Yes,Two year,Yes,Electronic check,111.34,3123.77,No
6362-VXUHJ,Female,0,No,Yes,62,Yes,Yes,Fiber optic,Yes,Yes,No,No,Yes,No,Two year,Yes,Electronic check,98.58,6117.9,No
6986-TKNIP,Male,1,Yes,No,59,Yes,No,DSL,No,Yes,Yes,No,No,No,Two year,Yes,Mailed check,66.5,3939.78,No
8189-QALMW,Male,0,Yes,Yes,66,Yes,Yes,Fiber optic,No,No,No,No,No,Yes,Month-to-month,Yes,Bank transfer (automatic),78.91,5205.75,Yes
9748-NVEFC,Male,0,No,No,13,Yes,No,Fiber optic,No,No,No,No,No,Yes,Month-to-month,Yes,Electronic check,106.98,1377.11,No
8810-CDBZK,Male,0,No,Yes,19,Yes,No,DSL,No,No,No,No,Yes,Yes,Month-to-month,No,Bank transfer (automatic),46.66,893.82,No
2614-GQMVJ,Male,1,No,No,65,Yes,Yes,DSL,No,No,No,Yes,No,No,Month-to-month,Yes,Mailed check,42.84,2780.02,No
5969-WTKGT,Male,0,No,No,66,Yes,Yes,Fiber optic,Yes,No,No,No,Yes,Yes,Month-to-month,No,Bank transfer (automatic),84.97,5594.96,No
3974-XEWXF,Female,0,No,No,10,Yes,No,Fiber optic,Yes,No,No,Yes,No,No,Month-to-month,No,Mailed check,83.48,839.91,No
3377-UJWZK,Female,1,Yes,No,2,Yes,No,No,No internet service,No internet service,No internet service,No internet service,No internet service,No internet service,Month-to-month,Yes,Mailed check,18.82,22.22,No
9596-TMEEC,Female,0,Yes,Yes,66,Yes,Yes,No,No internet service,No internet service,No internet service,No internet service,No internet service,No internet service,Two year,Yes,Electronic check,18.5,1207.32,No
8934-CVUGS,Male,0,Yes,No,56,Yes,Yes,DSL,No,No,No,Yes,No,No,One year,No,Electronic check,44.01,2473.9,No
8717-GHCUH,Female,0,No,No,9,Yes,Yes,Fiber optic,No,No,Yes,No,No,Yes,Month-to-month,No,Electronic check,80.5,732.06,Yes
8576-FZDLR,Male,0,Yes,No,19,Yes,No,No,No internet service,No internet service,No internet service,No internet service,No internet service,No internet service,One year,Yes,Credit card (automatic),29.45,563.51,No
1366-OCARF,Male,0,No,Yes,7,Yes,No,No,No internet service,No internet service,No internet service,No internet service,No internet service,No internet service,Month-to-month,Yes,Mailed check,19.34,146.84,Yes
5468-TKETL,Female,0,Yes,Yes,50,Yes,Yes,DSL,Yes,No,Yes,Yes,No,Yes,Month-to-month,No,Credit card (automatic),64.93,3232.51,No
9202-GZIDU,Male,0,Yes,No,66,Yes,Yes,DSL,No,Yes,No,Yes,No,No,Month-to-month,Yes,Credit card (automatic),59.81,3930.57,No
3717-VYBKQ,Male,0,Yes,Yes,0,Yes,No,DSL,No,No,No,No,No,No,Two year,Yes,Electronic check,60.24,19.69,No
5455-UWGJE,Female,1,Yes,Yes,3,Yes,Yes,Fiber optic,No,No,No,Yes,Yes,No,Month-to-month,No,Credit card (automatic),100.03,300.7,No
9397-BDMFF,Female,1,Yes,Yes,1,Yes,No,DSL,Yes,No,No,Yes,Yes,No,One year,Yes,Bank transfer (automatic),55.77,74.54,No
1064-CEBDK,Female,0,No,No,6,Yes,Yes,Fiber optic,No,No,No,No,No,Yes,Month-to-month,No,Credit card (automatic),113.11,682.4,Yes
1596-QZUDG,Male,0,Yes,Yes,8,Yes,No,Fiber optic,Yes,No,No,No,No,Yes,Month-to-month,Yes,Credit card (automatic),76.73,622.27,No
7767-UMAAD,Female,0,No,No,3,Yes,No,No,No internet service,No internet service,No internet service,No internet service,No internet service,No internet service,Month-to-month,Yes,Mailed check,23.16,61.32,No
6357-IXTUG,Female,0,Yes,No,64,Yes,No,DSL,Yes,No,Yes,No,No,Yes,One year,Yes,Bank transfer (automatic),63.58,4083.82,No
1015-CYPZT,Male,0,No,No,17,Yes,No,DSL,No,No,Yes,Yes,Yes,No,Month-to-month,No,Bank transfer (automatic),44.17,746.35,No
6269-BNUSE,Female,0,No,No,12,Yes,No,No,No internet service,No internet service,No internet service,No internet service,No internet service,No internet service,One year,Yes,Credit card (automatic),19.73,251.9,No
7520-JDCAO,Female,0,No,No,65,Yes,No,Fiber optic,No,No,No,No,Yes,Yes,Month-to-month,No,Electronic check,114.16,7411.79,No
2692-ARZFD,Female,0,Yes,Yes,71,Yes,Yes,No,No internet service,No internet service,No internet service,No internet service,No internet service,No internet service,Month-to-month,Yes,Mailed check,24.57,1748.12,No
3922-HRUMG,Male,0,Yes,Yes,58,No,No phone service,DSL,Yes,No,No,No,No,No,One year,No,Bank transfer (automatic),45.9,2673.49,No
2743-BAUZV,Male,1,No,Yes,6,No,No phone service,No,No internet service,No internet service,No internet service,No internet service,No internet service,No internet service,Month-to-month,No,Electronic check,20.67,135.38,Yes
5948-JEQAB,Male,0,Yes,No,53,Yes,No,Fiber optic,No,Yes,No,No,Yes,No,Month-to-month,No,Electronic check,75.95,4036.91,No
2732-YLCWH,Male,0,No,No,54,Yes,Yes,DSL,Yes,Yes,Yes,Yes,Yes,No,Month-to-month,Yes,Bank transfer (automatic),53.16,2890.48,No
8323-UIDQH,Female,0,Yes,No,56,Yes,Yes,Fiber optic,No,No,No,No,Yes,Yes,One year,Yes,Mailed check,92.84,5217.33,No
2666-WTBRM,Male,0,No,No,12,Yes,No,No,No internet service,No internet service,No internet service,No internet service,No internet service,No internet service,One year,Yes,Electronic check,25.53,294.47,Yes
9537-MVRQB,Male,0,Yes,Yes,5,Yes,No,Fiber optic,Yes,No,No,No,Yes,No,Month-to-month,Yes,Electronic check,79.59,392.73,No
5356-MYYMR,Female,0,No,No,0,Yes,Yes,DSL,No,No,No,No,Yes,Yes,One year,Yes,Bank transfer (automatic),69.07,0.65,No
4071-KMXUO,Female,0,No,Yes,2,Yes,No,Fiber optic,No,Yes,Yes,No,Yes,No,One year,Yes,Mailed check,80.62,170.33,Yes
3891-SLLSB,Female,0,Yes,No,2,Yes,No,No,No internet service,No internet service,No internet service,No internet service,No internet service,No internet service,Month-to-month,No,Electronic check,18.38,43.83,No
7536-NJSFW,Male,0,Yes,Yes,9,Yes,Yes,DSL,Yes,Yes,No,No,No,No,Month-to-month,Yes,Mailed check,61.32,558.85,Yes
8924-VHEBT,Male,0,Yes,No,64,Yes,No,DSL,Yes,No,No,No,No,No,One year,No,Bank transfer (automatic),52.23,3334.03,No
6045-DRPYJ,Male,1,No,No,14,Yes,No,DSL,No,Yes,No,Yes,No,No,One year,Yes,Mailed check,48.38,670.82,No
8214-COATK,Female,0,Yes,Yes,4,No,No phone service,DSL,Yes,No,No,No,No,No,Month-to-month,Yes,Mailed check,48.78,183.34,No
8071-UXRRH,Female,0,Yes,No,10,Yes,Yes,DSL,No,No,Yes,Yes,No,No,One year,Yes,Mailed check,50.45,519.71,No
4830-BHWGP,Male,1,No,No,2,Yes,Yes,Fiber optic,No,No,No,No,No,No,Month-to-month,Yes,Electronic check,78.09,152.93,Yes
2383-VKIKP,Female,0,Yes,No,15,No,No phone service,Fiber optic,No,No,No,Yes,Yes,Yes,One year,No,Bank transfer (automatic),89.99,1348.57,No
3816-MFCCS,Female,0,Yes,No,50,Yes,No,Fiber optic,No,No,No,No,Yes,No,Month-to-month,Yes,Electronic check,98.31,4933.82,No
5897-VIHUS,Female,0,Yes,No,0,Yes,No,Fiber optic,No,Yes,No,No,Yes,No,Month-to-month,Yes,Credit card (automatic),72.9,16.66,No
4459-MNEPB,Male,0,No,No,3,Yes,No,DSL,No,No,No,No,No,No,Month-to-month,No,Mailed check,62.52,178.74,Yes
5255-FQCLW,Female,0,No,No,3,Yes,No,Fiber optic,No,Yes,No,Yes,No,Yes,Month-to-month,No,Credit card (automatic),106.7,335.63,Yes
8043-DBCKQ,Female,0,Yes,No,10,Yes,Yes,Fiber optic,No,No,No,No,No,No,Month-to-month,Yes,Mailed check,73.68,738.73,Yes
9841-HQGQN,Male,1,No,No,8,Yes,Yes,No,No internet service,No internet service,No internet service,No internet service,No internet service,No internet service,One year,Yes,Credit card (automatic),28.25,232.17,No
6299-VNEPS,Male,1,Yes,No,25,Yes,Yes,Fiber optic,No,Yes,No,No,No,No,One year,Yes,Bank transfer (automatic),81.44,2033.17,Yes
9968-XOXXS,Female,0,Yes,No,52,Yes,No,DSL,No,No,Yes,No,Yes,Yes,One year,Yes,Electronic check,68.19,3565.26,No
5164-XZQIF,Female,0,No,Yes,58,Yes,Yes,Fiber optic,Yes,Yes,Yes,No,No,Yes,Month-to-month,No,Mailed check,105.6,6132.17,Yes
9501-BVHTQ,Male,0,Yes,No,0,Yes,No,DSL,Yes,No,No,No,Yes,No,One year,Yes,Electronic check,59.53,0.0,No
1784-OALWE,Male,0,No,No,6,Yes,Yes,No,No internet service,No internet service,No internet service,No internet service,No internet service,No internet service,Month-to-month,Yes,Mailed check,20.32,124.75,No
3109-MEZMU,Female,0,No,Yes,2,No,No phone service,Fiber optic,Yes,No,Yes,No,Yes,No,Month-to-month,No,Bank transfer (automatic),74.29,163.31,Yes
1471-UKAKC,Female,0,No,No,6,Yes,Yes,Fiber optic,No,Yes,No,Yes,No,No,Month-to-month,Yes,Electronic check,95.79,557.32,No
1586-XWLQR,Female,1,Yes,Yes,10,Yes,Yes,Fiber optic,Yes,No,Yes,No,No,No,Month-to-month,No,Electronic check,97.32,961.96,No
8379-QISOY,Female,1,Yes,No,5,Yes,Yes,DSL,No,Yes,No,Yes,Yes,Yes,Month-to-month,No,Bank transfer (automatic),47.09,215.74,No
4071-NOJBB,Male,0,No,No,8,Yes,No,Fiber optic,No,No,No,Yes,Yes,Yes,Month-to-month,Yes,Electronic check,104.74,824.27,Yes
4810-MLJVK,Female,0,Yes,No,63,Yes,No,Fiber optic,No,Yes,No,No,No,No,Two year,Yes,Credit card (automatic),113.75,7168.16,No
9419-PVOBZ,Female,0,No,No,63,Yes,No,DSL,No,Yes,Yes,No,No,No,Two year,Yes,Bank transfer (automatic),49.58,3118.51,No
2096-YDJCV,Male,0,Yes,No,10,Yes,Yes,Fiber optic,Yes,No,Yes,No,No,No,Two year,Yes,Mailed check,80.69,806.68,Yes
3930-DUCUH,Female,0,Yes,Yes,13,Yes,No,No,No internet service,No internet service,No internet service,No internet service,No internet service,No internet service,Month-to-month,Yes,Mailed check,21.31,276.45,No
4724-FNHRQ,Male,0,Yes,No,51,Yes,No,DSL,Yes,Yes,No,No,Yes,No,Two year,Yes,Credit card (automatic),62.03,3151.07,No
7848-PQYXO,Female,0,No,No,68,Yes,Yes,DSL,Yes,Yes,Yes,No,No,Yes,Month-to-month,No,Bank transfer (automatic),42.97,2934.85,No
7831-KMMRC,Female,0,No,No,13,Yes,No,No,No internet service,No internet service,No internet service,No internet service,No internet service,No internet service,One year,No,Electronic check,26.85,342.77,No
2691-EZKOW,Male,0,Yes,No,66,No,No phone service,DSL,No,No,Yes,No,No,No,Month-to-month,No,Mailed check,48.04,3184.17,No
6247-EQVTR,Male,0,No,No,58,Yes,Yes,DSL,No,No,No,No,No,No,Month-to-month,Yes,Electronic check,43.96,2537.47,No
6829-COMLX,Female,0,Yes,No,53,Yes,Yes,Fiber optic,No,Yes,No,No,No,No,Month-to-month,Yes,Bank transfer (automatic),103.19,5462.79,Yes
8986-DICRM,Female,0,Yes,No,67,Yes,Yes,Fiber optic,No,Yes,No,Yes,Yes,No,One year,Yes,Electronic check,106.84,7163.97,No
1822-UVIKA,Female,0,No,No,1,Yes,No,No,No internet service,No internet service,No internet service,No internet service,No internet service,No internet service,Month-to-month,No,Electronic check,25.21,18.52,Yes
6879-SKYAY,Male,1,No,Yes,0,Yes,Yes,Fiber optic,No,No,No,No,No,No,One year,No,Credit card (automatic),94.25,0.0,No
9390-OWBEH,Female,0,Yes,No,64,Yes,Yes,No,No internet service,No internet service,No internet service,No internet service,No internet service,No internet service,Two year,Yes,Mailed check,28.2,1822.44,No
9656-ZFGVD,Male,0,Yes,No,69,Yes,No,Fiber optic,No,No,No,Yes,Yes,Yes,Month-to-month,No,Electronic check,72.7,5014.35,No
5078-KAAGN,Male,0,No,No,68,Yes,Yes,Fiber optic,Yes,No,No,Yes,No,No,Month-to-month,No,Mailed check,74.42,5077.27,No
6670-PPQTG,Female,0,No,No,62,Yes,Yes,DSL,No,No,No,No,No,Yes,One year,No,Electronic check,62.0,3863.42,No
2830-FCEMQ,Male,0,No,No,4,Yes,Yes,Fiber optic,Yes,No,Yes,Yes,No,No,Month-to-month,Yes,Bank transfer (automatic),78.07,306.96,Yes
5392-GQTKE,Female,0,Yes,No,51,Yes,No,No,No internet service,No internet service,No internet service,No internet service,No internet service,No internet service,Two year,No,Electronic check,28.8,1462.65,No
2697-EEICP,Female,0,No,No,14,Yes,Yes,DSL,No,No,No,No,No,Yes,Two year,Yes,Electronic check,45.7,628.14,No
2432-IGYSY,Female,0,Yes,No,63,Yes,Yes,DSL,No,No,No,No,Yes,Yes,Month-to-month,No,Mailed check,69.9,4404.14,No
6721-WBXGW,Female,0,No,No,15,Yes,Yes,Fiber optic,No,Yes,No,No,No,No,Month-to-month,No,Mailed check,113.81,1695.77,Yes
6374-QPRNP,Female,0,Yes,No,68,Yes,Yes,Fiber optic,No,No,No,Yes,No,No,Two year,No,Mailed check,104.07,7066.65,No
6947-CDBHH,Male,0,Yes,No,0,Yes,No,DSL,No,No,No,No,Yes,No,Two year,Yes,Mailed check,63.77,10.28,Yes
7452-HBBEV,Male,0,Yes,No,67,Yes,No,No,No internet service,No internet service,No internet service,No internet service,No internet service,No internet service,Month-to-month,Yes,Mailed check,19.67,1315.39,No
3807-XVMSJ,Female,0,No,Yes,15,Yes,No,Fiber optic,No,No,No,No,Yes,No,Month-to-month,No,Mailed check,98.47,1465.67,No
5253-MPRZL,Female,0,No,No,1,Yes,Yes,Fiber optic,No,No,Yes,Yes,No,Yes,One year,No,Credit card (automatic),84.78,76.71,No
3884-IXRAI,Male,0,Yes,Yes,67,Yes,Yes,No,No internet service,No internet service,No internet service,No internet service,No internet service,No internet service,Month-to-month,Yes,Mailed check,25.49,1695.58,No
5134-XTZDK,Male,1,No,Yes,6,Yes,Yes,DSL,No,Yes,No,No,Yes,Yes,Two year,Yes,Mailed check,60.75,354.12,No
6703-BXPQT,Male,0,No,No,4,Yes,Yes,No,No internet service,No internet service,No internet service,No internet service,No internet service,No internet service,Two year,Yes,Electronic check,23.05,102.09,No
9394-YFSTP,Male,1,Yes,No,3,Yes,No,DSL,No,No,No,No,Yes,No,One year,No,Electronic check,62.34,201.17,No
8552-GEFSB,Female,1,No,Yes,65,No,No phone service,DSL,No,Yes,No,No,No,Yes,Month-to-month,No,Bank transfer (automatic),42.09,2754.03,No
4592-DOALK,Female,0,No,No,65,Yes,Yes,Fiber optic,No,No,No,No,Yes,Yes,One year,No,Credit card (automatic),102.3,6669.12,No
2087-LERKF,Male,0,Yes,No,1,No,No phone service,Fiber optic,No,No,No,Yes,Yes,Yes,Month-to-month,No,Mailed check,100.74,97.03,No
7554-NCJHE,Female,0,Yes,No,63,Yes,Yes,Fiber optic,No,No,No,Yes,No,Yes,Month-to-month,Yes,Credit card (automatic),83.68,5254.51,No
7980-INOSK,Male,1,Yes,Yes,59,Yes,No,DSL,No,Yes,Yes,No,No,Yes,Month-to-month,Yes,Electronic check,53.26,3146.46,Yes
2216-LPKFZ,Female,0,Yes,No,66,Yes,No,DSL,Yes,No,No,No,No,No,Month-to-month,No,Credit card (automatic),44.84,2942.21,No
7693-ZPVII,Male,0,Yes,No,70,Yes,No,Fiber optic,No,Yes,Yes,No,No,Yes,Two year,Yes,Bank transfer (automatic),107.66,7544.08,No
5941-OXPLR,Female,0,No,No,10,Yes,No,No,No internet service,No internet service,No internet service,No internet service,No internet service,No internet service,Two year,No,Electronic check,18.16,189.75,No
5811-WMUAK,Male,0,No,No,69,Yes,Yes,Fiber optic,No,Yes,Yes,No,No,Yes,Month-to-month,No,Electronic check,112.08,7719.44,No
2356-ZIOXC,Male,0,Yes,No,2,Yes,No,DSL,No,No,No,Yes,Yes,No,Month-to-month,No,Credit card (automatic),44.19,98.87,Yes
8196-EMUWQ,Female,0,No,No,55,Yes,Yes,Fiber optic,Yes,Yes,No,No,Yes,Yes,Month-to-month,Yes,Electronic check,102.27,5615.33,Yes
9430-PZLMG,Male,0,No,Yes,1,Yes,Yes,Fiber optic,No,Yes,Yes,Yes,No,No,Month-to-month,No,Electronic check,99.51,94.73,Yes
7810-MOVIW,Female,1,No,No,66,Yes,No,DSL,No,No,No,No,Yes,Yes,One year,No,Electronic check,67.36,4428.22,No
1297-SCAKZ,Female,0,Yes,No,3,Yes,Yes,Fiber optic,No,No,No,No,Yes,No,Month-to-month,Yes,Mailed check,76.16,225.73,No
3561-JAIEZ,Male,0,No,No,66,No,No phone service,Fiber optic,No,No,Yes,No,No,Yes,Two year,Yes,Electronic check,104.95,6918.86,No
9035-MNWRU,Female,0,No,No,1,Yes,No,DSL,Yes,No,No,No,Yes,No,One year,No,Bank transfer (automatic),41.34,46.87,Yes
8723-CISRD,Female,0,No,No,69,Yes,No,Fiber optic,No,No,No,Yes,No,No,Month-to-month,Yes,Credit card (automatic),111.16,7660.81,No
1259-WZKRV,Female,0,Yes,No,3,Yes,Yes,Fiber optic,No,Yes,No,Yes,No,No,Month-to-month,Yes,Mailed check,74.23,227.45,No
3707-QXXFV,Female,0,Yes,Yes,50,Yes,No,No,No internet service,No internet service,No internet service,No internet service,No internet service,No internet service,Month-to-month,Yes,Bank transfer (automatic),20.38,1011.03,No
7173-ITPFG,Female,0,No,No,70,No,No phone service,Fiber optic,Yes,No,No,No,No,No,Month-to-month,Yes,Bank transfer (automatic),86.29,6029.72,No
8412-RJYXC,Male,0,Yes,No,71,Yes,Yes,Fiber optic,No,Yes,No,Yes,No,Yes,Month-to-month,Yes,Mailed check,113.67,8080.26,No
9605-AWUJD,Female,0,No,No,1,Yes,No,DSL,No,No,No,No,Yes,No,Month-to-month,No,Electronic check,45.14,37.47,No
3846-EMNOX,Female,0,No,No,58,Yes,No,Fiber optic,No,Yes,No,No,No,No,Two year,No,Bank transfer (automatic),111.35,6446.76,No
4227-EACFE,Female,0,Yes,Yes,52,Yes,No,DSL,No,No,No,No,No,No,Month-to-month,No,Electronic check,54.1,2831.52,No
5593-ICAWZ,Female,0,No,No,51,Yes,No,DSL,No,Yes,Yes,No,No,No,One year,No,Electronic check,63.55,3255.31,No
6725-BGBAP,Female,0,Yes,No,64,No,No phone service,DSL,No,No,No,Yes,No,No,Month-to-month,Yes,Electronic check,52.17,3338.06,Yes
3460-PKISG,Male,0,Yes,Yes,4,Yes,No,Fiber optic,No,No,No,No,No,No,Month-to-month,Yes,Electronic check,82.55,313.18,Yes
8886-FUTGD,Female,0,No,Yes,2,Yes,Yes,Fiber optic,No,No,No,No,No,Yes,Month-to-month,Yes,Electronic check,87.8,176.86,No
8472-EHBDT,Male,0,No,No,57,Yes,No,No,No internet service,No internet service,No internet service,No internet service,No internet service,No internet service,Month-to-month,No,Electronic check,24.95,1403.56,No
2234-GZJUX,Male,1,Yes,No,6,No,No phone service,Fiber optic,No,Yes,No,No,No,No,Month-to-month,No,Electronic check,101.17,620.27,Yes
5731-RCLHW,Male,1,No,No,2,Yes,No,Fiber optic,No,Yes,No,Yes,No,No,One year,Yes,Mailed check,108.18,213.31,No
3084-ZXRIL,Male,0,Yes,No,24,Yes,Yes,DSL,No,No,No,No,No,Yes,One year,Yes,Mailed check,57.66,1372.41,No
1539-MYLLT,Female,0,Yes,No,1,Yes,No,Fiber optic,Yes,Yes,No,No,No,No,One year,No,Credit card (automatic),98.01,108.58,Yes
3403-MHWJA,Male,0,Yes,No,3,Yes,Yes,DSL,No,No,No,No,No,No,Two year,Yes,Credit card (automatic),56.45,155.96,No
4595-IRGFF,Male,0,Yes,No,4,Yes,Yes,Fiber optic,No,No,No,Yes,No,Yes,Two year,No,Electronic check,114.27,464.91,No
5715-RUTZT,Female,0,No,No,64,Yes,No,DSL,No,Yes,No,Yes,Yes,Yes,One year,No,Credit card (automatic),45.11,2892.61,No
2715-BNQHZ,Female,0,No,No,1,Yes,Yes,Fiber optic,No,No,No,Yes,No,No,Month-to-month,Yes,Mailed check,93.71,80.16,Yes
3904-ETVZK,Female,0,No,Yes,51,Yes,No,Fiber optic,No,No,No,Yes,No,No,Two year,Yes,Credit card (automatic),107.71,5499.78,No
2890-LOKSK,Male,0,No,No,8,Yes,No,Fiber optic,No,Yes,No,No,Yes,Yes,Two year,Yes,Electronic check,103.28,837.53,No
6619-ZPHHW,Female,0,Yes,No,20,Yes,No,DSL,Yes,No,No,Yes,No,No,One year,Yes,Electronic check,53.24,1075.9,No
9960-AAFAI,Female,0,Yes,No,6,Yes,No,Fiber optic,Yes,Yes,No,Yes,No,No,Month-to-month,Yes,Mailed check,108.67,656.16,No
5158-JOIMN,Male,0,No,Yes,12,No,No phone service,Fiber optic,Yes,Yes,No,No,No,Yes,Month-to-month,No,Mailed check,114.12,1353.29,Yes
9366-DLMGO,Female,0,No,No,1,No,No phone service,DSL,No,No,No,Yes,No,No,One year,No,Mailed check,55.21,42.06,No
1340-BUFEA,Female,0,No,Yes,1,Yes,Yes,DSL,No,No,Yes,Yes,No,No,Two year,No,Electronic check,43.35,35.25,Yes
5553-SHOBM,Female,0,Yes,No,53,No,No phone service,DSL,Yes,Yes,No,No,Yes,Yes,One year,No,Bank transfer (automatic),50.0,2667.49,No
9899-CXAYP,Female,0,Yes,No,11,Yes,No,Fiber optic,No,No,No,Yes,Yes,Yes,One year,No,Bank transfer (automatic),80.98,874.61,No
1713-FEQDW,Male,0,Yes,No,4,Yes,No,DSL,No,No,No,Yes,No,No,Month-to-month,Yes,Electronic check,57.09,230.34,No
5222-YWLYY,Female,0,Yes,Yes,57,Yes,No,DSL,Yes,No,Yes,No,No,Yes,Month-to-month,Yes,Mailed check,62.75,3592.44,No
8129-RZBKI,Female,0,Yes,No,3,Yes,No,DSL,No,Yes,No,No,No,Yes,One year,No,Electronic check,66.64,197.45,No
6540-LUJJQ,Male,0,No,No,7,Yes,No,Fiber optic,No,No,Yes,Yes,No,Yes,Month-to-month,Yes,Credit card (automatic),84.51,606.81,No
6913-DORRQ,Female,1,Yes,No,59,Yes,No,DSL,No,No,No,Yes,No,No,One year,Yes,Credit card (automatic),50.59,2977.73,No
4068-QSNYP,Male,0,No,No,50,Yes,Yes,No,No internet service,No internet service,No internet service,No internet service,No internet service,No internet service,Two year,No,Bank transfer (automatic),25.17,1256.19,No
6528-VVLKO,Female,0,No,No,9,Yes,Yes,DSL,Yes,Yes,No,Yes,Yes,No,Month-to-month,Yes,Electronic check,48.12,436.92,No
2908-UZZYG,Male,0,Yes,No,22,Yes,Yes,DSL,No,No,No,No,No,Yes,Month-to-month,No,Credit card (automatic),52.65,1164.34,No
6918-NPFGP,Male,0,No,No,70,Yes,Yes,Fiber optic,No,No,No,Yes,Yes,Yes,Two year,No,Bank transfer (automatic),79.57,5565.61,No
5376-VLGEY,Male,0,Yes,No,52,Yes,No,No,No internet service,No internet service,No internet service,No internet service,No internet service,No internet service,Month-to-month,Yes,Electronic check,20.35,1056.6,No
2195-RNUSD,Male,0,No,Yes,65,Yes,Yes,No,No internet service,No internet service,No internet service,No internet service,No internet service,No internet service,Month-to-month,Yes,Bank transfer (automatic),25.32,1650.3,No
7533-RIFBH,Female,0,No,No,1,Yes,No,DSL,No,No,No,No,No,Yes,One year,No,Bank transfer (automatic),51.17,65.23,Yes
6020-BIRLC,Male,0,No,No,7,No,No phone service,DSL,Yes,No,Yes,Yes,Yes,Yes,Two year,Yes,Bank transfer (automatic),65.4,452.06,No
5876-WZXGV,Female,0,No,No,57,Yes,No,Fiber optic,No,No,No,No,Yes,No,Two year,No,Mailed check,99.69,5684.71,No
1556-GSWIL,Male,1,Yes,Yes,58,Yes,No,DSL,Yes,No,Yes,No,Yes,Yes,Month-to-month,No,Electronic check,62.9,3658.55,No
6821-SPXKU,Male,0,No,No,3,Yes,Yes,Fiber optic,No,No,Yes,No,No,No,Month-to-month,Yes,Electronic check,99.99,318.45,Yes
2600-PFPTH,Male,0,No,No,53,Yes,No,Fiber optic,Yes,Yes,Yes,No,No,Yes,Two year,No,Credit card (automatic),86.8,4585.25,No
1481-NBDRL,Female,0,No,No,24,Yes,No,Fiber optic,No,No,No,Yes,Yes,No,One year,Yes,Bank transfer (automatic),108.86,2595.82,No
9218-BEARD,Male,0,No,No,4,Yes,No,No,No internet service,No internet service,No internet service,No internet service,No internet service,No internet service,One year,No,Mailed check,27.23,90.41,No
7916-MYBKJ,Female,0,No,Yes,62,Yes,No,DSL,No,Yes,Yes,Yes,Yes,No,Month-to-month,Yes,Bank transfer (automatic),47.61,2940.32,Yes
3961-ULZSV,Female,0,No,Yes,4,Yes,Yes,Fiber optic,No,No,No,No,No,Yes,Month-to-month,No,Electronic check,107.48,431.09,Yes
8674-OBQXI,Female,1,Yes,No,67,Yes,Yes,Fiber optic,Yes,No,No,No,No,Yes,Month-to-month,Yes,Electronic check,94.6,6324.94,No
5135-IGLEC,Female,0,Yes,No,56,Yes,No,Fiber optic,Yes,No,No,Yes,Yes,No,Month-to-month,Yes,Electronic check,113.95,6371.09,No
3127-VAONK,Female,0,No,Yes,59,Yes,No,Fiber optic,No,Yes,No,No,No,No,Month-to-month,Yes,Credit card (automatic),80.32,4725.44,No
4687-SLLNT,Female,0,No,Yes,36,Yes,Yes,No,No internet service,No internet service,No internet service,No internet service,No internet service,No internet service,Two year,Yes,Bank transfer (automatic),26.81,980.35,No
2277-JNAMJ,Female,0,No,No,1,Yes,No,No,No internet service,No internet service,No internet service,No internet service,No internet service,No internet service,Month-to-month,Yes,Electronic check,19.29,34.19,Yes
1140-YAGLJ,Female,0,Yes,Yes,58,Yes,Yes,Fiber optic,No,Yes,No,No,No,Yes,Month-to-month,Yes,Bank transfer (automatic),73.62,4268.46,Yes
8629-POIBB,Female,0,Yes,No,7,Yes,No,Fiber optic,Yes,No,No,No,Yes,Yes,Month-to-month,Yes,Credit card (automatic),93.17,645.32,No
9557-JPCSP,Male,1,No,No,0,Yes,No,Fiber optic,No,No,No,No,Yes,No,One year,Yes,Bank transfer (automatic),77.97,16.9,Yes
6536-LOOEX,Male,0,No,No,0,Yes,Yes,No,No internet service,No internet service,No internet service,No internet service,No internet service,No internet service,Two year,No,Electronic check,26.78,5.21,No
6070-FBNWC,Male,0,No,Yes,49,Yes,No,DSL,No,No,No,No,No,No,Two year,Yes,Electronic check,51.24,2497.27,No
9168-BUAQU,Male,1,Yes,No,5,Yes,Yes,Fiber optic,No,No,Yes,No,Yes,Yes,Two year,Yes,Electronic check,105.36,539.21,Yes
1213-SFIJL,Male,0,Yes,Yes,2,Yes,No,Fiber optic,No,No,No,No,Yes,No,Two year,No,Mailed check,97.11,186.65,No
3122-BFFCO,Female,0,Yes,No,57,Yes,Yes,Fiber optic,Yes,No,No,Yes,No,No,Two year,Yes,Credit card (automatic),77.22,4416.02,No
5703-IPWCI,Female,0,Yes,Yes,64,No,No phone service,DSL,No,No,No,No,No,No,Month-to-month,No,Electronic check,47.14,3018.38,No
1144-VUJYC,Female,0,No,No,14,Yes,Yes,Fiber optic,Yes,Yes,No,No,Yes,Yes,Month-to-month,Yes,Mailed check,70.37,992.9,Yes
1264-KMJTK,Female,0,Yes,No,58,Yes,Yes,Fiber optic,No,Yes,No,Yes,No,Yes,Month-to-month,Yes,Electronic check,71.66,4164.74,Yes
7149-DADGU,Female,0,Yes,No,3,Yes,No,DSL,No,No,No,Yes,No,No,Month-to-month,Yes,Credit card (automatic),53.98,143.84,No
1889-AEQYI,Female,1,Yes,No,55,Yes,No,Fiber optic,No,No,No,No,Yes,No,One year,No,Bank transfer (automatic),87.02,4795.58,No
1034-TQCOV,Female,0,Yes,No,10,No,No phone service,Fiber optic,Yes,No,No,No,No,Yes,Month-to-month,Yes,Electronic check,76.56,754.86,No
9271-DVDYO,Male,0,No,No,15,Yes,No,No,No internet service,No internet service,No internet service,No internet service,No internet service,No internet service,One year,No,Electronic check,19.43,301.98,No
5010-CNZTU,Male,0,Yes,No,2,Yes,No,DSL,No,No,No,No,No,Yes,Month-to-month,No,Bank transfer (automatic),50.72,93.77,Yes
3125-BVYII,Male,0,Yes,No,3,Yes,No,DSL,No,No,No,Yes,No,Yes,Month-to-month,Yes,Mailed check,46.42,123.0,Yes
1239-HVAGG,Male,0,No,No,66,No,No phone service,DSL,No,No,Yes,Yes,No,No,Month-to-month,Yes,Credit card (automatic),51.01,3370.85,No
8063-FTWSA,Female,0,Yes,Yes,61,Yes,No,No,No internet service,No internet service,No internet service,No internet service,No internet service,No internet service,Two year,Yes,Mailed check,23.87,1475.64,No
5578-AJMCJ,Female,0,No,Yes,0,Yes,Yes,Fiber optic,No,No,No,Yes,Yes,No,One year,No,Electronic check,95.87,0.0,No
5762-QODKW,Female,0,Yes,No,9,Yes,Yes,Fiber optic,Yes,No,No,No,No,No,Two year,No,Credit card (automatic),78.38,686.09,No
9310-HDUVX,Male,1,No,No,1,Yes,No,DSL,No,No,No,Yes,No,Yes,Two year,Yes,Credit card (automatic),60.89,48.24,Yes
4594-ZZCFK,Female,0,Yes,Yes,53,Yes,Yes,Fiber optic,No,Yes,Yes,Yes,Yes,No,Month-to-month,No,Electronic check,105.09,5555.19,No
1246-BXAWV,Female,0,Yes,Yes,60,Yes,No,Fiber optic,Yes,Yes,No,Yes,Yes,Yes,Month-to-month,Yes,Credit card (automatic),110.2,6621.12,Yes
9710-OEBBF,Female,1,No,No,58,Yes,No,No,No internet service,No internet service,No internet service,No internet service,No internet service,No internet service,One year,Yes,Electronic check,29.77,1730.79,No
9964-BMKCY,Male,0,Yes,Yes,63,Yes,Yes,Fiber optic,Yes,No,No,Yes,No,No,One year,Yes,Mailed check,89.64,5630.62,No
8115-YEPNI,Female,0,No,Yes,0,Yes,No,No,No internet service,No internet service,No internet service,No internet service,No internet service,No internet service,Month-to-month,Yes,Bank transfer (automatic),26.12,0.0,No
6403-XBHQN,Male,1,Yes,No,59,Yes,No,DSL,No,No,No,Yes,Yes,No,Month-to-month,No,Credit card (automatic),48.28,2858.97,No
3373-SAUIX,Male,0,No,No,71,No,No phone service,Fiber optic,No,No,Yes,No,Yes,No,One year,No,Electronic check,99.57,7057.98,No
5460-NKWJD,Male,0,No,Yes,54,Yes,No,No,No internet service,No internet service,No internet service,No internet service,No internet service,No internet service,Month-to-month,No,Electronic check,18.75,998.35,No
1342-GADZV,Male,0,Yes,No,63,Yes,Yes,Fiber optic,No,No,No,No,Yes,No,Two year,Yes,Bank transfer (automatic),96.54,6064.26,No
1409-NTELX,Female,0,Yes,No,60,Yes,Yes,No,No internet service,No internet service,No internet service,No internet service,No internet service,No internet service,One year,No,Bank transfer (automatic),19.16,1161.31,No
2660-ZWCVB,Male,0,No,No,5,Yes,No,No,No internet service,No internet service,No internet service,No internet service,No internet service,No internet service,Month-to-month,No,Credit card (automatic),27.98,157.55,Yes
6450-WDIZY,Male,0,No,Yes,58,Yes,Yes,Fiber optic,No,No,No,No,Yes,No,Month-to-month,Yes,Electronic check,75.93,4417.62,No
9959-ARURB,Female,0,Yes,No,12,Yes,Yes,DSL,Yes,Yes,Yes,Yes,Yes,No,One year,Yes,Mailed check,69.92,819.61,No
1846-GRYBX,Female,0,No,No,15,No,No phone service,Fiber optic,No,No,No,No,No,Yes,One year,No,Bank transfer (automatic),101.89,1518.3,No
7084-RSRXQ,Male,0,Yes,No,54,Yes,No,Fiber optic,No,Yes,Yes,Yes,Yes,Yes,One year,Yes,Mailed check,78.2,4235.12,No
3128-DEIZR,Female,0,Yes,No,67,Yes,Yes,Fiber optic,No,Yes,Yes,No,Yes,No,One year,No,Credit card (automatic),74.46,4999.82,No
8527-IHBKB,Male,1,No,No,64,Yes,No,Fiber optic,Yes,No,No,No,No,No,One year,No,Electronic check,104.05,6646.58,Yes
1912-BDELM,Male,0,No,No,58,Yes,Yes,No,No internet service,No internet service,No internet service,No internet service,No internet service,No internet service,Month-to-month,No,Electronic check,19.9,1165.05,Yes
3847-TQEUS,Male,1,No,No,22,Yes,No,No,No internet service,No internet service,No internet service,No internet service,No internet service,No internet service,Two year,Yes,Bank transfer (automatic),25.17,546.26,No
7617-RPBEX,Male,0,Yes,No,53,Yes,No,Fiber optic,No,Yes,Yes,No,No,Yes,Month-to-month,No,Bank transfer (automatic),79.58,4237.27,No
4365-SWREI,Female,0,Yes,No,57,Yes,No,Fiber optic,No,No,No,Yes,Yes,No,Month-to-month,Yes,Mailed check,111.43,6367.9,Yes
8206-MWWTU,Male,0,No,No,7,Yes,No,Fiber optic,No,Yes,No,No,Yes,Yes,Month-to-month,Yes,Bank transfer (automatic),99.04,708.34,Yes
1945-LFRQU,Female,0,Yes,No,64,Yes,Yes,Fiber optic,No,Yes,No,No,No,No,Month-to-month,Yes,Electronic check,94.04,6017.26,No
5411-HHPCX,Female,0,Yes,No,69,Yes,No,No,No internet service,No internet service,No internet service,No internet service,No internet service,No internet service,Month-to-month,No,Electronic check,19.51,1347.42,No
8001-CEXYH,Female,0,Yes,Yes,0,Yes,No,Fiber optic,No,No,No,No,No,No,One year,Yes,Electronic check,86.43,7.31,No
4282-RAFAY,Female,0,No,Yes,56,Yes,Yes,No,No internet service,No internet service,No internet service,No internet service,No internet service,No internet service,Month-to-month,Yes,Bank transfer (automatic),21.99,1218.17,No
4374-RJILZ,Male,0,Yes,No,8,Yes,No,Fiber optic,No,Yes,No,No,No,No,Two year,Yes,Credit card (automatic),112.89,905.4,No
6170-ZHIQM,Female,0,Yes,No,1,Yes,Yes,Fiber optic,No,Yes,No,No,Yes,No,One year,Yes,Electronic check,76.2,86.87,Yes
9791-KRPBW,Male,0,No,Yes,56,Yes,No,Fiber optic,No,No,No,No,No,No,Month-to-month,Yes,Electronic check,89.55,4996.97,No
8686-SANCH,Female,0,No,No,16,Yes,Yes,Fiber optic,Yes,Yes,No,No,Yes,Yes,Month-to-month,No,Credit card (automatic),71.96,1140.35,No
4970-HFXBH,Female,0,Yes,Yes,64,Yes,No,Fiber optic,No,Yes,No,No,No,No,Month-to-month,No,Electronic check,93.39,5990.26,Yes
4043-JMNFB,Male,0,No,No,5,Yes,No,Fiber optic,Yes,No,Yes,Yes,Yes,No,Month-to-month,Yes,Electronic check,107.94,536.11,Yes
1236-HQJKB,Male,0,Yes,Yes,71,Yes,Yes,DSL,Yes,No,Yes,No,Yes,No,Month-to-month,Yes,Mailed check,53.81,3806.88,Yes
8284-JUETL,Male,0,Yes,No,71,Yes,No,Fiber optic,Yes,Yes,No,Yes,Yes,No,Month-to-month,Yes,Mailed check,83.94,5951.49,No
7160-BJFPZ,Female,1,No,No,23,Yes,No,DSL,No,No,No,No,No,No,Month-to-month,Yes,Bank transfer (automatic),59.96,1387.85,Yes
8269-FIANU,Female,0,Yes,No,1,No,No phone service,Fiber optic,No,No,No,No,Yes,No,Month-to-month,Yes,Bank transfer (automatic),97.9,102.74,Yes
2466-MNUTN,Male,0,Yes,Yes,11,Yes,No,No,No internet service,No internet service,No internet service,No internet service,No internet service,No internet service,Month-to-month,Yes,Electronic check,29.5,328.43,No
3560-DXZRG,Male,0,No,No,1,Yes,No,No,No internet service,No internet service,No internet service,No internet service,No internet service,No internet service,Two year,Yes,Electronic check,25.81,22.07,No
9486-LZQHC,Male,1,No,No,64,Yes,No,Fiber optic,No,No,No,Yes,No,Yes,Month-to-month,No,Electronic check,79.27,5082.53,Yes
2908-DNKXP,Male,0,No,No,66,Yes,Yes,DSL,Yes,No,Yes,No,No,No,Month-to-month,No,Electronic check,50.74,3359.02,Yes
9308-MSSYK,Female,1,Yes,No,68,Yes,No,Fiber optic,No,Yes,Yes,Yes,Yes,No,Month-to-month,Yes,Credit card (automatic),109.82,7476.75,No
8672-FWAMZ,Male,0,Yes,No,54,Yes,No,Fiber optic,Yes,Yes,Yes,Yes,Yes,No,Month-to-month,Yes,Electronic check,86.9,4704.53,No
3098-LHNZI,Male,0,Yes,Yes,62,Yes,No,Fiber optic,No,No,No,No,Yes,Yes,One year,Yes,Electronic check,105.07,6505.39,Yes
2256-HCSAN,Male,1,Yes,Yes,9,Yes,No,DSL,No,Yes,No,Yes,No,Yes,Month-to-month,No,Mailed check,47.43,443.32,No
1270-TZSAH,Male,0,Yes,No,18,Yes,No,DSL,No,Yes,No,Yes,Yes,No,Month-to-month,Yes,Bank transfer (automatic),49.2,879.2,No
7113-KNNXQ,Female,0,No,No,66,Yes,Yes,Fiber optic,No,No,Yes,No,No,No,One year,Yes,Credit card (automatic),87.8,5785.88,No
5196-CENHA,Male,0,Yes,No,66,Yes,Yes,DSL,No,No,No,Yes,No,No,Month-to-month,Yes,Mailed check,40.23,2661.53,Yes
4423-TWXQK,Female,1,Yes,No,56,Yes,No,DSL,No,No,No,Yes,No,Yes,Month-to-month,No,Electronic check,69.72,3922.85,Yes
3271-RDQGH,Male,0,No,No,1,Yes,Yes,No,No internet service,No internet service,No internet service,No internet service,No internet service,No internet service,Month-to-month,Yes,Mailed check,23.64,13.89,No
1315-DGZQK,Male,0,Yes,Yes,5,No,No phone service,Fiber optic,No,Yes,No,No,No,Yes,Month-to-month,No,Bank transfer (automatic),78.56,380.4,No
2691-WZLNY,Female,0,No,No,71,No,No phone service,DSL,No,No,No,Yes,Yes,No,Month-to-month,Yes,Electronic check,67.21,4753.96,No
1381-WORLK,Male,0,Yes,No,66,Yes,No,DSL,No,No,No,No,No,No,Two year,Yes,Electronic check,40.01,2639.45,No
6458-CQSMY,Female,1,No,No,61,Yes,No,Fiber optic,Yes,No,No,No,No,No,Month-to-month,No,Bank transfer (automatic),107.1,6549.29,No
9742-JHGXJ,Female,0,No,No,70,Yes,No,DSL,No,Yes,Yes,No,Yes,No,One year,No,Mailed check,66.69,4684.31,No
6789-RJEDU,Male,0,No,Yes,7,Yes,Yes,Fiber optic,Yes,No,No,No,No,No,One year,Yes,Bank transfer (automatic),107.15,760.94,No
6094-YIDAJ,Female,1,Yes,Yes,11,Yes,No,Fiber optic,No,No,Yes,No,No,No,Two year,No,Mailed check,104.8,1142.85,No
8441-QJUBN,Female,0,No,No,10,Yes,No,Fiber optic,No,No,No,No,Yes,Yes,One year,Yes,Credit card (automatic),71.22,711.71,Yes
7868-NVAEW,Female,0,Yes,No,12,No,No phone service,DSL,Yes,No,No,No,No,Yes,Two year,No,Mailed check,69.28,815.99,No
6805-BUKXS,Female,0,Yes,No,10,Yes,No,DSL,No,No,No,No,Yes,No,Month-to-month,Yes,Bank transfer (automatic),43.1,434.11,Yes
6020-KFHOT,Female,0,Yes,No,60,Yes,Yes,No,No internet service,No internet service,No internet service,No internet service,No internet service,No internet service,Month-to-month,Yes,Mailed check,23.66,1438.1,Yes
4552-NQFBI,Female,0,Yes,No,1,Yes,Yes,No,No internet service,No internet service,No internet service,No internet service,No internet service,No internet service,Two year,Yes,Mailed check,26.14,36.17,No
1124-VTXOD,Female,0,Yes,No,68,Yes,Yes,No,No internet service,No internet service,No internet service,No internet service,No internet service,No internet service,Two year,No,Mailed check,19.68,1335.86,No
4047-BZBNM,Female,0,Yes,No,0,Yes,Yes,Fiber optic,No,Yes,No,No,No,No,Month-to-month,No,Credit card (automatic),114.38,6.33,Yes
6444-CGDQP,Male,0,Yes,No,63,Yes,No,Fiber optic,Yes,No,No,No,No,Yes,Month-to-month,Yes,Electronic check,93.86,5916.17,No
1914-IKSBY,Male,0,No,No,55,Yes,Yes,DSL,No,Yes,No,No,No,Yes,One year,No,Electronic check,45.56,2512.07,No
5744-JNASU,Female,0,Yes,No,15,Yes,Yes,Fiber optic,No,No,Yes,No,No,Yes,Month-to-month,Yes,Electronic check,94.15,1394.6,Yes
7579-VVHAY,Male,0,No,No,5,Yes,Yes,No,No internet service,No internet service,No internet service,No internet service,No internet service,No internet service,Two year,Yes,Mailed check,23.24,121.51,No
1231-CPHXU,Female,0,No,No,3,Yes,No,DSL,No,No,No,No,Yes,No,Month-to-month,No,Credit card (automatic),50.4,153.96,Yes
4507-DFMGA,Female,1,Yes,No,5,Yes,Yes,Fiber optic,No,No,No,Yes,Yes,No,One year,No,Credit card (automatic),110.79,573.51,No
5078-LEAYX,Male,0,No,Yes,17,Yes,Yes,DSL,Yes,Yes,Yes,Yes,Yes,Yes,Month-to-month,Yes,Credit card (automatic),67.33,1127.45,No
2752-RZUXC,Female,0,No,No,15,Yes,No,No,No internet service,No internet service,No internet service,No internet service,No internet service,No internet service,Month-to-month,Yes,Mailed check,20.13,296.78,No
3347-RXNSX,Female,0,Yes,No,68,Yes,No,Fiber optic,No,Yes,No,No,No,Yes,Month-to-month,Yes,Electronic check,81.07,5526.66,No
7546-YICSS,Female,0,Yes,No,63,Yes,No,No,No internet service,No internet service,No internet service,No internet service,No internet service,No internet service,Month-to-month,Yes,Bank transfer (automatic),29.19,1835.29,No
6539-QXHYV,Female,0,No,Yes,3,Yes,No,DSL,Yes,No,No,No,Yes,No,Month-to-month,Yes,Credit card (automatic),60.31,200.58,No
6107-HEPSZ,Male,0,No,No,60,Yes,Yes,No,No internet service,No internet service,No internet service,No internet service,No internet service,No internet service,Two year,No,Credit card (automatic),27.17,1613.24,No
1813-MMJWT,Female,0,No,No,13,Yes,No,DSL,Yes,No,No,No,Yes,No,Month-to-month,No,Mailed check,42.23,529.97,Yes
8726-BPYWQ,Female,1,Yes,No,2,Yes,No,DSL,No,No,No,No,No,No,Month-to-month,Yes,Bank transfer (automatic),49.71,108.82,Yes
3940-VPKKV,Female,0,No,No,2,Yes,Yes,DSL,No,No,No,No,No,No,Month-to-month,No,Bank transfer (automatic),49.64,117.31,No
6808-ANDTM,Male,0,Yes,No,5,Yes,Yes,DSL,No,No,No,No,No,No,One year,No,Credit card (automatic),60.21,283.2,Yes
9069-MUPIN,Female,0,Yes,No,56,Yes,Yes,DSL,No,No,No,No,No,No,Month-to-month,Yes,Bank transfer (automatic),45.13,2535.13,Yes
1035-TGFGX,Male,0,Yes,Yes,0,No,No phone service,Fiber optic,Yes,Yes,Yes,No,No,Yes,Two year,Yes,Mailed check,108.19,0.0,No
8478-JHXER,Male,0,Yes,No,66,Yes,Yes,No,No internet service,No internet service,No internet service,No internet service,No internet service,No internet service,Two year,No,Bank transfer (automatic),22.58,1490.4,No
2503-ACYIO,Female,0,No,No,14,Yes,No,No,No internet service,No internet service,No internet service,No internet service,No internet service,No internet service,Two year,Yes,Mailed check,28.32,404.79,No
6281-BHOYO,Female,0,No,Yes,65,Yes,No,Fiber optic,No,No,Yes,No,Yes,No,Month-to-month,Yes,Credit card (automatic),81.82,5307.3,No
3049-YNYBT,Male,0,No,No,2,Yes,No,DSL,No,No,No,No,Yes,No,Two year,No,Mailed check,58.64,118.11,Yes
4828-OUHMX,Female,0,Yes,No,65,Yes,Yes,DSL,Yes,No,Yes,Yes,No,No,Month-to-month,No,Electronic check,60.21,3920.63,No
2504-RNIQF,Male,0,No,No,59,Yes,Yes,Fiber optic,No,No,Yes,No,Yes,Yes,One year,No,Bank transfer (automatic),74.84,4402.51,No
1485-YCKWI,Male,0,No,No,51,Yes,No,Fiber optic,No,No,Yes,No,Yes,Yes,Month-to-month,Yes,Electronic check,85.48,4355.16,No
1502-NFMSK,Female,0,Yes,No,25,Yes,No,Fiber optic,No,No,No,No,No,Yes,One year,Yes,Bank transfer (automatic),83.54,2087.4,Yes
2716-HRVLJ,Female,0,No,No,3,No,No phone service,Fiber optic,No,No,No,No,No,No,Month-to-month,No,Electronic check,114.37,325.84,Yes
5998-UUTIH,Male,0,No,Yes,13,Yes,Yes,DSL,No,No,Yes,No,Yes,No,Month-to-month,Yes,Credit card (automatic),53.5,715.02,Yes
5837-CTWNX,Male,0,No,No,20,Yes,Yes,Fiber optic,No,Yes,No,No,Yes,No,Month-to-month,Yes,Credit card (automatic),105.08,2081.74,No
4647-KGLIM,Male,1,Yes,No,0,Yes,No,Fiber optic,Yes,No,Yes,No,No,No,Month-to-month,Yes,Bank transfer (automatic),76.38,0.0,No
2637-OQBGA,Male,0,No,No,68,Yes,Yes,Fiber optic,No,No,Yes,No,No,No,One year,Yes,Bank transfer (automatic),114.8,7813.13,No
1803-JETJL,Female,0,No,No,5,Yes,Yes,DSL,Yes,No,No,No,No,Yes,Two year,No,Electronic check,69.42,329.03,No
7913-CWVLB,Female,0,Yes,Yes,69,No,No phone service,DSL,No,Yes,No,No,No,No,Two year,No,Electronic check,62.75,4347.32,No
4921-AESDK,Female,0,No,No,68,Yes,Yes,No,No internet service,No internet service,No internet service,No internet service,No internet service,No internet service,Month-to-month,No,Electronic check,24.43,1679.85,No
9744-XAYBX,Female,0,Yes,No,0,Yes,No,Fiber optic,No,No,Yes,No,No,Yes,Month-to-month,Yes,Bank transfer (automatic),84.56,0.0,Yes
3176-KUURM,Female,1,No,Yes,2,Yes,No,Fiber optic,Yes,Yes,No,No,No,Yes,Month-to-month,No,Bank transfer (automatic),109.2,221.75,No
8308-WSBOF,Male,0,No,No,12,Yes,Yes,DSL,No,Yes,Yes,Yes,No,No,Month-to-month,No,Credit card (automatic),40.73,504.04,No
9277-WCZOB,Female,1,No,Yes,59,Yes,Yes,Fiber optic,Yes,No,No,No,Yes,No,Two year,No,Bank transfer (automatic),70.61,4155.14,No
4186-FNWVA,Female,1,No,No,0,Yes,No,Fiber optic,Yes,No,No,No,Yes,No,Month-to-month,Yes,Mailed check,112.24,0.0,Yes
9965-FTZYI,Female,0,Yes,Yes,69,Yes,Yes,DSL,No,Yes,Yes,No,No,Yes,Two year,Yes,Credit card (automatic),47.78,3312.28,No
2301-QGQFO,Female,0,Yes,Yes,5,Yes,Yes,Fiber optic,No,No,No,No,No,Yes,One year,No,Bank transfer (automatic),70.64,347.53,No
2594-EGYSH,Female,0,No,Yes,50,Yes,No,Fiber optic,Yes,No,No,Yes,No,Yes,One year,No,Electronic check,83.62,4198.12,No
8061-HMHUK,Male,0,Yes,No,0,Yes,No,DSL,No,No,No,No,Yes,No,Two year,No,Credit card (automatic),68.69,7.37,No
6457-QBTOV,Male,1,Yes,No,9,Yes,No,DSL,No,No,Yes,Yes,No,Yes,Month-to-month,Yes,Credit card (automatic),69.01,630.72,No
6698-KROZN,Male,0,Yes,Yes,2,No,No phone service,Fiber optic,No,Yes,Yes,No,No,No,Month-to-month,No,Bank transfer (automatic),78.98,164.18,No
8963-LBMFF,Female,1,Yes,No,56,Yes,Yes,Fiber optic,No,Yes,No,No,No,No,Two year,Yes,Credit card (automatic),91.0,5106.15,Yes
1564-YBLKD,Male,0,No,Yes,23,Yes,No,DSL,Yes,No,No,No,Yes,Yes,One year,Yes,Mailed check,54.56,1269.15,No
6594-ZURLH,Male,1,No,Yes,8,Yes,No,Fiber optic,No,Yes,No,No,No,Yes,Month-to-month,No,Credit card (automatic),95.75,783.81,No
8362-SDZJG,Female,1,Yes,No,0,Yes,Yes,Fiber optic,No,No,Yes,No,No,Yes,Month-to-month,Yes,Credit card (automatic),102.71,0.0,Yes
8182-KHLZY,Female,0,Yes,Yes,50,Yes,Yes,No,No internet service,No internet service,No internet service,No internet service,No internet service,No internet service,One year,Yes,Credit card (automatic),24.63,1250.58,No
9256-WUCZE,Female,0,Yes,No,6,Yes,Yes,Fiber optic,No,Yes,No,No,No,Yes,Month-to-month,Yes,Bank transfer (automatic),87.58,538.28,No
5326-WSSJC,Male,0,Yes,No,70,Yes,Yes,DSL,No,No,Yes,No,No,Yes,Two year,Yes,Mailed check,69.14,4840.59,No
9312-JPHZK,Male,0,Yes,Yes,63,No,No phone service,No,No internet service,No internet service,No internet service,No internet service,No internet service,No internet service,Month-to-month,Yes,Electronic check,20.43,1283.57,No
3762-GNHUS,Female,1,Yes,No,17,No,No phone service,DSL,No,No,No,No,No,No,One year,Yes,Credit card (automatic),55.67,943.29,Yes
1467-GLMTR,Female,0,No,No,51,Yes,Yes,Fiber optic,No,No,Yes,No,No,Yes,One year,No,Electronic check,89.42,4564.62,No
7255-LBZIO,Male,0,No,No,58,Yes,Yes,DSL,No,Yes,No,No,No,No,One year,Yes,Electronic check,67.87,3944.55,Yes
4887-PDRYU,Male,0,Yes,Yes,19,Yes,Yes,Fiber optic,No,Yes,No,No,Yes,Yes,Month-to-month,No,Bank transfer (automatic),98.11,1871.57,Yes
8786-SUIVX,Female,1,No,No,56,Yes,Yes,No,No internet service,No internet service,No internet service,No internet service,No internet service,No internet service,Two year,No,Electronic check,25.92,1440.74,No
9485-UDCQS,Female,0,No,No,56,Yes,Yes,Fiber optic,No,No,No,No,Yes,No,One year,Yes,Bank transfer (automatic),77.98,4369.08,Yes
7458-YZDTK,Male,0,Yes,Yes,65,Yes,Yes,Fiber optic,No,Yes,Yes,Yes,No,No,Two year,No,Credit card (automatic),72.32,4702.26,No
9751-KJAVV,Female,0,Yes,No,27,No,No phone service,No,No internet service,No internet service,No internet service,No internet service,No internet service,No internet service,Month-to-month,Yes,Electronic check,18.71,493.29,No
8285-PHYXH,Male,0,No,Yes,55,Yes,No,DSL,No,No,Yes,No,Yes,No,Month-to-month,Yes,Electronic check,62.31,3423.01,No
8148-YTXMW,Male,0,Yes,No,61,Yes,Yes,DSL,No,Yes,Yes,Yes,Yes,No,Month-to-month,No,Bank transfer (automatic),51.51,3145.85,Yes
4089-YDYLF,Male,0,No,No,55,Yes,Yes,No,No internet service,No internet service,No internet service,No internet service,No internet service,No internet service,Month-to-month,No,Bank transfer (automatic),24.62,1370.06,No
6760-XNWGD,Male,0,No,Yes,58,Yes,No,Fiber optic,Yes,Yes,No,No,No,No,One year,Yes,Credit card (automatic),102.37,5931.29,No
2154-HFSYE,Female,0,Yes,Yes,52,Yes,No,Fiber optic,No,No,No,Yes,No,No,Month-to-month,Yes,Mailed check,97.71,5071.08,No
9082-HCAMZ,Female,0,No,No,5,Yes,No,Fiber optic,No,No,No,No,No,No,One year,Yes,Electronic check,111.7,542.25,No
7294-FRRVR,Male,0,No,No,13,No,No phone service,DSL,No,No,No,Yes,No,No,Month-to-month,Yes,Credit card (automatic),69.08,902.31,No
6265-PQNUE,Male,0,Yes,No,5,Yes,Yes,DSL,No,No,No,No,No,No,Month-to-month,No,Bank transfer (automatic),69.72,358.33,No
7785-THGEQ,Male,0,Yes,No,71,No,No phone service,DSL,No,No,No,No,Yes,No,Two year,Yes,Bank transfer (automatic),48.3,3417.25,No
6046-KDVIN,Male,1,No,Yes,70,Yes,No,DSL,No,No,No,No,Yes,No,Two year,Yes,Credit card (automatic),68.78,4819.28,No
4960-QKELZ,Male,0,No,No,5,Yes,Yes,Fiber optic,No,No,Yes,No,No,Yes,Two year,Yes,Electronic check,92.08,479.11,No
7690-HOTNL,Female,1,No,Yes,16,Yes,No,Fiber optic,No,No,No,No,Yes,No,Two year,No,Mailed check,90.5,1455.55,No
3627-ZASAZ,Female,0,No,No,7,No,No phone service,Fiber optic,No,No,No,No,Yes,Yes,One year,No,Credit card (automatic),81.25,572.76,No
9409-GPWWB,Female,0,Yes,No,50,Yes,Yes,DSL,No,No,No,Yes,No,No,Two year,Yes,Electronic check,54.66,2715.51,No
3833-EQVLN,Female,0,Yes,Yes,2,Yes,Yes,DSL,No,No,No,No,Yes,Yes,One year,Yes,Bank transfer (automatic),52.35,124.14,Yes
2574-VVELX,Male,0,Yes,Yes,10,Yes,Yes,Fiber optic,No,No,No,Yes,Yes,Yes,Two year,Yes,Electronic check,76.83,767.03,No
6075-PTLZM,Male,0,Yes,Yes,7,Yes,Yes,Fiber optic,No,Yes,No,Yes,No,No,Month-to-month,No,Mailed check,107.98,755.93,Yes
1111-DNLFS,Male,0,No,Yes,9,Yes,Yes,Fiber optic,Yes,Yes,No,Yes,No,No,Two year,Yes,Electronic check,89.98,821.68,Yes
3639-HXOIG,Male,0,No,No,4,Yes,Yes,Fiber optic,Yes,No,No,Yes,No,Yes,One year,Yes,Mailed check,103.98,414.49,No
4511-NZHBJ,Male,0,No,No,67,Yes,Yes,DSL,Yes,Yes,Yes,Yes,No,Yes,Month-to-month,Yes,Mailed check,40.39,2706.36,No
1492-EPJIL,Female,0,No,No,62,Yes,No,DSL,No,Yes,No,No,Yes,No,Month-to-month,Yes,Electronic check,63.74,3964.77,Yes
1409-SSXRQ,Male,0,Yes,No,54,Yes,No,No,No internet service,No internet service,No internet service,No internet service,No internet service,No internet service,Two year,No,Electronic check,21.88,1170.06,No
1631-UVORL,Female,0,Yes,No,61,Yes,No,DSL,No,No,Yes,Yes,No,No,Month-to-month,Yes,Electronic check,51.87,3151.83,No
4622-FTTFF,Female,0,Yes,No,54,Yes,Yes,No,No internet service,No internet service,No internet service,No internet service,No internet service,No internet service,Two year,Yes,Mailed check,29.15,1566.3,No
1480-UIDET,Female,0,No,Yes,52,No,No phone service,No,No internet service,No internet service,No internet service,No internet service,No internet service,No internet service,Month-to-month,Yes,Electronic check,21.98,1144.67,No
1128-UYMTN,Female,0,Yes,Yes,8,Yes,No,Fiber optic,No,No,Yes,No,Yes,No,Month-to-month,No,Mailed check,106.43,856.62,No
3509-YMCXT,Male,0,No,No,0,Yes,Yes,Fiber optic,No,Yes,No,No,No,Yes,Month-to-month,No,Mailed check,106.11,12.16,Yes
4101-FZCLM,Female,1,No,No,3,Yes,Yes,No,No internet service,No internet service,No internet service,No internet service,No internet service,No internet service,Month-to-month,Yes,Electronic check,23.38,64.25,No
8899-DZETP,Female,1,Yes,Yes,64,Yes,No,No,No internet service,No internet service,No internet service,No internet service,No internet service,No internet service,One year,Yes,Credit card (automatic),28.2,1793.28,No
2732-SVDRK,Female,0,Yes,Yes,4,Yes,Yes,Fiber optic,No,No,No,Yes,No,Yes,One year,No,Electronic check,93.1,368.91,No
7735-CPTAQ,Male,0,No,No,3,No,No phone service,DSL,No,No,No,No,No,No,Month-to-month,No,Credit card (automatic),49.97,136.85,Yes
8190-CZRBG,Male,0,Yes,No,12,Yes,No,DSL,No,Yes,No,No,Yes,Yes,Month-to-month,No,Mailed check,63.3,750.42,No
3293-DYWBG,Male,0,No,No,8,Yes,Yes,DSL,Yes,No,No,No,No,No,Month-to-month,Yes,Electronic check,66.78,516.95,Yes
6125-LIMLM,Female,0,No,Yes,71,Yes,No,DSL,No,No,No,No,No,No,Two year,No,Bank transfer (automatic),52.51,3711.17,No
4288-VDGST,Female,0,Yes,No,12,No,No phone service,DSL,No,Yes,Yes,Yes,No,No,Month-to-month,No,Bank transfer (automatic),66.92,791.41,No
3102-IMOSS,Male,0,Yes,No,7,Yes,Yes,Fiber optic,No,No,Yes,No,No,Yes,Month-to-month,No,Bank transfer (automatic),111.6,774.5,Yes
9481-GQTEV,Female,0,Yes,Yes,6,Yes,No,Fiber optic,No,Yes,No,No,Yes,No,Month-to-month,Yes,Electronic check,112.26,691.3,Yes
5658-BVBUY,Male,0,No,No,7,No,No phone service,Fiber optic,No,Yes,No,No,No,No,Two year,Yes,Mailed check,83.52,584.07,Yes
3790-ICWSV,Male,0,Yes,Yes,10,Yes,No,DSL,No,No,Yes,No,No,Yes,Month-to-month,Yes,Mailed check,47.25,457.54,No
1949-GMCXU,Female,0,No,No,69,Yes,Yes,DSL,No,Yes,Yes,Yes,No,No,Month-to-month,No,Mailed check,52.03,3577.5,Yes
5500-MECFQ,Female,0,No,No,1,Yes,No,Fiber optic,No,Yes,Yes,No,No,No,One year,No,Mailed check,72.91,63.27,No
1692-IYCIN,Female,0,No,No,65,Yes,No,Fiber optic,No,Yes,Yes,No,Yes,No,Two year,No,Credit card (automatic),112.33,7317.65,No
4523-IOYYA,Female,0,Yes,No,7,Yes,No,Fiber optic,No,No,No,Yes,No,Yes,One year,Yes,Credit card (automatic),92.5,642.07,No
9584-JFSBW,Male,0,No,Yes,6,Yes,No,Fiber optic,No,No,No,Yes,Yes,No,Month-to-month,Yes,Mailed check,96.04,593.62,Yes
6401-GYZGZ,Male,0,No,No,1,Yes,No,Fiber optic,No,No,No,No,No,No,Month-to-month,No,Credit card (automatic),73.77,57.08,No
1287-UELYT,Male,0,No,No,64,Yes,Yes,Fiber optic,No,No,Yes,No,Yes,No,Two year,No,Credit card (automatic),111.41,7144.76,No
5964-ZDACS,Male,1,No,No,6,Yes,Yes,Fiber optic,No,No,Yes,No,No,No,Month-to-month,Yes,Mailed check,76.81,459.1,Yes
5266-SQVAA,Male,0,No,Yes,1,Yes,Yes,DSL,Yes,No,No,Yes,Yes,No,Month-to-month,Yes,Bank transfer (automatic),50.91,66.69,No
3397-MMLNC,Female,1,No,No,57,Yes,No,No,No internet service,No internet service,No internet service,No internet service,No internet service,No internet service,Month-to-month,No,Electronic check,20.66,1187.39,Yes
8627-IDBYB,Male,0,Yes,No,65,Yes,No,Fiber optic,No,No,No,Yes,No,Yes,Two year,Yes,Bank transfer (automatic),78.37,5084.51,No
1828-ZRLEL,Male,0,No,No,3,Yes,No,DSL,No,Yes,No,Yes,No,No,One year,No,Electronic check,49.06,142.76,Yes
1286-ZWKQY,Male,0,Yes,No,59,Yes,Yes,Fiber optic,No,No,Yes,No,Yes,Yes,One year,No,Credit card (automatic),77.09,4556.8,No
1001-COPIU,Female,0,No,No,61,Yes,No,Fiber optic,No,No,No,Yes,No,No,Month-to-month,No,Bank transfer (automatic),100.15,6098.47,Yes
7196-HFHIF,Female,0,No,No,15,Yes,Yes,DSL,Yes,No,No,No,Yes,Yes,One year,Yes,Bank transfer (automatic),54.21,820.38,No
6008-VOUVR,Female,0,Yes,Yes,15,Yes,No,No,No internet service,No internet service,No internet service,No internet service,No internet service,No internet service,Month-to-month,No,Credit card (automatic),25.71,388.38,No
4604-PQCTD,Female,0,No,No,11,Yes,Yes,Fiber optic,No,Yes,No,No,No,No,Month-to-month,No,Bank transfer (automatic),102.77,1124.07,Yes
3589-IRBLQ,Male,1,No,No,9,Yes,Yes,Fiber optic,No,Yes,No,Yes,Yes,No,Two year,No,Mailed check,88.7,805.87,No
9371-BFDFP,Male,0,Yes,No,50,Yes,No,Fiber optic,No,Yes,No,No,Yes,No,Month-to-month,Yes,Bank transfer (automatic),107.41,5387.6,No
6991-AFHRP,Female,0,No,No,0,Yes,Yes,DSL,No,No,Yes,No,No,Yes,Month-to-month,No,Credit card (automatic),63.7,16.23,Yes
6112-KDDUJ,Female,0,Yes,No,55,Yes,Yes,Fiber optic,No,No,No,No,Yes,Yes,Two year,Yes,Credit card (automatic),113.7,6254.96,No
5862-RQVAT,Male,0,No,No,60,Yes,No,Fiber optic,Yes,Yes,No,Yes,Yes,No,Month-to-month,Yes,Electronic check,99.62,5986.22,No
8563-LXXMP,Male,0,No,No,62,Yes,No,Fiber optic,No,Yes,No,No,No,No,One year,Yes,Mailed check,98.28,6089.06,No
6925-DCPGA,Female,0,No,Yes,17,Yes,No,DSL,No,No,No,No,No,Yes,One year,Yes,Credit card (automatic),42.88,718.31,No
6058-DWLHH,Female,1,No,No,67,Yes,No,Fiber optic,No,Yes,Yes,No,Yes,No,Two year,Yes,Credit card (automatic),110.13,7384.83,No
8916-FHDOQ,Female,0,No,No,6,Yes,No,Fiber optic,Yes,No,No,No,Yes,No,Two year,No,Electronic check,98.12,579.93,Yes
4933-ZFUGA,Female,0,Yes,No,63,Yes,No,No,No internet service,No internet service,No internet service,No internet service,No internet service,No internet service,One year,Yes,Bank transfer (automatic),24.13,1511.32,No
9280-YWNTT,Male,0,Yes,No,18,Yes,Yes,DSL,Yes,Yes,Yes,Yes,Yes,No,Month-to-month,No,Mailed check,62.86,1140.75,No
3767-XAHNJ,Male,1,No,No,65,Yes,No,DSL,No,Yes,No,No,No,No,Month-to-month,Yes,Credit card (automatic),44.72,2921.98,No
9108-IWLTM,Male,0,No,No,62,Yes,Yes,Fiber optic,No,Yes,Yes,Yes,Yes,No,Two year,Yes,Bank transfer (automatic),96.31,5971.75,No
5182-OOOEO,Female,0,No,No,1,Yes,No,DSL,No,No,Yes,Yes,No,No,Month-to-month,Yes,Mailed check,47.9,29.69,Yes
8957-OFLYD,Female,0,No,No,4,Yes,Yes,Fiber optic,No,Yes,Yes,Yes,No,Yes,Two year,Yes,Credit card (automatic),77.63,319.06,No
4301-FFFQK,Male,0,No,No,4,Yes,Yes,No,No internet service,No internet service,No internet service,No internet service,No internet service,No internet service,Month-to-month,No,Mailed check,19.93,89.9,Yes
2702-PDPVP,Male,0,Yes,No,3,Yes,No,DSL,Yes,No,No,No,No,No,Month-to-month,Yes,Mailed check,55.15,182.95,No
3888-KDGWJ,Male,0,No,Yes,19,Yes,No,Fiber optic,No,No,No,Yes,No,No,Month-to-month,Yes,Bank transfer (automatic),107.89,2051.9,No
8226-ALGAM,Male,1,Yes,No,10,Yes,Yes,Fiber optic,No,No,No,Yes,Yes,No,Month-to-month,Yes,Electronic check,98.84,991.57,Yes
4126-QKSRH,Female,1,Yes,No,65,No,No phone service,DSL,No,Yes,No,No,No,Yes,Two year,Yes,Bank transfer (automatic),52.66,3431.47,No
6227-TMIOO,Male,0,No,Yes,2,Yes,No,DSL,Yes,No,Yes,No,No,No,Two year,No,Credit card (automatic),59.13,118.49,No
8920-KRFWW,Male,0,No,Yes,1,Yes,No,No,No internet service,No internet service,No internet service,No internet service,No internet service,No internet service,Month-to-month,No,Bank transfer (automatic),24.36,12.62,Yes
6580-AYFHY,Male,1,Yes,Yes,69,Yes,Yes,DSL,No,Yes,Yes,Yes,Yes,No,One year,Yes,Mailed check,52.29,3620.55,No
2220-JNEZP,Male,1,No,No,57,Yes,No,Fiber optic,Yes,No,Yes,Yes,Yes,Yes,One year,No,Mailed check,79.34,4527.76,No
1424-KPMZX,Male,0,No,No,6,Yes,Yes,DSL,No,Yes,No,Yes,No,No,Two year,Yes,Mailed check,50.93,296.89,No
5671-KRMAB,Male,0,No,Yes,57,Yes,Yes,Fiber optic,No,No,No,Yes,No,No,Two year,Yes,Electronic check,111.77,6389.6,No
5017-RYFWW,Male,0,No,No,52,Yes,No,DSL,No,Yes,Yes,Yes,Yes,No,Month-to-month,No,Mailed check,45.73,2391.13,Yes
1213-SLGWV,Female,0,Yes,Yes,11,Yes,Yes,DSL,No,Yes,No,No,No,Yes,Month-to-month,Yes,Electronic check,57.52,626.63,Yes
2062-GHYUD,Female,0,No,Yes,4,Yes,No,DSL,No,No,Yes,No,Yes,No,One year,Yes,Electronic check,67.57,250.9,No
9038-DADDY,Female,0,No,No,5,Yes,No,DSL,Yes,No,Yes,Yes,No,No,Two year,No,Credit card (automatic),46.55,251.11,No
4407-ODDPG,Female,0,No,No,2,Yes,No,No,No internet service,No internet service,No internet service,No internet service,No internet service,No internet service,One year,No,Electronic check,25.4,35.01,No
7374-SFCZQ,Male,1,No,No,63,Yes,No,Fiber optic,Yes,No,No,No,No,Yes,Two year,No,Mailed check,110.29,6941.46,No
4590-EDHPN,Female,0,Yes,No,0,Yes,No,Fiber optic,Yes,Yes,No,Yes,No,No,Two year,Yes,Mailed check,78.46,0.0,No
3774-SJGZG,Female,0,Yes,No,11,Yes,No,No,No internet service,No internet service,No internet service,No internet service,No internet service,No internet service,One year,No,Bank transfer (automatic),26.99,312.7,No
5889-WBSCK,Male,0,No,No,64,Yes,Yes,DSL,No,Yes,No,No,Yes,Yes,Two year,Yes,Credit card (automatic),42.72,2727.47,No
4526-MWDQN,Male,0,No,No,67,Yes,No,No,No internet service,No internet service,No internet service,No internet service,No internet service,No internet service,Month-to-month,Yes,Mailed check,21.42,1426.1,Yes
4989-QWAYG,Female,0,No,Yes,9,Yes,No,Fiber optic,Yes,Yes,No,Yes,No,No,Month-to-month,Yes,Mailed check,81.86,734.86,Yes
5459-MYNFY,Female,0,Yes,No,3,Yes,No,Fiber optic,Yes,No,Yes,No,Yes,No,Two year,No,Electronic check,108.28,344.63,No
4828-GKBNY,Male,0,Yes,No,4,Yes,Yes,No,No internet service,No internet service,No internet service,No internet service,No internet service,No internet service,Month-to-month,No,Credit card (automatic),26.33,106.19,Yes
4696-QYHKY,Female,1,Yes,No,56,Yes,Yes,DSL,No,Yes,Yes,No,No,No,Month-to-month,Yes,Mailed check,40.44,2245.84,Yes
5219-QDPSD,Male,0,No,No,71,Yes,No,DSL,Yes,No,No,Yes,Yes,No,One year,Yes,Electronic check,44.27,3148.3,No
6151-AQTWT,Male,0,Yes,No,1,Yes,Yes,DSL,No,No,No,Yes,No,Yes,Month-to-month,Yes,Mailed check,56.89,58.83,No
6595-RNTPU,Male,0,No,Yes,4,Yes,Yes,No,No internet service,No internet service,No internet service,No internet service,No internet service,No internet service,Two year,Yes,Credit card (automatic),22.48,73.02,Yes
4396-YBKVP,Male,0,Yes,No,9,Yes,No,DSL,Yes,Yes,No,Yes,No,No,Two year,Yes,Bank transfer (automatic),40.67,379.94,No
6313-UASUV,Female,0,No,No,9,Yes,No,No,No internet service,No internet service,No internet service,No internet service,No internet service,No internet service,Month-to-month,No,Bank transfer (automatic),29.63,250.19,No
8454-FACCA,Male,1,Yes,Yes,0,Yes,No,DSL,No,Yes,No,Yes,No,Yes,Month-to-month,No,Electronic check,69.83,0.0,No
6145-LRQHA,Male,0,Yes,No,5,Yes,No,Fiber optic,No,No,Yes,No,Yes,No,One year,No,Credit card (automatic),91.62,467.75,No
6209-ZGJAN,Female,0,No,No,53,Yes,No,Fiber optic,No,No,No,Yes,No,No,Month-to-month,No,Mailed check,109.52,5803.72,No
1141-JCMTK,Male,1,No,Yes,4,Yes,Yes,No,No internet service,No internet service,No internet service,No internet service,No internet service,No internet service,Month-to-month,Yes,Electronic check,29.24,99.15,Yes
9392-GUNVG,Female,0,Yes,No,67,Yes,No,DSL,No,Yes,No,No,No,No,One year,No,Electronic check,50.97,3416.55,No
2959-MZYCV,Female,0,No,No,5,Yes,Yes,DSL,No,No,Yes,Yes,Yes,No,One year,Yes,Bank transfer (automatic),53.49,263.18,No
6822-KGOVL,Female,0,Yes,No,1,Yes,Yes,No,No internet service,No internet service,No internet service,No internet service,No internet service,No internet service,Month-to-month,Yes,Mailed check,19.95,29.44,No
3929-GVZFP,Male,0,Yes,No,3,Yes,No,No,No internet service,No internet service,No internet service,No internet service,No internet service,No internet service,Two year,No,Electronic check,21.2,45.39,No
5956-TVRPY,Female,0,Yes,Yes,64,Yes,Yes,DSL,No,Yes,No,No,No,Yes,One year,No,Electronic check,67.22,4296.19,No
3098-PWFUI,Female,0,Yes,No,50,Yes,No,Fiber optic,No,No,No,Yes,Yes,No,Month-to-month,No,Mailed check,100.51,5025.05,Yes
9222-WXZVA,Male,0,No,No,2,Yes,No,DSL,No,No,No,No,No,No,One year,No,Credit card (automatic),40.78,83.66,No
9094-OTRGN,Female,0,Yes,No,1,Yes,Yes,Fiber optic,No,No,No,No,No,Yes,Month-to-month,No,Electronic check,101.69,109.92,Yes
5988-JEPUY,Female,0,No,No,16,Yes,Yes,Fiber optic,No,Yes,No,No,Yes,No,Month-to-month,No,Electronic check,73.93,1177.75,Yes
3243-SOQUO,Female,1,Yes,Yes,14,Yes,No,Fiber optic,No,Yes,No,No,Yes,Yes,Two year,Yes,Mailed check,97.0,1346.69,No
2758-NKCMV,Female,0,No,No,1,Yes,Yes,Fiber optic,No,No,No,No,No,Yes,Two year,Yes,Mailed check,91.62,88.32,No
5455-OBADP,Female,1,Yes,Yes,64,No,No phone service,DSL,No,No,No,No,No,No,Month-to-month,Yes,Mailed check,57.26,3655.93,No
1891-DDERB,Male,0,Yes,Yes,4,No,No phone service,Fiber optic,No,No,No,Yes,No,No,Two year,Yes,Mailed check,76.92,316.19,No
9175-RGLZL,Female,0,Yes,Yes,11,Yes,No,No,No internet service,No internet service,No internet service,No internet service,No internet service,No internet service,Month-to-month,No,Credit card (automatic),24.21,248.23,No
7047-PIZYR,Female,0,No,No,6,Yes,No,No,No internet service,No internet service,No internet service,No internet service,No internet service,No internet service,Month-to-month,Yes,Mailed check,27.86,184.94,No
5755-GNPDR,Male,0,No,No,62,Yes,No,Fiber optic,Yes,Yes,No,No,No,No,Month-to-month,Yes,Electronic check,114.43,7110.05,Yes
9406-YPFAE,Male,1,No,No,19,Yes,Yes,DSL,No,Yes,No,Yes,Yes,No,Month-to-month,Yes,Electronic check,42.91,808.24,Yes
9781-DBNJT,Male,0,Yes,No,64,Yes,Yes,DSL,No,Yes,Yes,No,No,No,Month-to-month,No,Mailed check,67.4,4297.81,Yes
6229-WUXRC,Female,0,No,No,7,Yes,Yes,No,No internet service,No internet service,No internet service,No internet service,No internet service,No internet service,Two year,No,Credit card (automatic),22.31,162.5,No
4330-UPVKL,Male,0,No,Yes,2,Yes,No,Fiber optic,No,No,No,Yes,Yes,Yes,Month-to-month,No,Bank transfer (automatic),105.84,229.67,Yes
6715-FRBYE,Female,0,Yes,No,55,Yes,Yes,Fiber optic,Yes,Yes,Yes,No,Yes,No,Month-to-month,Yes,Bank transfer (automatic),71.63,3956.84,Yes
2667-SNSHJ,Female,0,Yes,No,14,Yes,No,DSL,No,No,No,No,Yes,No,One year,Yes,Bank transfer (automatic),65.73,903.99,No
3911-DFRYG,Male,0,No,Yes,58,Yes,No,DSL,No,Yes,No,No,Yes,Yes,Month-to-month,Yes,Electronic check,66.6,3859.75,No
2438-ISHGX,Male,0,No,No,61,Yes,No,No,No internet service,No internet service,No internet service,No internet service,No internet service,No internet service,One year,No,Electronic check,29.14,1781.23,No
5900-KECLK,Female,0,Yes,No,60,Yes,No,No,No internet service,No internet service,No internet service,No internet service,No internet service,No internet service,Month-to-month,No,Credit card (automatic),29.45,1780.26,No
6703-BXVYT,Male,0,No,No,4,Yes,No,Fiber optic,Yes,Yes,Yes,No,No,Yes,Month-to-month,Yes,Electronic check,93.68,373.46,Yes
7702-GZRRS,Female,0,No,No,1,Yes,Yes,Fiber optic,Yes,Yes,No,No,No,No,One year,No,Electronic check,81.96,80.88,No
5735-GYVVP,Male,0,No,No,4,Yes,Yes,No,No internet service,No internet service,No internet service,No internet service,No internet service,No internet service,Month-to-month,No,Credit card (automatic),21.64,89.48,No
8206-BNICV,Male,1,Yes,Yes,1,Yes,No,DSL,No,No,No,Yes,No,No,Month-to-month,No,Bank transfer (automatic),65.85,83.97,No
3698-ULOGZ,Male,0,No,Yes,53,No,No phone service,No,No internet service,No internet service,No internet service,No internet service,No internet service,No internet service,Month-to-month,No,Bank transfer (automatic),24.18,1272.4,No
1217-LNJTM,Female,0,Yes,No,4,Yes,Yes,DSL,No,No,Yes,No,No,No,Month-to-month,No,Mailed check,61.03,249.96,No
2016-VXNXR,Male,0,Yes,Yes,12,Yes,No,No,No internet service,No internet service,No internet service,No internet service,No internet service,No internet service,One year,Yes,Electronic check,29.55,373.12,No
6796-QSKLV,Female,0,No,No,68,Yes,No,Fiber optic,No,No,No,Yes,No,No,Month-to-month,No,Bank transfer (automatic),106.5,7240.13,No
3051-ZCXKB,Female,1,Yes,No,59,Yes,Yes,Fiber optic,No,Yes,No,No,No,Yes,One year,Yes,Mailed check,85.23,5021.53,No
8696-FEJAZ,Female,0,Yes,No,68,No,No phone service,Fiber optic,No,Yes,No,Yes,Yes,No,One year,No,Electronic check,85.24,5787.99,No
7536-FLDOM,Female,0,Yes,Yes,5,Yes,Yes,DSL,No,No,Yes,No,No,No,Month-to-month,Yes,Credit card (automatic),41.71,214.67,No
6342-IOXMP,Male,0,Yes,Yes,50,Yes,Yes,DSL,Yes,No,Yes,Yes,No,Yes,Two year,No,Electronic check,57.08,2852.8,No
2386-HKMKB,Female,0,Yes,No,20,Yes,No,Fiber optic,No,No,No,No,No,No,Two year,No,Mailed check,112.71,2267.89,Yes
9329-QXPVS,Female,0,Yes,No,24,Yes,No,Fiber optic,No,Yes,Yes,No,No,No,One year,No,Electronic check,72.15,1721.87,No
6752-CJTYU,Male,0,No,No,13,Yes,No,DSL,No,Yes,No,Yes,Yes,No,Month-to-month,No,Mailed check,43.6,586.73,No
7117-TCVER,Female,0,Yes,No,0,Yes,No,Fiber optic,No,No,No,No,Yes,No,Month-to-month,No,Bank transfer (automatic),109.4,15.74,Yes
9054-EKPXQ,Male,0,No,No,61,Yes,No,DSL,Yes,No,Yes,No,No,Yes,Month-to-month,Yes,Electronic check,41.37,2518.03,No
6694-MOXKV,Female,0,Yes,No,55,Yes,No,Fiber optic,No,No,No,No,No,No,Month-to-month,Yes,Mailed check,90.28,4979.72,No
2639-UYYQN,Male,0,Yes,Yes,54,Yes,No,No,No internet service,No internet service,No internet service,No internet service,No internet service,No internet service,Month-to-month,No,Electronic check,22.38,1228.49,No
7715-LVAKV,Female,0,No,No,16,Yes,Yes,DSL,Yes,Yes,Yes,No,Yes,Yes,One year,Yes,Electronic check,58.07,948.95,No
6879-EDLDL,Male,0,Yes,No,51,Yes,Yes,DSL,No,No,No,No,No,Yes,Month-to-month,Yes,Credit card (automatic),44.59,2266.72,Yes
2237-JQXGQ,Female,0,No,No,2,Yes,No,Fiber optic,No,No,No,No,Yes,No,Two year,Yes,Bank transfer (automatic),100.54,201.81,No
5666-USZAS,Female,0,No,Yes,71,Yes,No,Fiber optic,Yes,No,No,No,No,Yes,Month-to-month,Yes,Mailed check,89.75,6372.57,No
8611-YWKUP,Male,0,Yes,No,1,Yes,No,Fiber optic,No,Yes,No,Yes,No,Yes,One year,No,Mailed check,104.52,112.4,No
4026-ZOAQM,Male,0,No,No,2,Yes,No,DSL,Yes,Yes,No,No,No,No,Two year,Yes,Bank transfer (automatic),67.22,117.36,No
6601-RRAYQ,Male,1,Yes,No,61,Yes,Yes,Fiber optic,No,Yes,No,Yes,Yes,Yes,Month-to-month,No,Electronic check,82.36,5036.83,No
5258-ZSPNW,Male,1,No,Yes,0,Yes,Yes,Fiber optic,No,No,No,No,No,Yes,Two year,Yes,Electronic check,76.24,0.0,Yes
4118-MICQP,Female,0,No,No,4,Yes,Yes,DSL,Yes,No,No,No,Yes,Yes,Month-to-month,Yes,Mailed check,43.4,172.11,No
9458-NXFLQ,Female,0,No,No,52,Yes,Yes,Fiber optic,Yes,Yes,No,Yes,No,No,Two year,No,Credit card (automatic),77.89,4054.15,No
8547-CMCWU,Male,0,Yes,No,12,Yes,No,No,No internet service,No internet service,No internet service,No internet service,No internet service,No internet service,Two year,Yes,Mailed check,22.19,265.26,No
5887-HXKIU,Female,0,Yes,Yes,68,No,No phone service,DSL,Yes,No,No,Yes,Yes,No,Month-to-month,No,Credit card (automatic),44.61,3016.27,No
5323-VEFCT,Male,0,Yes,Yes,0,Yes,Yes,Fiber optic,No,No,No,No,No,No,Two year,No,Electronic check,112.68,0.0,No
7200-ILBIQ,Male,0,Yes,Yes,3,Yes,No,DSL,No,No,Yes,No,No,No,Month-to-month,No,Electronic check,53.43,158.11,Yes
5894-SBBCX,Female,1,No,No,52,Yes,No,No,No internet service,No internet service,No internet service,No internet service,No internet service,No internet service,Month-to-month,No,Bank transfer (automatic),28.43,1477.95,Yes
6586-XPUKR,Female,0,No,No,7,Yes,No,DSL,Yes,No,No,Yes,No,No,Month-to-month,Yes,Electronic check,59.76,437.34,Yes
1926-WHRBD,Female,0,Yes,Yes,51,No,No phone service,DSL,No,No,Yes,No,Yes,Yes,Month-to-month,Yes,Electronic check,65.85,3355.22,No
9200-XMVLE,Female,0,No,Yes,16,Yes,No,No,No internet service,No internet service,No internet service,No internet service,No internet service,No internet service,One year,No,Electronic check,27.25,440.44,No
6868-BNQDF,Female,0,No,No,0,Yes,No,Fiber optic,Yes,No,No,No,Yes,No,Month-to-month,No,Mailed check,112.78,0.0,Yes
9813-YKQZL,Female,0,No,No,63,Yes,No,Fiber optic,No,Yes,Yes,No,No,No,Two year,Yes,Credit card (automatic),91.01,5722.61,No
8937-DJHDT,Female,0,Yes,No,3,Yes,Yes,No,No internet service,No internet service,No internet service,No internet service,No internet service,No internet service,Month-to-month,Yes,Electronic check,21.74,47.76,No
3081-QMJOS,Male,0,Yes,No,1,Yes,Yes,Fiber optic,No,No,No,No,Yes,Yes,Two year,No,Electronic check,109.49,108.52,No
7453-XFHLK,Male,0,No,No,4,Yes,No,Fiber optic,No,Yes,Yes,Yes,No,No,Month-to-month,Yes,Bank transfer (automatic),76.38,305.6,Yes
8401-AAUGG,Male,0,No,Yes,0,Yes,No,Fiber optic,No,No,No,Yes,No,No,Month-to-month,Yes,Mailed check,110.98,16.86,No
2011-HFSVW,Male,0,No,No,50,Yes,No,No,No internet service,No internet service,No internet service,No internet service,No internet service,No internet service,One year,Yes,Credit card (automatic),27.14,1364.48,No
3561-HURHA,Male,0,No,No,26,Yes,No,DSL,No,No,No,No,Yes,Yes,Two year,Yes,Mailed check,57.69,1488.85,No
7102-WQZRF,Female,0,Yes,Yes,70,Yes,No,No,No internet service,No internet service,No internet service,No internet service,No internet service,No internet service,Two year,No,Electronic check,27.52,1909.05,No
4738-HFBDR,Male,0,No,No,61,No,No phone service,Fiber optic,No,No,Yes,Yes,No,No,Month-to-month,Yes,Electronic check,102.29,6224.25,No
8271-EOZTY,Male,1,Yes,No,63,No,No phone service,Fiber optic,No,No,Yes,Yes,No,No,Month-to-month,No,Mailed check,77.09,4839.16,No
9770-RHMUZ,Male,0,No,Yes,16,Yes,Yes,DSL,No,Yes,Yes,Yes,No,No,Month-to-month,Yes,Mailed check,42.9,705.02,Yes
7096-GMIGR,Male,1,No,Yes,54,Yes,Yes,DSL,No,No,No,No,No,No,Month-to-month,No,Mailed check,59.45,3218.54,No
5038-VUWEZ,Male,1,No,No,58,Yes,No,Fiber optic,No,No,No,No,Yes,No,Month-to-month,No,Mailed check,87.23,5042.45,Yes
5021-AYJKX,Male,0,No,No,10,Yes,No,No,No internet service,No internet service,No internet service,No internet service,No internet service,No internet service,Month-to-month,No,Bank transfer (automatic),28.27,269.03,No
2129-XAFVO,Male,0,No,No,64,Yes,No,Fiber optic,No,Yes,No,No,No,Yes,One year,No,Credit card (automatic),76.32,4892.98,No
4294-OVQWC,Female,1,Yes,No,0,Yes,Yes,Fiber optic,No,No,No,No,No,No,One year,No,Bank transfer (automatic),100.05,0.0,Yes
6452-UAKYA,Female,0,Yes,No,7,Yes,Yes,No,No internet service,No internet service,No internet service,No internet service,No internet service,No internet service,One year,Yes,Mailed check,21.54,152.61,No
4232-XWICK,Male,0,No,Yes,56,Yes,No,No,No internet service,No internet service,No internet service,No internet service,No internet service,No internet service,Month-to-month,Yes,Mailed check,26.78,1485.68,No
5185-NTQWC,Female,1,Yes,Yes,13,Yes,No,Fiber optic,Yes,Yes,No,Yes,No,Yes,One year,No,Credit card (automatic),96.37,1268.15,Yes
9068-COKZF,Female,0,Yes,Yes,0,Yes,No,DSL,No,No,Yes,No,No,No,Month-to-month,Yes,Credit card (automatic),61.87,2.29,Yes
9821-JLMLV,Female,0,Yes,No,11,Yes,No,Fiber optic,Yes,No,No,No,Yes,No,Month-to-month,No,Electronic check,89.59,977.58,Yes
6230-XEOKQ,Female,0,No,No,10,Yes,No,No,No internet service,No internet service,No internet service,No internet service,No internet service,No internet service,Two year,Yes,Bank transfer (automatic),20.93,225.62,No
7955-ZWCRR,Male,0,Yes,No,37,Yes,Yes,Fiber optic,Yes,No,No,Yes,No,No,One year,Yes,Electronic check,95.54,3535.93,No
9586-LFIHX,Female,0,No,No,3,Yes,No,DSL,No,No,No,No,No,No,Two year,No,Electronic check,43.48,132.2,No
2642-BUMZQ,Female,0,No,No,14,Yes,No,Fiber optic,No,No,Yes,No,Yes,No,Month-to-month,No,Credit card (automatic),89.19,1244.52,No
7261-JQINY,Female,0,No,Yes,0,Yes,No,Fiber optic,No,No,Yes,Yes,No,No,Two year,No,Electronic check,82.97,0.0,No
2516-ZBFFS,Male,0,Yes,No,6,No,No phone service,No,No internet service,No internet service,No internet service,No internet service,No internet service,No internet service,Month-to-month,Yes,Electronic check,29.83,167.7,No
6517-QURJS,Male,0,No,Yes,21,Yes,No,Fiber optic,No,No,No,Yes,Yes,No,Two year,Yes,Mailed check,109.29,2294.03,No
1025-KEWMY,Male,0,No,No,11,Yes,No,No,No internet service,No internet service,No internet service,No internet service,No internet service,No internet service,Month-to-month,Yes,Mailed check,19.61,224.14,Yes
5190-WJONT,Male,0,No,No,52,Yes,Yes,DSL,Yes,No,No,Yes,No,Yes,Month-to-month,Yes,Electronic check,65.82,3410.82,Yes
2288-UBPFU,Male,0,No,Yes,33,Yes,Yes,No,No internet service,No internet service,No internet service,No internet service,No internet service,No internet service,Month-to-month,No,Credit card (automatic),25.25,819.47,No
3267-YTZMM,Male,0,No,No,20,Yes,Yes,Fiber optic,Yes,No,Yes,No,No,No,Month-to-month,No,Electronic check,70.43,1409.42,No
2726-SRUUG,Male,0,Yes,Yes,65,Yes,No,No,No internet service,No internet service,No internet service,No internet service,No internet service,No internet service,Month-to-month,Yes,Bank transfer (automatic),27.3,1759.64,Yes
7119-WPGMA,Female,1,No,No,8,No,No phone service,No,No internet service,No internet service,No internet service,No internet service,No internet service,No internet service,Two year,No,Mailed check,20.37,160.43,No
4158-KBMFA,Female,0,Yes,Yes,66,Yes,No,Fiber optic,No,No,No,No,Yes,No,Month-to-month,Yes,Electronic check,100.19,6614.91,Yes
6174-ADOYM,Female,0,Yes,No,0,Yes,No,Fiber optic,No,Yes,Yes,No,No,No,One year,Yes,Electronic check,72.73,0.0,Yes
2370-DMIJJ,Male,0,No,No,17,Yes,No,No,No internet service,No internet service,No internet service,No internet service,No internet service,No internet service,Two year,No,Electronic check,18.06,323.05,No
9968-HYTSV,Male,0,Yes,No,11,Yes,Yes,Fiber optic,Yes,No,No,No,No,Yes,One year,Yes,Mailed check,109.79,1190.33,No
8943-RMKVD,Male,0,Yes,No,11,Yes,Yes,Fiber optic,No,No,No,No,Yes,No,Month-to-month,No,Electronic check,108.51,1209.72,No
4344-KBIBC,Male,0,No,Yes,71,Yes,Yes,No,No internet service,No internet service,No internet service,No internet service,No internet service,No internet service,Two year,Yes,Bank transfer (automatic),22.29,1587.62,No
3218-HZHYK,Male,0,No,No,0,Yes,Yes,Fiber optic,Yes,Yes,No,No,No,Yes,Month-to-month,No,Electronic check,89.05,0.0,No
9692-UFYRQ,Female,0,Yes,No,14,Yes,No,No,No internet service,No internet service,No internet service,No internet service,No internet service,No internet service,Month-to-month,Yes,Mailed check,23.67,315.54,No
1810-KOWCU,Female,0,No,No,3,Yes,No,Fiber optic,No,Yes,No,Yes,Yes,No,Two year,Yes,Electronic check,100.89,315.93,No
6185-CNIZR,Male,0,Yes,No,3,Yes,No,Fiber optic,Yes,No,No,No,No,Yes,Month-to-month,Yes,Mailed check,74.48,204.47,No
3767-CBTXF,Male,0,Yes,Yes,68,Yes,Yes,DSL,No,No,No,No,No,Yes,One year,No,Bank transfer (automatic),42.12,2867.36,No
9975-DDZLL,Male,1,Yes,No,21,Yes,No,DSL,No,No,No,No,Yes,No,Month-to-month,No,Electronic check,54.98,1169.69,Yes
9411-KKRLM,Male,0,Yes,No,6,Yes,No,Fiber optic,No,No,No,No,Yes,Yes,Month-to-month,No,Credit card (automatic),86.26,534.81,No
9810-XBZRN,Female,0,Yes,No,54,Yes,No,Fiber optic,No,Yes,No,No,Yes,Yes,Month-to-month,Yes,Electronic check,93.3,5042.94,No
6732-PIDQH,Male,0,Yes,No,70,Yes,No,Fiber optic,No,No,No,No,Yes,No,Two year,No,Mailed check,71.93,5053.69,No
4325-MIQSE,Male,1,No,Yes,61,Yes,Yes,No,No internet service,No internet service,No internet service,No internet service,No internet service,No internet service,Two year,Yes,Electronic check,22.0,1348.39,No
5955-LXXCK,Male,0,No,No,5,Yes,Yes,Fiber optic,No,No,No,No,No,No,Month-to-month,Yes,Credit card (automatic),88.6,460.47,No
5274-GREFP,Male,1,No,Yes,0,Yes,No,DSL,Yes,No,No,No,No,No,Month-to-month,No,Mailed check,50.1,14.23,Yes
2869-GZLAP,Female,1,No,No,69,Yes,No,Fiber optic,No,Yes,Yes,Yes,No,No,Month-to-month,Yes,Electronic check,74.94,5152.44,No
6356-GCWVE,Male,0,Yes,No,62,Yes,Yes,Fiber optic,Yes,No,Yes,No,No,Yes,One year,Yes,Bank transfer (automatic),91.38,5661.77,No
3500-NNKLE,Male,0,No,Yes,71,Yes,Yes,No,No internet service,No internet service,No internet service,No internet service,No internet service,No internet service,Two year,Yes,Electronic check,25.43,1801.64,No
8848-NJHZK,Female,0,No,No,14,Yes,No,Fiber optic,No,Yes,Yes,No,Yes,No,Two year,Yes,Mailed check,76.82,1068.5,No
6370-GZCBV,Female,0,Yes,Yes,64,Yes,No,Fiber optic,No,No,Yes,No,No,Yes,One year,Yes,Credit card (automatic),107.57,6904.43,No
1990-BMQER,Female,0,Yes,No,5,Yes,No,Fiber optic,No,No,Yes,Yes,Yes,No,One year,Yes,Mailed check,100.72,489.52,Yes
3032-DVPVI,Male,0,No,No,51,No,No phone service,No,No internet service,No internet service,No internet service,No internet service,No internet service,No internet service,Month-to-month,Yes,Mailed check,25.35,1282.47,No
5149-VHCBT,Male,1,No,No,9,Yes,No,Fiber optic,No,Yes,No,Yes,No,Yes,Month-to-month,Yes,Credit card (automatic),92.83,819.29,No
9973-NAMFW,Female,0,No,No,50,Yes,No,Fiber optic,No,Yes,No,No,No,No,One year,No,Electronic check,91.28,4566.88,No
7468-EQAGA,Female,1,Yes,No,60,No,No phone service,Fiber optic,No,No,No,Yes,No,No,Month-to-month,Yes,Mailed check,112.81,6781.99,No
8661-IMNQM,Female,0,Yes,Yes,1,Yes,No,DSL,Yes,No,Yes,No,No,Yes,Two year,No,Bank transfer (automatic),63.31,52.26,No
2527-XKAED,Female,0,No,No,0,Yes,No,No,No internet service,No internet service,No internet service,No internet service,No internet service,No internet service,Month-to-month,Yes,Credit card (automatic),22.19,2.55,Yes
4144-SOKUZ,Female,1,No,Yes,61,Yes,Yes,Fiber optic,No,No,No,No,No,Yes,Month-to-month,Yes,Bank transfer (automatic),70.62,4295.65,Yes
6406-ZCAIL,Female,0,Yes,No,52,Yes,No,Fiber optic,No,Yes,Yes,Yes,No,Yes,Month-to-month,Yes,Mailed check,110.96,5752.42,No
1141-CNEYA,Male,0,Yes,No,32,Yes,Yes,DSL,No,No,No,Yes,No,No,Two year,Yes,Mailed check,42.63,1349.0,No
8977-OVBDA,Male,0,No,No,63,Yes,Yes,DSL,No,Yes,No,No,No,No,Two year,No,Mailed check,54.76,3446.74,No
4977-HEPOK,Male,0,No,Yes,7,Yes,Yes,Fiber optic,Yes,Yes,No,No,Yes,No,Month-to-month,No,Mailed check,93.99,646.16,No
7954-EECQF,Female,0,Yes,Yes,60,Yes,Yes,Fiber optic,No,No,Yes,Yes,No,No,Two year,No,Credit card (automatic),113.4,6787.62,No
3571-SXACV,Female,0,No,Yes,60,Yes,No,Fiber optic,No,Yes,No,No,Yes,No,Month-to-month,Yes,Credit card (automatic),93.07,5580.71,No
8539-WHUGY,Female,0,No,No,65,Yes,Yes,No,No internet service,No internet service,No internet service,No internet service,No internet service,No internet service,Month-to-month,Yes,Electronic check,23.25,1517.78,No
1080-PVPXG,Female,1,No,Yes,32,Yes,No,No,No internet service,No internet service,No internet service,No internet service,No internet service,No internet service,Month-to-month,Yes,Electronic check,23.89,767.43,Yes
5591-RFBEL,Female,0,Yes,No,56,Yes,No,Fiber optic,Yes,No,No,No,Yes,Yes,One year,No,Bank transfer (automatic),102.38,5733.75,No
2299-ZYZTP,Female,1,Yes,No,0,Yes,Yes,DSL,No,Yes,No,No,No,No,Month-to-month,No,Bank transfer (automatic),65.57,0.0,No
4039-ASAZG,Male,0,No,No,1,Yes,Yes,Fiber optic,No,No,Yes,No,No,No,One year,No,Bank transfer (automatic),73.41,73.61,Yes
9882-ZGHHM,Male,0,Yes,No,20,Yes,No,Fiber optic,No,No,Yes,Yes,Yes,No,One year,Yes,Electronic check,97.6,1967.09,Yes
4253-DXSIQ,Female,0,No,No,63,Yes,Yes,DSL,No,Yes,Yes,No,No,No,Month-to-month,No,Bank transfer (automatic),66.52,4172.0,No
1029-JXILG,Male,0,No,Yes,64,Yes,No,DSL,No,No,No,Yes,Yes,Yes,Month-to-month,No,Bank transfer (automatic),49.69,3178.84,No
4005-CROXG,Female,1,Yes,No,57,Yes,Yes,DSL,Yes,No,Yes,Yes,No,Yes,Two year,Yes,Electronic check,44.49,2551.01,No
8900-IMHOU,Male,0,No,No,5,Yes,Yes,DSL,No,No,No,Yes,No,No,One year,Yes,Bank transfer (automatic),60.85,305.13,No
9767-YEYIK,Female,0,No,Yes,8,Yes,No,No,No internet service,No internet service,No internet service,No internet service,No internet service,No internet service,Month-to-month,Yes,Bank transfer (automatic),19.68,146.36,Yes
8641-VDZZY,Female,0,No,No,12,No,No phone service,Fiber optic,No,Yes,No,No,Yes,No,Month-to-month,Yes,Mailed check,105.05,1250.03,Yes
3934-YEEJE,Male,0,Yes,No,15,Yes,Yes,DSL,Yes,No,No,Yes,No,Yes,Month-to-month,Yes,Electronic check,57.77,872.04,Yes
9056-EPOQF,Male,1,No,Yes,15,Yes,Yes,DSL,No,No,No,No,Yes,Yes,Month-to-month,No,Mailed check,44.34,676.76,No
7979-ECKZY,Female,1,Yes,Yes,2,Yes,Yes,DSL,No,No,No,Yes,Yes,Yes,Month-to-month,Yes,Credit card (automatic),57.78,129.7,No
2426-QUBMN,Female,0,No,Yes,0,Yes,Yes,Fiber optic,No,No,Yes,No,Yes,No,Month-to-month,Yes,Mailed check,88.32,0.31,Yes
1426-KMKKB,Male,0,No,No,3,Yes,Yes,Fiber optic,No,No,No,No,No,No,Two year,Yes,Credit card (automatic),79.14,250.34,No
1682-PIFXF,Male,0,Yes,No,7,Yes,No,DSL,No,Yes,No,No,No,No,Month-to-month,Yes,Bank transfer (automatic),55.31,377.33,No
6201-UDXBH,Female,0,No,Yes,1,Yes,No,No,No internet service,No internet service,No internet service,No internet service,No internet service,No internet service,Two year,Yes,Credit card (automatic),21.87,24.72,No
8935-OXTEU,Male,1,No,No,0,Yes,No,Fiber optic,No,No,Yes,No,Yes,No,One year,Yes,Bank transfer (automatic),93.32,11.56,No
3269-BDLEF,Female,0,Yes,No,66,Yes,No,No,No internet service,No internet service,No internet service,No internet service,No internet service,No internet service,Month-to-month,Yes,Electronic check,28.98,1929.15,No
4209-KDRCP,Female,0,Yes,No,17,Yes,No,DSL,No,Yes,No,No,No,No,One year,No,Mailed check,68.05,1168.22,No
9599-HRGIV,Female,0,No,No,64,Yes,No,Fiber optic,No,Yes,Yes,Yes,Yes,No,Month-to-month,No,Bank transfer (automatic),85.1,5461.14,No
4185-QNMLD,Female,1,Yes,Yes,67,Yes,No,Fiber optic,No,No,No,No,Yes,No,One year,Yes,Credit card (automatic),87.04,5847.17,No
1625-DWFVV,Male,0,Yes,No,51,Yes,No,Fiber optic,No,No,No,Yes,Yes,No,Month-to-month,Yes,Bank transfer (automatic),110.33,5617.62,No
5806-KWLFQ,Male,0,No,No,68,Yes,No,DSL,No,Yes,No,No,No,No,Month-to-month,Yes,Mailed check,45.69,3099.86,No
3266-GBUBC,Male,0,No,No,0,Yes,No,No,No internet service,No internet service,No internet service,No internet service,No internet service,No internet service,One year,Yes,Electronic check,20.02,12.07,No
7398-DAZJG,Male,0,No,Yes,1,Yes,No,No,No internet service,No internet service,No internet service,No internet service,No internet service,No internet service,Month-to-month,Yes,Bank transfer (automatic),26.49,43.7,No
7725-SCLEL,Male,0,Yes,Yes,59,Yes,No,DSL,Yes,Yes,Yes,No,No,No,Month-to-month,No,Electronic check,49.9,2956.56,No
7808-NKDCX,Male,0,Yes,No,53,No,No phone service,No,No internet service,No internet service,No internet service,No internet service,No internet service,No internet service,Month-to-month,Yes,Mailed check,22.77,1195.7,No
1945-ONEIQ,Male,0,Yes,No,62,Yes,No,Fiber optic,No,No,No,No,No,Yes,Month-to-month,Yes,Electronic check,105.85,6582.38,Yes
3715-BFSHE,Female,0,No,No,9,Yes,No,DSL,No,No,No,Yes,No,Yes,Two year,Yes,Credit card (automatic),58.58,532.61,No
8068-LUSCF,Male,0,No,No,68,Yes,No,Fiber optic,No,No,No,No,No,Yes,Month-to-month,No,Bank transfer (automatic),92.89,6315.66,No
1799-QMYVY,Male,0,Yes,Yes,1,Yes,No,DSL,No,No,Yes,Yes,Yes,No,Month-to-month,Yes,Electronic check,48.34,66.94,No
8096-CJYFK,Female,0,Yes,No,11,Yes,Yes,DSL,Yes,No,No,No,Yes,No,Month-to-month,Yes,Mailed check,61.76,695.22,No
5787-RPHMZ,Male,0,No,Yes,4,Yes,No,DSL,Yes,No,No,No,No,No,Month-to-month,Yes,Bank transfer (automatic),46.05,187.84,No
7475-QWRDX,Male,0,No,No,62,Yes,Yes,Fiber optic,No,Yes,Yes,No,Yes,No,One year,Yes,Electronic check,111.1,6882.77,No
5651-DKYPT,Female,0,Yes,No,0,Yes,Yes,Fiber optic,Yes,Yes,No,No,No,Yes,Month-to-month,No,Bank transfer (automatic),70.03,0.0,Yes
7643-JMIDZ,Male,1,No,Yes,3,Yes,No,DSL,Yes,No,Yes,No,No,No,Two year,Yes,Bank transfer (automatic),66.1,200.32,No
6641-LZXKN,Male,0,Yes,Yes,25,Yes,No,Fiber optic,No,No,Yes,No,No,Yes,Month-to-month,Yes,Electronic check,84.85,2125.49,No
8794-IAJQA,Male,0,No,No,20,Yes,Yes,DSL,Yes,No,No,Yes,No,No,Month-to-month,Yes,Credit card (automatic),66.42,1336.55,Yes
9167-UGVAS,Female,0,No,No,2,Yes,No,Fiber optic,No,No,Yes,No,No,No,One year,No,Mailed check,74.85,153.41,No
4791-PNHSU,Male,0,No,No,5,Yes,No,DSL,No,No,No,No,No,Yes,One year,Yes,Bank transfer (automatic),53.05,280.1,No
7944-QINCH,Male,0,Yes,No,10,Yes,Yes,Fiber optic,Yes,No,No,Yes,Yes,No,Month-to-month,No,Mailed check,78.35,767.51,Yes
4596-KWNYM,Female,0,Yes,No,16,Yes,Yes,DSL,No,Yes,No,Yes,No,No,Month-to-month,No,Bank transfer (automatic),52.32,855.05,No
8379-DCIVM,Male,0,No,No,4,Yes,No,Fiber optic,No,No,Yes,No,Yes,No,Month-to-month,No,Bank transfer (automatic),79.42,305.42,No
4890-EPYFA,Female,0,Yes,No,13,Yes,Yes,No,No internet service,No internet service,No internet service,No internet service,No internet service,No internet service,Month-to-month,No,Credit card (automatic),29.73,377.72,No
9088-KXDZO,Female,0,No,No,2,Yes,Yes,Fiber optic,No,Yes,No,Yes,No,No,Month-to-month,Yes,Mailed check,94.86,203.36,Yes
1343-AMCNO,Male,0,No,Yes,56,Yes,Yes,Fiber optic,Yes,No,Yes,No,No,Yes,One year,No,Bank transfer (automatic),73.63,4119.81,Yes
3352-ECLAL,Female,0,No,Yes,8,Yes,No,DSL,No,Yes,No,No,No,Yes,One year,No,Bank transfer (automatic),67.57,544.43,No
4500-LKREX,Female,0,No,No,54,Yes,Yes,Fiber optic,No,Yes,Yes,No,No,No,Two year,Yes,Bank transfer (automatic),84.11,4545.56,No
3692-KYURW,Male,0,No,No,55,Yes,No,No,No internet service,No internet service,No internet service,No internet service,No internet service,No internet service,One year,Yes,Bank transfer (automatic),20.78,1128.18,No
4767-XBJHT,Female,0,No,No,7,No,No phone service,DSL,Yes,No,Yes,No,No,No,One year,Yes,Electronic check,61.9,429.34,No
5305-LVQLD,Female,1,Yes,Yes,7,Yes,Yes,Fiber optic,No,No,Yes,No,No,Yes,One year,Yes,Bank transfer (automatic),111.7,798.33,No
1622-BZIIN,Male,0,Yes,Yes,18,Yes,No,Fiber optic,No,No,No,No,No,Yes,Two year,Yes,Mailed check,82.53,1467.87,Yes
5864-PVSAC,Male,0,Yes,Yes,4,Yes,No,DSL,No,Yes,No,No,No,Yes,Month-to-month,No,Mailed check,67.74,279.12,No
9970-LSAPJ,Male,0,Yes,Yes,69,No,No phone service,No,No internet service,No internet service,No internet service,No internet service,No internet service,No internet service,Month-to-month,Yes,Mailed check,22.56,1556.51,Yes
1808-HVLLC,Female,1,No,No,66,Yes,No,Fiber optic,Yes,No,Yes,No,Yes,Yes,Month-to-month,No,Electronic check,75.21,4944.92,No
2946-YLOQC,Male,0,No,No,4,Yes,Yes,DSL,No,Yes,Yes,No,No,No,Month-to-month,Yes,Electronic check,69.65,277.85,No
7070-LKAUJ,Female,0,No,No,8,Yes,No,DSL,No,No,Yes,Yes,No,Yes,Month-to-month,No,Electronic check,64.26,509.65,Yes
2595-UTBWN,Female,1,No,No,32,Yes,Yes,Fiber optic,Yes,No,No,No,Yes,Yes,Month-to-month,No,Mailed check,107.4,3442.25,No
8290-UUISN,Female,1,No,No,61,Yes,Yes,Fiber optic,No,No,Yes,No,Yes,Yes,Month-to-month,Yes,Mailed check,99.56,6061.29,No
5355-CFMEW,Female,0,No,Yes,62,Yes,Yes,Fiber optic,No,No,No,No,No,Yes,Two year,Yes,Electronic check,93.11,5767.25,No
6938-CISLB,Female,0,Yes,No,69,Yes,No,Fiber optic,No,Yes,No,No,No,No,Two year,Yes,Bank transfer (automatic),101.93,7037.01,No
8912-AKQTE,Female,0,No,No,51,Yes,Yes,DSL,No,No,No,No,Yes,No,One year,Yes,Bank transfer (automatic),60.29,3085.09,No
4612-JNNXS,Female,0,Yes,Yes,8,Yes,No,DSL,No,No,No,No,No,No,Month-to-month,Yes,Credit card (automatic),69.5,547.33,Yes
2951-UGDUA,Male,0,No,No,46,Yes,No,Fiber optic,Yes,No,No,No,Yes,No,Two year,No,Credit card (automatic),103.37,4763.74,No
4416-STMAE,Male,0,Yes,No,63,Yes,No,DSL,No,No,No,Yes,No,Yes,Two year,Yes,Credit card (automatic),67.78,4268.71,No
6845-KVYUG,Female,0,No,Yes,69,No,No phone service,DSL,No,No,No,No,No,No,Two year,No,Credit card (automatic),52.63,3632.13,No
3784-LYGMI,Female,0,No,Yes,59,Yes,Yes,Fiber optic,No,No,Yes,Yes,No,Yes,One year,Yes,Credit card (automatic),72.53,4280.94,No
1791-LMWMA,Male,0,No,No,65,Yes,No,DSL,No,Yes,No,Yes,No,No,Month-to-month,No,Mailed check,42.46,2746.83,No
5413-XOPRT,Female,0,No,Yes,60,No,No phone service,No,No internet service,No internet service,No internet service,No internet service,No internet service,No internet service,Month-to-month,Yes,Electronic check,28.72,1714.51,No
4540-SMQSY,Male,0,No,Yes,51,Yes,Yes,Fiber optic,No,No,Yes,No,No,No,Two year,Yes,Mailed check,77.43,3960.55,Yes
5494-QJTDG,Male,0,Yes,No,24,Yes,No,DSL,No,Yes,No,No,No,No,Month-to-month,No,Credit card (automatic),59.36,1422.08,Yes
8881-EFOQH,Male,1,Yes,No,50,Yes,Yes,No,No internet service,No internet service,No internet service,No internet service,No internet service,No internet service,Month-to-month,Yes,Electronic check,23.87,1187.88,No
9229-IUKDQ,Female,0,No,No,6,Yes,No,DSL,No,No,No,No,Yes,No,Month-to-month,Yes,Credit card (automatic),58.64,335.67,No
5445-DCKWC,Female,0,Yes,No,17,Yes,No,Fiber optic,No,Yes,No,No,Yes,No,Month-to-month,No,Electronic check,86.33,1454.83,Yes
3822-ELXVS,Male,1,Yes,No,11,Yes,No,Fiber optic,No,No,No,No,No,Yes,Two year,Yes,Electronic check,96.09,1058.91,No
5290-ZNMHU,Male,0,No,No,71,Yes,No,Fiber optic,No,Yes,No,No,No,No,Month-to-month,Yes,Bank transfer (automatic),74.11,5261.04,No
5428-OYKJS,Male,0,Yes,No,55,Yes,No,Fiber optic,No,No,Yes,No,No,Yes,Month-to-month,Yes,Bank transfer (automatic),84.28,4654.48,No
5617-BXQAG,Male,1,Yes,No,66,Yes,Yes,No,No internet service,No internet service,No internet service,No internet service,No internet service,No internet service,Two year,Yes,Credit card (automatic),26.13,1711.81,No
1586-FAYEV,Male,0,Yes,Yes,65,No,No phone service,Fiber optic,No,No,Yes,No,No,No,Month-to-month,Yes,Bank transfer (automatic),102.44,6647.26,No
6221-IAURS,Female,0,Yes,No,58,Yes,No,Fiber optic,Yes,No,Yes,Yes,No,Yes,Two year,No,Electronic check,77.46,4500.34,No
6556-TSYWM,Male,0,No,No,54,Yes,No,Fiber optic,Yes,No,No,No,No,No,Month-to-month,Yes,Credit card (automatic),92.23,4976.23,Yes
6017-PMGMU,Female,0,No,No,5,Yes,No,DSL,Yes,Yes,Yes,No,No,No,One year,No,Credit card (automatic),52.72,255.54,No
5232-MERCY,Male,0,No,No,0,Yes,No,Fiber optic,No,No,No,No,Yes,No,Month-to-month,Yes,Credit card (automatic),102.51,0.0,Yes
7512-HDFCT,Female,1,Yes,No,50,Yes,Yes,DSL,No,Yes,No,Yes,No,Yes,Month-to-month,No,Bank transfer (automatic),65.37,3274.46,No
4474-EPYOJ,Female,0,No,No,38,Yes,Yes,DSL,No,No,Yes,No,No,No,Month-to-month,Yes,Credit card (automatic),41.83,1604.01,Yes
8014-KQTLP,Female,0,Yes,Yes,61,Yes,No,Fiber optic,No,Yes,No,Yes,Yes,No,Two year,No,Electronic check,93.26,5708.07,No
1361-CPWFU,Female,0,No,No,12,No,No phone service,Fiber optic,Yes,No,No,No,No,No,Month-to-month,Yes,Bank transfer (automatic),108.52,1300.46,No
1212-NJQMV,Female,0,No,No,65,Yes,No,DSL,No,No,Yes,No,Yes,Yes,Month-to-month,No,Electronic check,41.85,2725.41,No
5165-TJWOT,Female,0,No,Yes,19,Yes,Yes,DSL,No,No,No,No,No,No,Two year,No,Electronic check,66.78,1256.75,No
7642-QMKAX,Male,0,No,Yes,64,Yes,Yes,DSL,No,No,No,No,No,No,Month-to-month,Yes,Credit card (automatic),66.59,4272.34,Yes
8397-PSCJB,Female,0,Yes,No,0,Yes,Yes,DSL,No,Yes,No,No,Yes,No,One year,No,Bank transfer (automatic),42.96,0.0,Yes
9543-PLWDG,Male,0,Yes,No,2,Yes,Yes,Fiber optic,No,No,No,No,Yes,No,One year,Yes,Credit card (automatic),79.18,172.53,No
6807-QGTFN,Female,0,No,Yes,55,Yes,No,DSL,No,No,Yes,No,No,No,Month-to-month,No,Bank transfer (automatic),55.31,3055.66,No
9254-HGLFM,Female,0,Yes,No,0,Yes,No,Fiber optic,No,Yes,No,No,No,Yes,Month-to-month,Yes,Electronic check,106.7,0.0,Yes
8134-PDMAT,Male,0,Yes,Yes,11,Yes,No,DSL,No,No,Yes,No,Yes,Yes,Two year,Yes,Credit card (automatic),56.26,624.4,No
2141-VJBYX,Female,0,Yes,No,62,Yes,Yes,DSL,No,No,Yes,Yes,No,No,Month-to-month,No,Electronic check,40.04,2495.93,No
6957-UTXFS,Male,0,Yes,No,9,Yes,Yes,No,No internet service,No internet service,No internet service,No internet service,No internet service,No internet service,Month-to-month,No,Electronic check,27.47,248.24,No
1652-WNDVM,Male,0,No,Yes,15,Yes,No,Fiber optic,No,Yes,No,No,No,Yes,One year,Yes,Electronic check,91.45,1380.39,No
4205-KWXVB,Male,0,No,Yes,53,Yes,Yes,DSL,No,No,Yes,No,Yes,Yes,Month-to-month,Yes,Credit card (automatic),63.65,3362.15,No
7604-QTEUY,Male,0,Yes,No,65,Yes,No,No,No internet service,No internet service,No internet service,No internet service,No internet service,No internet service,One year,Yes,Credit card (automatic),27.32,1780.82,No
2215-ETEXS,Female,1,Yes,No,70,Yes,No,DSL,No,Yes,Yes,No,No,Yes,Month-to-month,No,Bank transfer (automatic),40.45,2835.67,Yes
5281-GTBXG,Female,0,No,Yes,60,Yes,No,No,No internet service,No internet service,No internet service,No internet service,No internet service,No internet service,Two year,Yes,Credit card (automatic),24.23,1444.65,No
4979-LZTXW,Male,0,No,No,27,No,No phone service,DSL,No,No,No,Yes,No,Yes,Month-to-month,Yes,Bank transfer (automatic),50.84,1389.63,No
9508-HSTET,Female,0,No,No,62,Yes,Yes,No,No internet service,No internet service,No internet service,No internet service,No internet service,No internet service,Month-to-month,Yes,Credit card (automatic),22.3,1379.7,No
7354-SOPDF,Female,0,No,No,2,Yes,Yes,DSL,No,No,No,Yes,No,Yes,Two year,No,Mailed check,68.33,144.88,No
1300-AZFTV,Male,0,No,No,1,Yes,Yes,No,No internet service,No internet service,No internet service,No internet service,No internet service,No internet service,Month-to-month,Yes,Credit card (automatic),26.37,9.83,No
6255-AIRPX,Female,0,No,No,58,Yes,No,Fiber optic,No,Yes,No,No,No,No,Month-to-month,No,Electronic check,80.5,4649.12,Yes
5849-PONSV,Male,0,No,No,56,No,No phone service,DSL,No,Yes,No,Yes,No,Yes,Two year,Yes,Electronic check,63.96,3599.61,No
6281-PUNLW,Male,1,Yes,Yes,16,Yes,Yes,No,No internet service,No internet service,No internet service,No internet service,No internet service,No internet service,One year,No,Electronic check,28.57,465.78,No
1427-EVEDU,Female,1,No,No,15,Yes,Yes,Fiber optic,No,Yes,No,No,No,No,Month-to-month,Yes,Electronic check,99.01,1471.23,Yes
9487-HVIOR,Female,0,Yes,No,61,Yes,Yes,Fiber optic,No,No,No,No,No,No,Month-to-month,Yes,Mailed check,81.85,4994.87,Yes
7111-YCZHA,Female,0,No,Yes,59,Yes,No,Fiber optic,Yes,No,No,Yes,Yes,No,Two year,Yes,Mailed check,114.38,6732.49,No
8868-LBKZO,Male,0,No,No,67,Yes,No,Fiber optic,No,Yes,Yes,No,Yes,Yes,Month-to-month,Yes,Bank transfer (automatic),72.11,4842.5,No
3071-GJODM,Male,0,No,Yes,2,Yes,No,Fiber optic,Yes,No,No,No,Yes,No,Two year,Yes,Electronic check,108.79,212.49,Yes
1070-PMDSH,Female,0,Yes,No,5,Yes,No,No,No internet service,No internet service,No internet service,No internet service,No internet service,No internet service,Month-to-month,Yes,Credit card (automatic),25.2,107.67,Yes
9403-FGLRG,Female,0,No,No,8,Yes,No,Fiber optic,No,No,No,No,Yes,Yes,Two year,Yes,Credit card (automatic),110.82,867.63,Yes
2152-TRPTQ,Female,0,Yes,No,4,Yes,No,DSL,Yes,Yes,Yes,No,No,No,Month-to-month,No,Bank transfer (automatic),69.01,265.77,No
6850-TLKNN,Female,0,Yes,No,64,Yes,No,DSL,No,No,No,No,No,No,Month-to-month,Yes,Credit card (automatic),65.75,4195.51,No
1123-ZMKER,Male,0,Yes,Yes,13,Yes,Yes,Fiber optic,No,Yes,No,No,Yes,No,Month-to-month,Yes,Electronic check,97.0,1280.83,Yes
6268-ZALOW,Female,0,Yes,No,6,Yes,Yes,No,No internet service,No internet service,No internet service,No internet service,No internet service,No internet service,Month-to-month,No,Credit card (automatic),27.8,184.9,No
8004-TANGG,Male,0,Yes,No,12,No,No phone service,Fiber optic,No,No,No,No,Yes,No,Month-to-month,No,Electronic check,84.25,1026.2,Yes
9138-MJTWD,Male,0,No,Yes,2,Yes,Yes,DSL,Yes,No,Yes,No,No,No,Month-to-month,No,Electronic check,43.5,82.35,Yes
1181-BMEKR,Female,0,No,No,51,Yes,Yes,DSL,Yes,Yes,Yes,No,No,Yes,Two year,Yes,Mailed check,64.59,3274.77,No
7462-MNDWB,Female,0,Yes,Yes,3,Yes,Yes,Fiber optic,No,Yes,Yes,No,Yes,Yes,Month-to-month,No,Bank transfer (automatic),73.34,215.51,Yes
6362-HRNRH,Female,1,Yes,No,4,Yes,Yes,DSL,No,No,Yes,Yes,Yes,Yes,Two year,No,Electronic check,58.65,245.23,No
8408-AXYMS,Male,0,No,No,61,Yes,No,Fiber optic,No,No,No,No,No,Yes,Month-to-month,Yes,Mailed check,77.98,4740.88,No
9089-OKSRH,Female,0,No,No,62,Yes,No,Fiber optic,No,Yes,Yes,No,No,No,One year,Yes,Electronic check,97.81,6051.75,No
7800-GVNDZ,Female,0,Yes,Yes,8,No,No phone service,DSL,No,No,No,No,No,Yes,Two year,Yes,Electronic check,48.35,377.43,No
1976-LXNAP,Male,0,No,No,0,Yes,No,Fiber optic,No,No,No,No,Yes,No,Two year,No,Credit card (automatic),95.09,0.0,No
5908-ZWCYM,Female,0,No,Yes,1,Yes,No,Fiber optic,No,No,No,Yes,No,No,Month-to-month,No,Mailed check,105.08,99.35,No
1675-ERWUU,Male,0,Yes,No,52,Yes,Yes,Fiber optic,Yes,No,Yes,No,No,Yes,One year,Yes,Electronic check,97.19,5047.75,No
6172-DBXNP,Female,0,Yes,No,50,Yes,No,Fiber optic,No,No,No,No,No,No,Month-to-month,Yes,Mailed check,110.98,5547.61,Yes
9464-NIHUC,Male,0,No,No,56,Yes,Yes,No,No internet service,No internet service,No internet service,No internet service,No internet service,No internet service,Month-to-month,No,Electronic check,25.84,1429.1,No
3935-QSDPV,Female,0,Yes,No,0,Yes,No,Fiber optic,No,No,No,No,Yes,No,One year,Yes,Electronic check,111.62,0.0,Yes
7022-UEJUD,Female,0,No,No,12,Yes,No,DSL,No,Yes,Yes,No,Yes,Yes,Month-to-month,No,Mailed check,52.3,627.78,No
4002-EWOKG,Male,0,Yes,No,54,Yes,No,No,No internet service,No internet service,No internet service,No internet service,No internet service,No internet service,Month-to-month,No,Electronic check,29.6,1611.4,No
1818-PZAZV,Male,0,No,No,12,Yes,No,Fiber optic,No,Yes,No,Yes,No,No,Month-to-month,No,Bank transfer (automatic),110.0,1303.6,No
2425-YENEE,Female,0,No,Yes,1,Yes,No,No,No internet service,No internet service,No internet service,No internet service,No internet service,No internet service,Month-to-month,No,Mailed check,24.86,8.86,No
1541-KZBPP,Male,0,Yes,No,3,Yes,Yes,No,No internet service,No internet service,No internet service,No internet service,No internet service,No internet service,Month-to-month,Yes,Electronic check,25.94,60.89,No
7181-UOZLF,Male,0,No,No,0,Yes,Yes,Fiber optic,Yes,Yes,No,No,No,No,Two year,No,Mailed check,82.74,0.0,No
2377-SMGKH,Male,0,No,Yes,1,Yes,No,No,No internet service,No internet service,No internet service,No internet service,No internet service,No internet service,Month-to-month,No,Bank transfer (automatic),21.86,9.11,Yes
7925-BUEWK,Male,0,No,No,6,Yes,No,Fiber optic,No,No,No,No,No,Yes,One year,Yes,Mailed check,107.93,642.4,Yes
7021-VSWAT,Female,1,No,No,2,Yes,No,DSL,No,No,No,No,Yes,Yes,Two year,Yes,Electronic check,62.51,120.63,No
3941-KNNTX,Female,0,Yes,Yes,51,Yes,No,DSL,Yes,Yes,No,No,Yes,Yes,One year,Yes,Electronic check,58.4,2962.77,No
8256-PZAST,Male,0,No,No,60,Yes,Yes,Fiber optic,No,Yes,No,Yes,No,No,One year,No,Mailed check,101.76,6123.76,No
9008-SPUHR,Male,0,Yes,No,52,Yes,No,Fiber optic,No,Yes,Yes,Yes,No,Yes,One year,Yes,Bank transfer (automatic),94.86,4937.41,No
1239-LGZQJ,Male,0,Yes,No,0,Yes,No,No,No internet service,No internet service,No internet service,No internet service,No internet service,No internet service,Month-to-month,No,Electronic check,24.25,9.92,Yes
8428-SFQXY,Male,1,Yes,Yes,13,Yes,No,Fiber optic,No,No,Yes,Yes,No,Yes,Month-to-month,Yes,Credit card (automatic),92.51,1209.23,Yes
1333-CDIBA,Female,0,Yes,Yes,10,Yes,No,Fiber optic,No,No,No,No,No,No,Two year,No,Mailed check,88.72,885.07,No
2423-NBASW,Female,0,Yes,Yes,63,Yes,Yes,No,No internet service,No internet service,No internet service,No internet service,No internet service,No internet service,Two year,Yes,Mailed check,26.96,1716.42,No
2002-JMZUC,Male,0,No,No,5,Yes,No,Fiber optic,No,No,No,Yes,No,No,One year,Yes,Electronic check,79.42,390.54,No
5017-PJTDB,Male,0,No,No,4,Yes,No,DSL,No,No,No,No,No,No,Month-to-month,No,Credit card (automatic),42.44,187.55,Yes
6417-ZSHBT,Male,0,Yes,No,71,Yes,Yes,No,No internet service,No internet service,No internet service,No internet service,No internet service,No internet service,Month-to-month,No,Credit card (automatic),22.21,1581.97,No
5247-EJZQB,Female,1,Yes,No,1,Yes,No,Fiber optic,Yes,No,No,Yes,No,Yes,Month-to-month,No,Credit card (automatic),71.74,69.41,Yes
8752-IWWOI,Male,0,No,Yes,3,Yes,No,Fiber optic,No,No,No,No,No,Yes,One year,No,Bank transfer (automatic),94.42,290.33,Yes
2862-RKWTG,Female,0,Yes,No,69,Yes,Yes,Fiber optic,No,No,Yes,No,No,Yes,One year,No,Electronic check,83.57,5779.59,Yes
2621-YTDFZ,Male,1,Yes,No,52,Yes,Yes,DSL,Yes,No,No,No,No,No,Month-to-month,No,Bank transfer (automatic),50.62,2649.29,No
5105-YUFBN,Female,0,No,No,10,Yes,Yes,DSL,No,No,Yes,Yes,Yes,No,One year,Yes,Electronic check,62.42,628.81,No
3006-TSQQF,Male,0,Yes,No,66,Yes,No,DSL,No,No,Yes,No,No,Yes,Month-to-month,No,Mailed check,69.61,4601.39,No
3475-MRMIP,Female,0,Yes,No,9,Yes,No,DSL,No,No,No,Yes,No,No,Two year,Yes,Electronic check,50.21,470.02,No
1786-YLXLK,Male,0,No,No,9,Yes,No,No,No internet service,No internet service,No internet service,No internet service,No internet service,No internet service,Month-to-month,Yes,Mailed check,22.41,202.26,Yes
8065-PPXGU,Male,0,No,Yes,7,Yes,Yes,Fiber optic,No,No,No,No,Yes,No,One year,Yes,Credit card (automatic),99.03,708.29,Yes
9883-UKPID,Male,0,Yes,No,13,Yes,No,DSL,No,No,No,No,No,No,Month-to-month,Yes,Bank transfer (automatic),40.96,534.03,No
6096-IJFEN,Female,0,No,No,52,Yes,Yes,Fiber optic,No,No,Yes,Yes,Yes,No,Month-to-month,Yes,Mailed check,84.86,4426.14,Yes
4289-IDVFR,Male,0,No,Yes,61,Yes,No,Fiber optic,No,Yes,No,No,No,No,Month-to-month,Yes,Bank transfer (automatic),98.59,6017.47,Yes
7691-POCBZ,Female,0,Yes,No,18,Yes,No,DSL,Yes,No,No,No,No,No,Two year,No,Bank transfer (automatic),58.26,1038.14,No
8244-XDZNL,Female,0,Yes,Yes,64,Yes,Yes,DSL,Yes,Yes,No,No,No,No,One year,No,Mailed check,45.32,2888.2,No
7953-XADWP,Male,0,Yes,Yes,8,No,No phone service,Fiber optic,Yes,Yes,No,No,No,No,Month-to-month,Yes,Electronic check,103.04,817.02,Yes
4728-JUSJA,Male,0,Yes,No,66,Yes,No,Fiber optic,Yes,No,Yes,Yes,No,Yes,Two year,No,Electronic check,87.17,5743.98,No
6276-SWGZQ,Male,0,Yes,Yes,5,Yes,Yes,No,No internet service,No internet service,No internet service,No internet service,No internet service,No internet service,One year,Yes,Electronic check,26.14,126.81,No
5910-ZUJYT,Female,0,Yes,No,4,No,No phone service,No,No internet service,No internet service,No internet service,No internet service,No internet service,No internet service,One year,Yes,Credit card (automatic),26.56,114.1,No
7513-WXKQJ,Male,0,Yes,No,3,Yes,Yes,Fiber optic,Yes,Yes,Yes,No,No,No,Month-to-month,Yes,Credit card (automatic),101.18,318.03,Yes
9806-IAZWX,Female,0,No,Yes,1,Yes,Yes,Fiber optic,No,No,Yes,No,No,No,Month-to-month,Yes,Electronic check,92.98,79.41,Yes
3119-ZATSX,Female,0,No,No,0,Yes,No,Fiber optic,No,No,No,No,No,Yes,Month-to-month,No,Electronic check,103.73,2.7,Yes
4200-DRBFB,Male,0,No,No,52,Yes,No,DSL,Yes,Yes,Yes,No,No,No,Month-to-month,No,Electronic check,69.94,3643.35,No
1735-LCYFB,Male,0,No,Yes,0,Yes,No,DSL,No,Yes,No,Yes,No,No,One year,No,Bank transfer (automatic),45.5,1.61,No
7749-BRCLK,Male,0,No,No,10,Yes,Yes,DSL,No,Yes,Yes,No,No,Yes,Month-to-month,Yes,Electronic check,61.49,597.56,No
6082-VMRJD,Male,0,No,No,0,Yes,Yes,DSL,Yes,No,No,No,No,No,Month-to-month,No,Credit card (automatic),66.75,5.59,No
6843-BRPOO,Male,0,Yes,Yes,1,Yes,No,DSL,No,No,No,No,No,Yes,Month-to-month,No,Bank transfer (automatic),55.61,48.66,Yes
7767-DXNMF,Male,0,Yes,No,51,Yes,No,Fiber optic,No,No,No,No,No,No,Month-to-month,Yes,Mailed check,113.11,5758.1,No
2257-OAZSZ,Female,1,No,Yes,55,Yes,Yes,DSL,Yes,No,No,No,Yes,No,Two year,Yes,Credit card (automatic),52.44,2881.98,No
8980-HEQRN,Female,0,Yes,Yes,1,Yes,No,DSL,No,No,Yes,No,No,No,Two year,Yes,Mailed check,57.97,66.52,Yes
7214-IRZQD,Female,0,Yes,No,66,Yes,No,Fiber optic,No,No,No,No,No,No,Month-to-month,No,Electronic check,95.44,6300.97,No
4613-WOHOH,Male,0,No,Yes,61,Yes,Yes,Fiber optic,No,No,No,No,Yes,Yes,Two year,Yes,Mailed check,107.3,6535.42,No
5667-NIWDW,Female,0,No,No,62,Yes,No,DSL,No,No,No,No,No,No,Month-to-month,Yes,Mailed check,44.41,2740.01,No
4714-ZYDZV,Female,0,No,No,56,Yes,No,Fiber optic,No,Yes,No,No,No,Yes,Two year,No,Bank transfer (automatic),99.18,5548.01,No
3514-EEOXM,Female,0,Yes,Yes,14,No,No phone service,Fiber optic,No,Yes,Yes,No,No,No,Month-to-month,No,Mailed check,76.72,1055.44,Yes
6945-UPNDF,Female,0,Yes,No,6,Yes,Yes,Fiber optic,No,Yes,No,No,No,No,Month-to-month,No,Mailed check,108.27,664.87,No
5130-RAPVF,Female,0,No,No,69,Yes,Yes,No,No internet service,No internet service,No internet service,No internet service,No internet service,No internet service,Two year,Yes,Credit card (automatic),25.59,1757.37,No
7524-WUSWD,Male,0,Yes,No,1,No,No phone service,DSL,No,No,No,No,Yes,Yes,Two year,Yes,Credit card (automatic),48.76,64.22,Yes
5064-JUOCI,Male,0,Yes,No,8,Yes,No,Fiber optic,No,No,Yes,Yes,Yes,No,Month-to-month,Yes,Credit card (automatic),70.8,575.18,Yes
4971-UQRWU,Female,0,No,Yes,60,Yes,Yes,DSL,No,No,No,Yes,No,No,Two year,Yes,Mailed check,44.79,2705.13,No
7781-XBRQG,Female,0,No,No,60,Yes,No,DSL,No,No,No,Yes,No,No,One year,Yes,Bank transfer (automatic),65.74,3947.53,No
7606-PWYJT,Female,0,No,No,55,Yes,Yes,DSL,No,No,No,No,Yes,No,Month-to-month,No,Credit card (automatic),48.24,2663.77,No
2706-RGFYR,Male,0,No,Yes,1,Yes,No,Fiber optic,No,No,No,No,No,Yes,Month-to-month,No,Credit card (automatic),79.54,66.45,No
7025-HGTVL,Male,0,Yes,No,11,Yes,No,Fiber optic,No,No,No,No,Yes,Yes,Month-to-month,No,Electronic check,112.26,1241.63,No
5005-PTYAH,Female,1,Yes,No,27,Yes,No,No,No internet service,No internet service,No internet service,No internet service,No internet service,No internet service,Two year,Yes,Electronic check,25.17,681.22,No
1851-ROPID,Male,1,Yes,No,6,Yes,Yes,Fiber optic,No,No,No,Yes,No,Yes,Two year,Yes,Mailed check,81.79,489.72,No
1236-EOYUQ,Male,0,No,No,67,Yes,Yes,No,No internet service,No internet service,No internet service,No internet service,No internet service,No internet service,Month-to-month,No,Credit card (automatic),29.86,1989.76,No
8805-FCZNE,Female,0,No,Yes,67,Yes,No,DSL,Yes,No,Yes,Yes,No,Yes,One year,Yes,Mailed check,58.01,3894.2,No
7974-OZLOF,Male,0,Yes,Yes,57,No,No phone service,DSL,No,Yes,No,Yes,No,No,One year,No,Credit card (automatic),66.61,3797.48,No
2236-AOWTF,Male,0,No,Yes,4,Yes,No,Fiber optic,Yes,No,No,Yes,No,No,Month-to-month,Yes,Mailed check,92.95,386.3,No
9346-QOHYZ,Female,0,Yes,No,68,Yes,No,No,No internet service,No internet service,No internet service,No internet service,No internet service,No internet service,Month-to-month,Yes,Bank transfer (automatic),18.0,1207.71,No
4103-MOZYS,Male,0,No,Yes,56,Yes,No,DSL,Yes,No,No,No,No,No,Month-to-month,No,Electronic check,63.46,3536.45,Yes
2457-ZRQZS,Male,1,No,No,52,Yes,No,No,No internet service,No internet service,No internet service,No internet service,No internet service,No internet service,One year,Yes,Credit card (automatic),22.72,1165.52,No
7007-KJYDQ,Female,0,Yes,No,58,Yes,No,DSL,No,Yes,Yes,No,Yes,No,Two year,Yes,Credit card (automatic),59.52,3444.85,No
3430-UBOCC,Male,0,Yes,Yes,19,Yes,Yes,No,No internet service,No internet service,No internet service,No internet service,No internet service,No internet service,Month-to-month,Yes,Electronic check,18.31,360.23,Yes
4339-XAJAW,Male,0,Yes,No,13,Yes,No,Fiber optic,No,Yes,No,Yes,No,Yes,Month-to-month,Yes,Credit card (automatic),90.74,1182.08,Yes
4836-DGFHM,Female,0,Yes,No,7,Yes,Yes,Fiber optic,No,No,Yes,No,Yes,Yes,One year,Yes,Electronic check,79.9,563.6,No
9557-RBBKQ,Female,0,Yes,Yes,53,Yes,No,No,No internet service,No internet service,No internet service,No internet service,No internet service,No internet service,Month-to-month,No,Bank transfer (automatic),20.83,1106.08,No
2655-JTRBL,Female,0,No,Yes,3,Yes,No,No,No internet service,No internet service,No internet service,No internet service,No internet service,No internet service,Month-to-month,No,Credit card (automatic),19.66,62.61,No
9046-RPKIU,Male,0,Yes,Yes,50,Yes,Yes,No,No internet service,No internet service,No internet service,No internet service,No internet service,No internet service,Month-to-month,No,Credit card (automatic),24.16,1188.56,Yes
8487-EIQQZ,Female,0,No,Yes,0,Yes,No,Fiber optic,Yes,No,No,Yes,Yes,Yes,Month-to-month,Yes,Electronic check,86.52,8.21,No
7944-MSESG,Male,1,Yes,No,0,Yes,Yes,No,No internet service,No internet service,No internet service,No internet service,No internet service,No internet service,Two year,No,Electronic check,18.92,11.61,Yes
1533-TDXCM,Female,0,Yes,No,7,Yes,No,Fiber optic,No,No,No,Yes,Yes,Yes,Month-to-month,Yes,Electronic check,105.25,755.64,No
3700-TIMOU,Male,0,Yes,No,11,Yes,No,No,No internet service,No internet service,No internet service,No internet service,No internet service,No internet service,Two year,No,Electronic check,22.24,251.66,No
5821-GDQXR,Female,0,No,No,1,Yes,Yes,Fiber optic,Yes,No,No,Yes,No,Yes,Month-to-month,Yes,Mailed check,95.45,96.57,No
1240-RDIDO,Female,0,Yes,Yes,9,Yes,No,No,No internet service,No internet service,No internet service,No internet service,No internet service,No internet service,Month-to-month,Yes,Electronic check,21.19,191.81,No
5370-DXQAB,Female,0,No,No,56,Yes,No,Fiber optic,Yes,No,No,Yes,Yes,Yes,Month-to-month,Yes,Credit card (automatic),106.06,5932.42,No
9957-EGKBG,Female,1,No,Yes,12,Yes,No,Fiber optic,No,No,No,No,No,No,Two year,Yes,Electronic check,71.3,854.52,Yes
4946-EMMUT,Male,0,No,Yes,9,Yes,No,Fiber optic,No,No,Yes,No,Yes,Yes,Month-to-month,No,Bank transfer (automatic),79.67,698.68,No
8400-FFSIR,Female,1,No,No,17,No,No phone service,Fiber optic,No,No,No,Yes,No,No,Month-to-month,No,Credit card (automatic),93.63,1610.46,Yes
6187-UJWEZ,Female,0,Yes,No,2,Yes,Yes,DSL,No,Yes,No,Yes,Yes,No,One year,No,Credit card (automatic),47.78,79.24,No
6964-WVBNI,Male,0,No,No,2,Yes,No,Fiber optic,No,Yes,No,No,No,Yes,Month-to-month,No,Credit card (automatic),78.12,142.77,Yes
8600-MMKGU,Female,1,No,No,58,Yes,Yes,Fiber optic,No,No,Yes,No,No,No,Month-to-month,Yes,Electronic check,109.11,6328.83,Yes
9075-TQRJN,Male,0,No,No,40,No,No phone service,No,No internet service,No internet service,No internet service,No internet service,No internet service,No internet service,Month-to-month,No,Mailed check,25.22,1006.0,No
7199-CVYLP,Female,0,Yes,No,13,Yes,Yes,Fiber optic,Yes,No,No,No,No,No,Two year,No,Electronic check,87.03,1146.31,No
4719-GKOSE,Female,0,No,No,24,Yes,Yes,Fiber optic,No,No,Yes,No,Yes,No,Two year,Yes,Bank transfer (automatic),76.83,1836.14,Yes
1371-PLFGJ,Female,0,Yes,No,58,Yes,Yes,DSL,Yes,Yes,Yes,No,Yes,No,Month-to-month,Yes,Electronic check,63.44,3688.29,No
6272-OAVBB,Male,0,Yes,No,57,Yes,No,No,No internet service,No internet service,No internet service,No internet service,No internet service,No internet service,One year,Yes,Electronic check,26.0,1478.93,No
5019-BSVQR,Female,1,No,Yes,1,Yes,No,DSL,Yes,No,No,No,No,No,Month-to-month,Yes,Mailed check,51.5,46.78,No
6699-LVSAS,Female,0,No,No,0,Yes,No,No,No internet service,No internet service,No internet service,No internet service,No internet service,No internet service,One year,Yes,Electronic check,29.14,0.0,No
4230-GQWFU,Female,0,No,No,51,Yes,No,Fiber optic,No,No,No,Yes,Yes,No,Month-to-month,No,Mailed check,77.96,3988.5,No
3293-FSDDI,Male,1,No,No,8,Yes,No,DSL,Yes,No,Yes,Yes,Yes,No,Month-to-month,No,Mailed check,55.19,429.41,Yes
2913-OFKCI,Male,0,Yes,No,65,Yes,Yes,No,No internet service,No internet service,No internet service,No internet service,No internet service,No internet service,Two year,No,Bank transfer (automatic),18.28,1168.59,No
9071-NLDJE,Female,0,Yes,No,58,No,No phone service,DSL,No,Yes,No,No,No,No,Month-to-month,No,Bank transfer (automatic),66.43,3866.15,No
8929-XYKIV,Male,0,No,Yes,51,Yes,No,DSL,No,No,No,No,Yes,Yes,Month-to-month,No,Mailed check,43.14,2188.6,Yes
4577-KWHLG,Female,0,Yes,Yes,0,Yes,Yes,DSL,No,No,No,Yes,Yes,No,Two year,Yes,Credit card (automatic),55.54,0.0,No
4353-WVFHI,Female,0,No,No,0,Yes,No,No,No internet service,No internet service,No internet service,No internet service,No internet service,No internet service,Two year,Yes,Bank transfer (automatic),22.31,0.0,No
1890-RWIAQ,Female,1,Yes,No,22,Yes,No,Fiber optic,No,No,No,Yes,Yes,No,Month-to-month,No,Credit card (automatic),78.17,1737.27,No
2164-LGBKE,Female,0,Yes,No,58,Yes,Yes,No,No internet service,No internet service,No internet service,No internet service,No internet service,No internet service,One year,Yes,Bank transfer (automatic),22.41,1306.65,No
2897-JXRGB,Female,0,No,No,70,Yes,No,DSL,No,Yes,Yes,No,No,No,One year,No,Mailed check,60.35,4232.12,No
2099-LMHNH,Female,0,Yes,No,54,Yes,Yes,DSL,No,No,No,No,No,Yes,Month-to-month,No,Mailed check,64.24,3455.06,No
9135-WNBSN,Female,0,No,Yes,14,Yes,Yes,Fiber optic,Yes,Yes,No,No,No,Yes,Two year,No,Electronic check,71.59,1006.83,No
9902-NUWUA,Male,0,Yes,No,7,Yes,No,Fiber optic,Yes,No,No,No,No,Yes,One year,Yes,Credit card (automatic),111.67,796.16,No
5203-ODUQI,Male,0,Yes,No,61,Yes,No,Fiber optic,Yes,No,Yes,Yes,No,No,Two year,No,Credit card (automatic),96.68,5904.68,No
3602-RPUAQ,Male,0,No,No,62,Yes,Yes,Fiber optic,Yes,No,Yes,No,No,Yes,Month-to-month,Yes,Electronic check,79.98,4941.83,Yes
3159-QIEGC,Male,0,Yes,No,56,Yes,Yes,Fiber optic,No,Yes,Yes,No,No,No,Month-to-month,No,Credit card (automatic),91.9,5143.73,No
4879-DKWKM,Male,0,No,No,4,Yes,No,DSL,No,Yes,No,No,No,No,Month-to-month,Yes,Credit card (automatic),61.35,253.86,No
5994-POCSV,Male,0,Yes,No,1,Yes,Yes,Fiber optic,No,No,No,No,No,No,Month-to-month,Yes,Bank transfer (automatic),73.6,57.31,No
2261-NJEYK,Male,0,Yes,No,56,No,No phone service,DSL,No,Yes,No,No,No,No,Month-to-month,No,Bank transfer (automatic),46.62,2605.11,Yes
9467-DRYDK,Female,0,No,No,52,Yes,Yes,No,No internet service,No internet service,No internet service,No internet service,No internet service,No internet service,Month-to-month,No,Credit card (automatic),28.11,1470.25,Yes
2679-MQLFY,Female,0,No,No,1,Yes,No,No,No internet service,No internet service,No internet service,No internet service,No internet service,No internet service,Month-to-month,Yes,Mailed check,20.11,33.6,No
6478-YSVPX,Female,0,Yes,No,61,Yes,No,No,No internet service,No internet service,No internet service,No internet service,No internet service,No internet service,Month-to-month,Yes,Bank transfer (automatic),26.03,1593.34,No
8508-LUMHV,Female,0,No,Yes,53,No,No phone service,DSL,No,Yes,Yes,No,No,Yes,Month-to-month,No,Credit card (automatic),46.65,2485.97,No
2892-TQKRT,Male,0,No,No,65,Yes,No,DSL,No,No,No,Yes,No,Yes,Month-to-month,Yes,Mailed check,43.03,2803.12,No
1406-ICXAG,Male,0,Yes,No,0,Yes,No,Fiber optic,No,No,No,No,No,No,Month-to-month,Yes,Mailed check,100.57,17.29,Yes
2739-BQVGO,Female,0,Yes,Yes,1,Yes,No,Fiber optic,No,No,No,No,No,No,Month-to-month,Yes,Bank transfer (automatic),76.71,57.25,Yes
7583-HQBNU,Female,0,No,No,58,Yes,No,No,No internet service,No internet service,No internet service,No internet service,No internet service,No internet service,Month-to-month,Yes,Mailed check,26.76,1546.06,No
5614-RDTCY,Male,0,Yes,No,6,Yes,No,No,No internet service,No internet service,No internet service,No internet service,No internet service,No internet service,Two year,No,Electronic check,18.44,93.22,No
1145-PUXHB,Female,0,Yes,Yes,11,Yes,Yes,DSL,No,No,No,No,No,No,One year,Yes,Bank transfer (automatic),59.08,645.06,No
2044-KKIIL,Female,0,No,Yes,67,Yes,Yes,No,No internet service,No internet service,No internet service,No internet service,No internet service,No internet service,Two year,Yes,Bank transfer (automatic),29.45,1963.04,No
9566-VKKER,Female,1,Yes,No,55,Yes,No,DSL,No,No,Yes,Yes,No,No,Two year,No,Electronic check,63.86,3502.13,No
1138-XRJJZ,Female,1,No,Yes,66,Yes,No,No,No internet service,No internet service,No internet service,No internet service,No internet service,No internet service,Month-to-month,Yes,Electronic check,23.8,1562.33,No
6455-QLFQA,Male,0,No,No,1,Yes,No,Fiber optic,Yes,No,Yes,Yes,Yes,No,Month-to-month,Yes,Credit card (automatic),98.25,89.82,No
6400-EEGZO,Female,0,No,No,70,Yes,Yes,Fiber optic,Yes,No,No,No,Yes,Yes,Month-to-month,No,Credit card (automatic),97.53,6830.35,Yes
9430-IKJSO,Female,0,No,No,64,Yes,No,Fiber optic,No,Yes,No,No,Yes,No,Month-to-month,Yes,Credit card (automatic),72.0,4613.97,No
6407-VQOJZ,Male,0,Yes,Yes,60,Yes,No,No,No internet service,No internet service,No internet service,No internet service,No internet service,No internet service,Month-to-month,Yes,Bank transfer (automatic),28.84,1720.76,No
1691-SEZJR,Male,0,Yes,No,70,Yes,No,Fiber optic,No,Yes,No,No,Yes,No,Two year,Yes,Mailed check,109.41,7644.38,No
6842-ZZHQT,Female,0,Yes,No,54,Yes,Yes,No,No internet service,No internet service,No internet service,No internet service,No internet service,No internet service,Month-to-month,Yes,Electronic check,29.43,1585.89,No
5938-QTWAY,Male,0,No,Yes,24,Yes,No,DSL,No,No,Yes,Yes,No,No,Two year,No,Mailed check,64.95,1550.69,No
3830-IRUSZ,Female,0,Yes,No,23,Yes,Yes,No,No internet service,No internet service,No internet service,No internet service,No internet service,No internet service,Two year,Yes,Mailed check,28.01,661.0,No
5130-QMMKL,Female,1,Yes,No,59,Yes,No,No,No internet service,No internet service,No internet service,No internet service,No internet service,No internet service,One year,No,Electronic check,18.23,1087.49,No
2776-UHHRP,Male,0,No,Yes,1,Yes,No,Fiber optic,No,No,No,No,Yes,No,Month-to-month,Yes,Mailed check,108.29,123.69,Yes
1308-ZRWQS,Female,0,No,No,61,Yes,No,No,No internet service,No internet service,No internet service,No internet service,No internet service,No internet service,Month-to-month,No,Electronic check,19.64,1182.18,No
2245-OVSOV,Female,0,Yes,No,6,Yes,No,DSL,Yes,No,Yes,No,No,No,Month-to-month,No,Mailed check,55.99,331.26,Yes
8243-LKRAQ,Female,0,Yes,Yes,54,Yes,No,No,No internet service,No internet service,No internet service,No internet service,No internet service,No internet service,Month-to-month,No,Bank transfer (automatic),18.51,1013.49,Yes
8855-WXZPF,Female,0,No,No,8,Yes,Yes,DSL,Yes,No,No,No,Yes,Yes,Two year,Yes,Bank transfer (automatic),67.15,524.21,No
8988-GSRQR,Male,0,No,No,57,Yes,No,Fiber optic,No,No,No,No,No,No,Month-to-month,Yes,Mailed check,92.6,5289.41,Yes
7770-KORZO,Male,0,Yes,Yes,58,Yes,Yes,Fiber optic,No,Yes,No,Yes,No,Yes,Month-to-month,Yes,Electronic check,103.98,6045.78,Yes
8244-GOKDB,Female,0,Yes,Yes,7,Yes,No,Fiber optic,No,No,Yes,No,No,Yes,Two year,No,Credit card (automatic),97.0,669.96,Yes
9457-WOWSL,Male,0,No,Yes,56,Yes,No,Fiber optic,No,No,Yes,No,Yes,No,Month-to-month,Yes,Credit card (automatic),105.17,5908.2,No
4674-BOITU,Female,1,No,Yes,5,Yes,No,DSL,No,Yes,No,No,No,Yes,One year,Yes,Bank transfer (automatic),69.93,363.11,No
8815-QZQBM,Female,0,No,Yes,5,No,No phone service,No,No internet service,No internet service,No internet service,No internet service,No internet service,No internet service,One year,No,Credit card (automatic),25.93,116.38,Yes
6762-FRFAD,Female,0,Yes,No,70,No,No phone service,DSL,No,Yes,No,No,Yes,Yes,Month-to-month,Yes,Credit card (automatic),62.02,4344.36,Yes
1533-TQCWA,Female,0,Yes,Yes,5,Yes,Yes,Fiber optic,No,No,No,No,No,No,Two year,Yes,Electronic check,75.04,364.4,No
4830-IRWTG,Female,0,No,No,0,Yes,No,No,No internet service,No internet service,No internet service,No internet service,No internet service,No internet service,Two year,Yes,Electronic check,23.13,0.0,No
4971-HIBUU,Male,0,Yes,No,14,Yes,No,No,No internet service,No internet service,No internet service,No internet service,No internet service,No internet service,Month-to-month,Yes,Electronic check,23.29,326.46,No
8553-WOZHB,Female,0,Yes,No,52,Yes,No,Fiber optic,Yes,No,Yes,No,No,Yes,Month-to-month,No,Mailed check,105.01,5467.36,No
9057-OBLRN,Male,0,Yes,No,55,No,No phone service,Fiber optic,No,Yes,Yes,No,No,No,Month-to-month,No,Bank transfer (automatic),91.89,5058.55,No
4190-AWDWF,Male,0,No,No,0,Yes,No,Fiber optic,No,Yes,Yes,No,No,No,One year,Yes,Electronic check,109.95,0.0,No
1387-VFUBZ,Female,0,No,Yes,57,Yes,Yes,Fiber optic,Yes,Yes,No,No,No,No,One year,Yes,Mailed check,102.84,5863.16,Yes
2434-ZDDDO,Female,0,No,Yes,0,Yes,Yes,Fiber optic,No,No,No,No,No,No,Month-to-month,No,Credit card (automatic),104.09,0.0,No
1144-MZIND,Female,1,No,Yes,68,Yes,Yes,Fiber optic,No,Yes,Yes,No,Yes,No,Month-to-month,Yes,Bank transfer (automatic),91.91,6252.27,No
7439-OQZKH,Female,0,No,No,20,Yes,No,Fiber optic,No,No,No,No,Yes,Yes,Two year,No,Mailed check,87.52,1769.49,Yes
5774-MHEVY,Female,0,No,No,63,Yes,Yes,Fiber optic,Yes,Yes,No,No,No,No,Month-to-month,Yes,Mailed check,91.08,5740.64,Yes
5616-XNSHQ,Male,0,Yes,No,14,Yes,No,Fiber optic,No,No,No,Yes,Yes,Yes,One year,Yes,Mailed check,92.03,1303.22,Yes
7829-RKTEP,Female,1,Yes,No,0,Yes,Yes,Fiber optic,No,No,No,No,No,Yes,Two year,No,Mailed check,72.65,14.78,No
7832-RIYNW,Female,0,No,No,57,Yes,No,DSL,No,No,Yes,No,No,No,Month-to-month,No,Electronic check,50.47,2895.0,No
4735-JFZVM,Male,0,Yes,Yes,68,Yes,No,No,No internet service,No internet service,No internet service,No internet service,No internet service,No internet service,One year,Yes,Bank transfer (automatic),20.55,1380.15,No
3893-VHIZG,Male,0,No,No,13,Yes,Yes,No,No internet service,No internet service,No internet service,No internet service,No internet service,No internet service,Month-to-month,Yes,Bank transfer (automatic),20.88,277.1,No
6744-HBFIZ,Female,0,Yes,No,3,Yes,Yes,DSL,No,No,Yes,No,No,Yes,Two year,No,Electronic check,60.35,197.77,No
6116-TCDHO,Male,0,Yes,Yes,5,Yes,No,No,No internet service,No internet service,No internet service,No internet service,No internet service,No internet service,Month-to-month,No,Electronic check,23.62,129.7,Yes
7716-HZZQN,Female,0,No,Yes,63,Yes,No,Fiber optic,No,Yes,Yes,No,No,Yes,Month-to-month,Yes,Credit card (automatic),96.14,6054.73,No
1557-MLGIS,Male,1,No,No,71,Yes,No,DSL,No,No,No,No,No,Yes,Month-to-month,Yes,Electronic check,62.71,4443.19,No
6942-BRXJZ,Male,0,No,No,59,Yes,Yes,Fiber optic,Yes,No,No,Yes,No,No,Two year,Yes,Bank transfer (automatic),74.7,4401.14,No
9553-OSLGA,Female,1,No,No,4,Yes,No,DSL,No,No,No,No,Yes,No,Month-to-month,No,Mailed check,53.97,200.78,Yes
1995-VWATD,Male,0,Yes,No,65,Yes,No,No,No internet service,No internet service,No internet service,No internet service,No internet service,No internet service,Month-to-month,Yes,Electronic check,28.65,1850.65,No
2461-LYPRJ,Male,0,Yes,No,15,Yes,Yes,DSL,No,Yes,No,No,No,Yes,Month-to-month,Yes,Electronic check,50.26,762.43,Yes
1156-YUDXL,Male,1,No,No,7,Yes,No,DSL,Yes,No,No,No,No,No,Month-to-month,Yes,Credit card (automatic),66.96,455.66,Yes
1518-RCYPX,Male,0,Yes,Yes,67,Yes,No,DSL,Yes,No,No,Yes,No,Yes,Two year,Yes,Bank transfer (automatic),55.54,3734.48,No
6997-LNZSO,Male,0,Yes,No,58,Yes,Yes,DSL,Yes,No,No,No,No,No,Month-to-month,No,Electronic check,59.39,3434.79,No
4240-SXAPM,Male,0,Yes,No,2,Yes,No,Fiber optic,No,No,No,No,Yes,Yes,One year,Yes,Electronic check,109.79,215.88,Yes
6512-GGVWL,Female,0,Yes,Yes,65,Yes,No,Fiber optic,No,No,No,Yes,No,No,Two year,Yes,Electronic check,75.65,4909.24,No
6252-OXVYF,Female,0,No,No,3,Yes,Yes,DSL,No,Yes,No,No,No,No,Two year,Yes,Mailed check,67.94,196.9,No
6141-FGRBE,Male,0,No,No,2,Yes,No,Fiber optic,Yes,No,No,No,No,No,One year,No,Electronic check,86.99,186.44,No
8884-VHTLE,Female,0,No,No,1,Yes,Yes,Fiber optic,Yes,No,Yes,Yes,No,Yes,Month-to-month,Yes,Credit card (automatic),73.48,82.36,Yes
6619-KPRJW,Female,0,No,No,6,Yes,No,Fiber optic,No,No,No,No,No,No,Month-to-month,Yes,Electronic check,79.92,474.99,No
6464-XVBNV,Female,0,Yes,No,12,Yes,No,DSL,No,No,No,No,Yes,No,Two year,No,Mailed check,50.01,594.51,No
9608-SFYKW,Male,0,Yes,No,65,Yes,No,Fiber optic,No,No,Yes,No,No,Yes,Two year,No,Mailed check,103.36,6725.24,No
7040-IGEWT,Female,0,Yes,No,58,Yes,No,Fiber optic,Yes,Yes,No,No,No,No,Month-to-month,Yes,Electronic check,102.36,5944.51,Yes
8385-VEWUJ,Male,0,Yes,No,10,Yes,Yes,Fiber optic,No,No,No,No,No,No,Two year,Yes,Mailed check,94.06,922.44,No
9509-HBLIR,Female,0,Yes,No,66,Yes,No,Fiber optic,No,Yes,Yes,No,No,No,Two year,Yes,Mailed check,80.16,5279.19,No
6216-UADQL,Male,0,Yes,No,58,Yes,No,DSL,No,No,Yes,Yes,No,Yes,Two year,Yes,Electronic check,52.69,3059.31,No
1255-RLTIO,Male,0,No,No,53,Yes,No,Fiber optic,No,Yes,No,No,No,No,One year,No,Credit card (automatic),93.58,4963.26,No
1410-HLNEM,Female,1,No,No,63,Yes,No,Fiber optic,Yes,No,No,No,No,Yes,Two year,No,Mailed check,99.66,6266.33,No
4539-RUOIH,Female,0,No,Yes,2,Yes,No,Fiber optic,No,Yes,No,No,Yes,Yes,Two year,No,Credit card (automatic),95.33,173.3,Yes
5477-ZDWMJ,Male,0,No,Yes,25,Yes,No,DSL,No,No,Yes,No,No,No,Month-to-month,No,Bank transfer (automatic),45.24,1150.19,Yes
3304-AWFUV,Female,0,Yes,No,67,Yes,No,Fiber optic,No,No,No,No,Yes,Yes,Two year,Yes,Electronic check,71.12,4750.11,No
7304-HKQGC,Female,0,Yes,No,0,Yes,Yes,DSL,No,No,No,No,Yes,No,Month-to-month,Yes,Bank transfer (automatic),54.74,14.89,Yes
6424-WHGAO,Female,0,Yes,No,58,Yes,Yes,Fiber optic,No,No,No,No,No,No,Month-to-month,Yes,Mailed check,93.44,5413.51,No
6192-PYSQY,Male,0,Yes,No,52,Yes,No,DSL,No,No,Yes,No,No,Yes,Two year,Yes,Bank transfer (automatic),42.1,2203.3,No
7077-PUBHU,Male,0,Yes,No,71,Yes,Yes,Fiber optic,Yes,Yes,No,No,Yes,Yes,One year,No,Bank transfer (automatic),105.83,7518.95,No
3220-ZKGUC,Female,1,Yes,No,12,Yes,Yes,DSL,No,No,No,No,No,No,Two year,No,Bank transfer (automatic),65.49,767.86,No
2379-TRCEG,Female,0,No,No,10,Yes,Yes,No,No internet service,No internet service,No internet service,No internet service,No internet service,No internet service,Month-to-month,No,Bank transfer (automatic),21.35,229.96,No
8998-XJBUJ,Female,0,No,No,6,Yes,Yes,No,No internet service,No internet service,No internet service,No internet service,No internet service,No internet service,Month-to-month,Yes,Electronic check,29.75,189.32,Yes
1985-TZEXY,Male,0,No,No,7,Yes,Yes,No,No internet service,No internet service,No internet service,No internet service,No internet service,No internet service,Month-to-month,No,Credit card (automatic),25.36,176.08,Yes
1001-OHRVM,Male,1,Yes,No,64,Yes,Yes,No,No internet service,No internet service,No internet service,No internet service,No internet service,No internet service,Month-to-month,Yes,Mailed check,22.99,1475.14,No
6648-HVQLQ,Female,0,No,No,69,Yes,Yes,No,No internet service,No internet service,No internet service,No internet service,No internet service,No internet service,One year,No,Credit card (automatic),27.99,1924.45,No
7997-FDKMN,Female,0,No,No,6,Yes,Yes,No,No internet service,No internet service,No internet service,No internet service,No internet service,No internet service,Month-to-month,No,Electronic check,24.5,132.83,No
4410-BETHX,Female,0,No,No,67,Yes,Yes,DSL,Yes,Yes,No,No,No,Yes,Month-to-month,Yes,Mailed check,64.18,4282.36,No
4431-CGWTI,Female,0,Yes,Yes,3,No,No phone service,Fiber optic,Yes,Yes,Yes,No,No,Yes,Month-to-month,Yes,Credit card (automatic),88.86,268.21,Yes
2367-JXBJD,Female,0,No,Yes,12,Yes,No,DSL,No,No,Yes,Yes,Yes,No,Two year,Yes,Credit card (automatic),63.43,748.34,No
6715-NNFKL,Female,0,No,No,56,Yes,Yes,Fiber optic,No,No,Yes,No,No,Yes,Month-to-month,Yes,Credit card (automatic),75.59,4227.23,Yes
4551-JEDLE,Male,0,Yes,Yes,13,Yes,No,Fiber optic,No,No,No,Yes,No,No,One year,Yes,Electronic check,75.08,968.13,No
6914-TGCQS,Female,0,Yes,No,64,Yes,Yes,No,No internet service,No internet service,No internet service,No internet service,No internet service,No internet service,Month-to-month,Yes,Bank transfer (automatic),18.57,1183.48,No
9324-BNKBF,Male,0,Yes,Yes,63,Yes,Yes,No,No internet service,No internet service,No internet service,No internet service,No internet service,No internet service,Month-to-month,Yes,Electronic check,22.84,1425.72,No
2750-XAVQQ,Female,0,No,No,61,Yes,No,DSL,No,No,No,No,No,Yes,Two year,Yes,Bank transfer (automatic),50.48,3090.61,No
5953-OCTPD,Female,0,No,Yes,4,Yes,No,Fiber optic,Yes,No,No,No,Yes,No,Month-to-month,Yes,Credit card (automatic),89.54,367.52,Yes
7304-UDJDI,Male,0,Yes,Yes,71,Yes,Yes,Fiber optic,No,Yes,No,No,Yes,No,One year,Yes,Mailed check,77.16,5491.11,No
4701-OZQUM,Male,0,Yes,Yes,58,Yes,Yes,Fiber optic,No,No,No,No,No,No,One year,Yes,Mailed check,82.73,4797.83,No
5570-TJGVL,Male,0,No,No,21,Yes,Yes,Fiber optic,No,Yes,No,Yes,No,No,One year,Yes,Mailed check,106.06,2235.41,Yes
7302-CEKOA,Male,0,Yes,No,2,Yes,No,No,No internet service,No internet service,No internet service,No internet service,No internet service,No internet service,One year,Yes,Electronic check,27.07,39.52,No
1053-ODAOG,Female,0,Yes,No,3,Yes,Yes,No,No internet service,No internet service,No internet service,No internet service,No internet service,No internet service,Two year,Yes,Credit card (automatic),29.07,90.81,No
2980-XDKNW,Male,0,Yes,No,12,Yes,Yes,DSL,No,No,Yes,No,No,Yes,One year,Yes,Mailed check,46.62,576.81,Yes
4716-WZAOB,Female,0,No,No,3,Yes,No,Fiber optic,Yes,No,No,No,Yes,Yes,Month-to-month,Yes,Credit card (automatic),85.86,249.85,No
3071-EYIJE,Male,0,No,No,4,Yes,Yes,Fiber optic,No,Yes,No,No,No,No,Month-to-month,Yes,Bank transfer (automatic),86.12,349.0,No
8552-LAJPO,Female,0,Yes,No,5,Yes,Yes,Fiber optic,No,No,No,No,Yes,No,Two year,No,Electronic check,82.82,402.93,Yes
3783-TUJML,Female,0,No,Yes,60,Yes,Yes,Fiber optic,No,No,No,Yes,Yes,No,Two year,No,Bank transfer (automatic),104.54,6264.34,No
9668-YTNKP,Female,1,No,Yes,51,Yes,Yes,No,No internet service,No internet service,No internet service,No internet service,No internet service,No internet service,Month-to-month,No,Electronic check,22.82,1181.95,No
4046-TDMUS,Female,0,Yes,No,7,Yes,Yes,DSL,Yes,No,Yes,No,No,Yes,Month-to-month,Yes,Electronic check,46.84,311.45,Yes
3593-JGIRS,Female,1,No,Yes,0,Yes,No,Fiber optic,No,No,No,Yes,Yes,No,Month-to-month,No,Electronic check,74.24,10.84,No
5954-AVQTT,Female,0,Yes,No,0,Yes,No,No,No internet service,No internet service,No internet service,No internet service,No internet service,No internet service,One year,No,Electronic check,25.22,14.99,Yes
7013-TPKYC,Male,1,No,No,20,Yes,Yes,Fiber optic,No,No,No,No,No,No,Month-to-month,No,Bank transfer (automatic),105.02,2104.35,No
5802-MBNBB,Female,0,Yes,No,5,Yes,No,Fiber optic,No,Yes,No,Yes,No,No,Two year,Yes,Electronic check,99.25,476.93,No
5887-OSYQF,Male,0,No,Yes,0,Yes,No,DSL,No,Yes,No,Yes,No,No,Two year,No,Bank transfer (automatic),47.31,10.34,No
5569-XHIMW,Male,0,Yes,No,56,No,No phone service,DSL,Yes,No,Yes,No,Yes,Yes,Two year,Yes,Electronic check,58.4,3266.37,No
8461-XHZGJ,Female,0,No,No,25,Yes,No,Fiber optic,Yes,No,No,No,No,Yes,Month-to-month,Yes,Credit card (automatic),71.48,1797.69,Yes
1283-HOLPF,Male,0,Yes,No,4,Yes,No,Fiber optic,No,No,Yes,No,Yes,Yes,Two year,No,Mailed check,81.49,311.09,No
8786-DYOEX,Female,0,No,No,68,No,No phone service,Fiber optic,No,Yes,Yes,Yes,No,No,One year,No,Mailed check,100.23,6820.39,No
6861-HUSZJ,Male,0,Yes,Yes,8,Yes,Yes,No,No internet service,No internet service,No internet service,No internet service,No internet service,No internet service,Month-to-month,No,Electronic check,22.11,171.8,Yes
8595-LBDCJ,Female,0,No,No,0,Yes,No,DSL,Yes,Yes,No,No,No,No,Month-to-month,No,Bank transfer (automatic),59.5,0.0,No
7119-PMDMT,Male,0,No,No,3,Yes,Yes,DSL,No,Yes,No,No,Yes,No,One year,No,Credit card (automatic),47.64,144.16,No
6601-KNEVU,Female,0,Yes,Yes,5,Yes,No,DSL,No,Yes,No,Yes,No,No,Two year,Yes,Electronic check,46.39,235.66,No
1637-SBVAT,Female,0,No,Yes,11,Yes,No,Fiber optic,Yes,No,No,No,No,No,Month-to-month,Yes,Bank transfer (automatic),82.71,926.85,No
8713-HMDVF,Female,0,Yes,No,0,Yes,Yes,No,No internet service,No internet service,No internet service,No internet service,No internet service,No internet service,Month-to-month,Yes,Bank transfer (automatic),19.21,16.91,No
7434-SZSVJ,Female,0,No,No,54,Yes,Yes,No,No internet service,No internet service,No internet service,No internet service,No internet service,No internet service,Month-to-month,No,Mailed check,21.57,1172.75,No
8482-IPVNE,Male,1,No,No,7,Yes,Yes,Fiber optic,No,No,Yes,No,Yes,No,Two year,Yes,Mailed check,85.89,596.37,No
7819-MXKGS,Female,0,Yes,Yes,56,Yes,No,DSL,No,No,No,Yes,Yes,Yes,Two year,No,Electronic check,42.15,2341.57,No
9472-CKYQC,Male,0,No,No,65,Yes,No,Fiber optic,No,No,Yes,No,Yes,Yes,Month-to-month,No,Credit card (automatic),76.36,4972.06,No
6960-IXBPY,Male,0,Yes,No,6,Yes,No,No,No internet service,No internet service,No internet service,No internet service,No internet service,No internet service,Month-to-month,Yes,Mailed check,29.26,171.5,Yes
2592-JBIKU,Male,0,Yes,No,58,Yes,No,Fiber optic,No,Yes,No,Yes,No,Yes,Two year,Yes,Electronic check,92.24,5342.26,No
8595-WTJDM,Female,0,No,No,50,Yes,Yes,DSL,No,No,Yes,No,Yes,No,One year,Yes,Credit card (automatic),59.67,2977.15,No
3889-JCPVO,Male,0,No,No,0,Yes,No,Fiber optic,No,Yes,No,No,Yes,No,Two year,No,Electronic check,82.42,0.0,Yes
9105-QPMIP,Male,0,Yes,Yes,10,Yes,No,DSL,No,Yes,Yes,No,No,Yes,Two year,No,Bank transfer (automatic),42.3,410.62,No
4286-ARLFV,Male,1,Yes,No,5,Yes,No,Fiber optic,No,No,No,Yes,No,Yes,Month-to-month,No,Electronic check,91.54,466.13,Yes
2171-DLWLZ,Female,0,No,No,1,Yes,No,No,No internet service,No internet service,No internet service,No internet service,No internet service,No internet service,One year,No,Bank transfer (automatic),18.97,12.95,Yes
6057-FIQMG,Female,0,Yes,No,5,Yes,Yes,DSL,No,No,No,No,Yes,No,Month-to-month,No,Bank transfer (automatic),68.78,326.03,Yes
9992-SLKIK,Male,1,No,No,11,Yes,Yes,Fiber optic,No,Yes,No,Yes,No,Yes,Two year,Yes,Bank transfer (automatic),112.94,1234.19,Yes
9359-TCNKD,Female,0,No,No,70,Yes,Yes,DSL,Yes,No,No,Yes,No,Yes,One year,Yes,Mailed check,48.73,3426.53,No
4901-DZJTN,Female,0,Yes,No,11,Yes,No,No,No internet service,No internet service,No internet service,No internet service,No internet service,No internet service,Two year,Yes,Mailed check,22.06,258.5,No
1405-QFDQP,Male,0,Yes,No,60,Yes,No,DSL,Yes,Yes,No,No,No,No,Two year,No,Credit card (automatic),42.23,2543.99,No
9681-EJMFW,Male,0,No,Yes,4,Yes,No,Fiber optic,No,No,Yes,Yes,No,No,Month-to-month,No,Electronic check,114.21,440.34,No
2330-QLRFX,Female,0,Yes,No,15,No,No phone service,DSL,No,Yes,Yes,No,No,No,Month-to-month,Yes,Credit card (automatic),69.72,1062.67,Yes
6984-IWDBB,Male,0,No,Yes,0,Yes,Yes,No,No internet service,No internet service,No internet service,No internet service,No internet service,No internet service,Month-to-month,Yes,Mailed check,21.63,15.57,No
9793-IBUFL,Female,0,No,No,7,Yes,No,DSL,No,No,No,No,No,No,Two year,No,Electronic check,61.14,413.56,No
4263-ZYGFD,Female,1,No,Yes,55,Yes,Yes,Fiber optic,No,No,No,No,Yes,No,Two year,Yes,Bank transfer (automatic),81.17,4460.98,Yes
1124-XFYOL,Female,0,Yes,No,70,Yes,Yes,DSL,Yes,Yes,Yes,Yes,No,Yes,Two year,No,Electronic check,52.14,3650.42,No
8479-YHSRI,Female,1,Yes,No,13,Yes,No,No,No internet service,No internet service,No internet service,No internet service,No internet service,No internet service,One year,Yes,Mailed check,26.13,319.75,No
8535-VMUDW,Female,1,No,No,1,Yes,No,Fiber optic,Yes,No,No,No,No,Yes,Month-to-month,Yes,Bank transfer (automatic),81.9,73.6,Yes
7914-YRCSS,Female,0,No,Yes,66,Yes,No,DSL,No,Yes,No,Yes,No,Yes,Month-to-month,No,Mailed check,62.81,4136.54,No
9514-YFEVQ,Male,0,No,No,2,Yes,No,Fiber optic,No,No,Yes,No,Yes,Yes,Month-to-month,No,Electronic check,73.46,148.31,No
6755-ASLHV,Male,0,Yes,No,0,Yes,No,No,No internet service,No internet service,No internet service,No internet service,No internet service,No internet service,One year,Yes,Bank transfer (automatic),19.7,0.0,Yes
9777-MUKFU,Female,0,No,Yes,54,Yes,No,Fiber optic,No,No,Yes,No,Yes,No,Two year,Yes,Bank transfer (automatic),86.17,4651.15,No
6869-ARCOK,Female,0,Yes,No,7,Yes,No,Fiber optic,No,No,No,No,Yes,No,Month-to-month,No,Electronic check,110.77,768.6,Yes
2460-EOZIH,Female,1,No,No,30,Yes,Yes,Fiber optic,Yes,No,No,No,Yes,No,Two year,Yes,Bank transfer (automatic),99.79,2995.99,No
4940-NTFDN,Male,0,No,No,69,Yes,Yes,Fiber optic,Yes,No,Yes,Yes,No,Yes,Month-to-month,Yes,Credit card (automatic),97.2,6701.75,No
9569-BJUMQ,Female,0,No,No,51,Yes,No,Fiber optic,Yes,Yes,No,Yes,Yes,No,Month-to-month,Yes,Electronic check,112.84,5741.81,Yes
7539-QJYYD,Male,0,Yes,No,68,Yes,No,DSL,Yes,Yes,No,Yes,No,No,Month-to-month,Yes,Credit card (automatic),57.16,3897.48,No
3958-NCLSG,Female,0,No,No,71,No,No phone service,No,No internet service,No internet service,No internet service,No internet service,No internet service,No internet service,Month-to-month,No,Electronic check,26.27,1849.49,No
7816-PFOCI,Female,0,Yes,No,58,Yes,Yes,DSL,No,Yes,No,Yes,No,Yes,Two year,No,Mailed check,69.25,4019.12,No
5138-UEFTY,Male,0,No,Yes,50,Yes,No,Fiber optic,Yes,Yes,Yes,No,No,No,Month-to-month,Yes,Credit card (automatic),78.69,3920.88,Yes
1759-JVHFM,Male,0,Yes,Yes,5,Yes,No,DSL,Yes,Yes,No,No,No,Yes,Month-to-month,No,Electronic check,63.3,328.52,Yes
5220-OSWDH,Female,0,Yes,No,2,Yes,No,No,No internet service,No internet service,No internet service,No internet service,No internet service,No internet service,Two year,No,Bank transfer (automatic),22.5,43.88,No
1164-PXRVB,Female,0,Yes,No,9,Yes,No,No,No internet service,No internet service,No internet service,No internet service,No internet service,No internet service,Two year,No,Electronic check,18.87,177.6,No
8007-FCGWZ,Female,0,No,Yes,0,Yes,No,No,No internet service,No internet service,No internet service,No internet service,No internet service,No internet service,One year,Yes,Mailed check,23.07,0.0,No
7038-LBIPI,Male,0,No,No,68,Yes,Yes,DSL,No,No,Yes,Yes,No,No,Month-to-month,Yes,Bank transfer (automatic),41.09,2777.43,No
2849-FYOGD,Male,0,No,No,6,Yes,Yes,Fiber optic,No,Yes,No,No,No,No,Month-to-month,No,Mailed check,88.28,523.73,No
2087-DYNGE,Male,0,No,Yes,51,Yes,Yes,DSL,No,Yes,No,Yes,No,Yes,Month-to-month,No,Electronic check,52.3,2664.37,No
5048-CMOFY,Male,0,No,Yes,61,Yes,No,No,No internet service,No internet service,No internet service,No internet service,No internet service,No internet service,Month-to-month,No,Electronic check,21.56,1325.44,No
7322-UKCBA,Male,0,Yes,No,67,Yes,Yes,Fiber optic,No,No,No,No,No,Yes,Two year,Yes,Mailed check,95.39,6381.97,No
3053-EROSD,Male,1,No,No,1,Yes,No,Fiber optic,No,Yes,Yes,Yes,No,Yes,Month-to-month,No,Electronic check,98.52,115.17,Yes
6416-QQEKV,Female,0,No,No,1,Yes,No,Fiber optic,No,Yes,No,No,Yes,No,Month-to-month,No,Mailed check,72.2,89.07,No
4055-NEOFT,Female,0,Yes,No,20,Yes,Yes,Fiber optic,No,Yes,Yes,No,No,No,One year,Yes,Credit card (automatic),75.85,1510.58,No
6641-MDXVO,Male,1,Yes,No,22,Yes,No,Fiber optic,No,No,No,Yes,No,No,Two year,Yes,Mailed check,73.17,1598.97,No
5123-AAXNP,Female,0,Yes,No,58,Yes,Yes,Fiber optic,Yes,Yes,No,No,Yes,No,Month-to-month,Yes,Electronic check,79.14,4600.71,Yes
6802-JSFBF,Female,0,Yes,Yes,51,Yes,Yes,Fiber optic,Yes,No,No,No,No,Yes,Month-to-month,Yes,Bank transfer (automatic),73.17,3730.73,No
5409-UJDSY,Male,1,Yes,No,8,Yes,Yes,Fiber optic,No,No,No,No,No,Yes,Month-to-month,No,Mailed check,88.6,708.61,Yes
7990-GRJIP,Female,0,Yes,No,54,Yes,Yes,Fiber optic,No,Yes,No,Yes,Yes,No,Month-to-month,Yes,Electronic check,81.62,4419.1,No
4884-QESJZ,Male,0,No,No,51,Yes,No,No,No internet service,No internet service,No internet service,No internet service,No internet service,No internet service,Month-to-month,Yes,Bank transfer (automatic),19.96,1015.14,No
2331-IJDSI,Male,1,Yes,No,5,Yes,No,DSL,No,No,No,No,No,Yes,One year,No,Credit card (automatic),54.4,271.98,No
8966-IKGUG,Female,0,Yes,Yes,17,Yes,No,DSL,Yes,Yes,Yes,No,Yes,Yes,Month-to-month,No,Bank transfer (automatic),53.35,917.94,Yes
4307-OEBWI,Male,0,No,No,55,Yes,No,Fiber optic,Yes,Yes,Yes,No,No,No,Month-to-month,Yes,Credit card (automatic),86.11,4725.24,No
7713-WRNEU,Male,0,No,No,15,Yes,No,Fiber optic,No,No,No,Yes,No,No,Month-to-month,No,Electronic check,95.14,1444.0,Yes
8185-BSBWU,Male,0,Yes,No,8,Yes,No,DSL,No,No,Yes,No,Yes,No,Two year,Yes,Mailed check,49.35,399.51,No
7307-QWIDS,Male,0,No,Yes,3,Yes,No,DSL,No,Yes,No,No,No,No,One year,No,Electronic check,61.67,191.32,Yes
9248-KOVTM,Male,0,Yes,No,57,Yes,No,Fiber optic,Yes,No,No,Yes,Yes,No,Two year,Yes,Credit card (automatic),94.55,5407.69,No
3001-DYFUV,Male,1,Yes,No,8,Yes,No,Fiber optic,Yes,No,No,No,Yes,No,Month-to-month,No,Electronic check,71.16,552.08,Yes
2147-TPJDD,Male,1,Yes,Yes,0,Yes,No,Fiber optic,Yes,No,No,No,Yes,Yes,Two year,No,Credit card (automatic),92.38,0.0,Yes
9122-UIFHZ,Male,1,No,Yes,0,Yes,Yes,No,No internet service,No internet service,No internet service,No internet service,No internet service,No internet service,Month-to-month,Yes,Mailed check,25.96,5.41,No
8551-OTLYU,Female,0,No,No,7,Yes,No,Fiber optic,Yes,No,No,No,Yes,No,Month-to-month,No,Credit card (automatic),76.65,521.66,Yes
7108-HQDFK,Female,0,No,Yes,65,Yes,No,No,No internet service,No internet service,No internet service,No internet service,No internet service,No internet service,Two year,No,Credit card (automatic),27.82,1804.24,No
7787-CPSVL,Female,1,No,No,54,Yes,No,DSL,No,No,No,No,No,Yes,Two year,No,Electronic check,54.09,2925.15,No
1298-GJANF,Male,1,No,No,8,Yes,Yes,DSL,No,No,Yes,No,No,Yes,Two year,No,Credit card (automatic),68.34,532.69,No
1129-GWPMO,Male,0,No,No,50,Yes,Yes,DSL,No,No,No,No,No,No,Two year,No,Credit card (automatic),65.26,3257.75,No
5129-CRZRO,Female,0,No,No,8,No,No phone service,No,No internet service,No internet service,No internet service,No internet service,No internet service,No internet service,Month-to-month,Yes,Mailed check,18.12,146.37,No
9648-NKUKW,Female,0,Yes,No,3,Yes,Yes,Fiber optic,No,No,No,No,No,No,Month-to-month,Yes,Bank transfer (automatic),109.81,339.17,Yes
2089-NKFPM,Female,0,Yes,No,66,Yes,Yes,DSL,No,Yes,No,No,No,No,Month-to-month,Yes,Mailed check,52.58,3452.13,Yes
6460-BAKPZ,Male,0,No,Yes,0,Yes,Yes,Fiber optic,No,No,No,No,No,No,Month-to-month,Yes,Mailed check,103.43,0.0,Yes
2578-MEFLY,Female,1,No,Yes,68,Yes,Yes,DSL,Yes,Yes,No,No,Yes,Yes,Two year,Yes,Electronic check,51.1,3469.11,No
1860-KLSBA,Female,0,No,Yes,15,Yes,Yes,Fiber optic,No,No,No,Yes,No,No,Month-to-month,No,Bank transfer (automatic),86.6,1281.51,Yes
9281-KIQBL,Male,0,Yes,No,16,Yes,No,DSL,Yes,No,No,No,Yes,No,Two year,Yes,Electronic check,50.07,801.49,No
1832-YCJTO,Female,0,No,No,7,No,No phone service,DSL,No,No,Yes,No,Yes,No,One year,Yes,Electronic check,50.95,370.09,Yes
5313-EABWN,Male,0,No,Yes,26,Yes,No,DSL,No,No,No,Yes,No,No,Month-to-month,No,Mailed check,42.39,1105.48,No
7567-UHIIQ,Male,0,Yes,No,25,Yes,No,DSL,No,No,Yes,No,Yes,No,Month-to-month,No,Mailed check,67.12,1695.06,Yes
5750-ROVGJ,Male,0,No,No,69,No,No phone service,Fiber optic,No,No,Yes,Yes,No,Yes,Month-to-month,Yes,Bank transfer (automatic),89.54,6179.75,No
2423-TBPGT,Female,0,No,No,13,Yes,Yes,Fiber optic,No,No,Yes,No,Yes,No,Two year,No,Mailed check,96.83,1260.24,Yes
6188-EIKEU,Female,0,No,Yes,0,Yes,Yes,DSL,No,Yes,No,No,No,Yes,Two year,No,Electronic check,56.71,12.88,Yes
4110-RKJNV,Male,0,No,No,28,Yes,No,Fiber optic,No,No,No,No,No,No,Month-to-month,No,Electronic check,73.21,2068.3,Yes
6214-HUUFD,Female,0,Yes,No,53,Yes,No,DSL,No,No,Yes,Yes,No,No,Two year,Yes,Bank transfer (automatic),46.48,2479.27,No
3113-MXUUC,Female,0,Yes,Yes,69,Yes,No,Fiber optic,No,No,No,No,Yes,No,One year,No,Mailed check,99.71,6866.57,No
7240-PVKRL,Female,1,No,No,69,Yes,Yes,DSL,No,No,Yes,Yes,Yes,No,Two year,Yes,Electronic check,54.98,3813.42,No
7051-JWNNV,Female,0,No,Yes,60,Yes,Yes,DSL,No,Yes,No,Yes,No,No,Month-to-month,No,Bank transfer (automatic),52.71,3156.75,No
3532-UFOHD,Male,0,No,No,56,No,No phone service,DSL,Yes,No,Yes,No,Yes,No,Month-to-month,No,Electronic check,52.18,2915.42,No
3022-VQAYJ,Female,0,Yes,No,68,Yes,Yes,Fiber optic,No,Yes,No,Yes,No,No,Month-to-month,No,Electronic check,84.94,5784.68,No
2630-LTSWP,Male,1,Yes,No,55,Yes,Yes,No,No internet service,No internet service,No internet service,No internet service,No internet service,No internet service,Month-to-month,No,Electronic check,27.42,1507.56,No
6558-NIUEU,Male,0,Yes,Yes,50,No,No phone service,DSL,No,No,No,No,Yes,Yes,Month-to-month,Yes,Mailed check,68.83,3425.05,No
6877-TKDIP,Female,0,Yes,No,6,Yes,Yes,DSL,No,No,No,Yes,Yes,Yes,Month-to-month,Yes,Credit card (automatic),63.75,395.88,Yes
7140-PTJXZ,Male,0,No,Yes,65,No,No phone service,DSL,No,No,No,Yes,No,No,One year,Yes,Credit card (automatic),66.85,4359.83,No
1189-CGQUH,Female,0,No,No,65,Yes,No,Fiber optic,No,No,No,No,No,No,Month-to-month,No,Electronic check,76.55,4989.54,No
4982-AWRYH,Female,1,Yes,No,40,Yes,Yes,DSL,No,Yes,No,Yes,Yes,No,One year,No,Electronic check,48.52,1942.73,No
4477-LNBSS,Male,0,Yes,No,54,Yes,No,DSL,No,No,Yes,Yes,No,No,One year,No,Electronic check,55.65,2996.91,No
4298-VWGOB,Male,0,Yes,No,61,Yes,No,No,No internet service,No internet service,No internet service,No internet service,No internet service,No internet service,Two year,Yes,Credit card (automatic),24.14,1486.73,No
1975-OHOMQ,Male,0,Yes,Yes,1,Yes,Yes,DSL,No,No,No,No,No,Yes,Month-to-month,Yes,Credit card (automatic),45.31,61.23,Yes
2204-TUKVC,Male,0,No,No,0,Yes,Yes,Fiber optic,No,Yes,Yes,No,No,No,Month-to-month,Yes,Credit card (automatic),80.1,16.73,No
1881-CRKST,Female,0,No,Yes,66,Yes,Yes,DSL,Yes,No,Yes,No,No,No,Month-to-month,Yes,Mailed check,49.06,3244.99,No
7570-QFZRF,Female,0,No,Yes,65,Yes,No,DSL,No,No,Yes,No,No,No,Month-to-month,No,Electronic check,41.25,2682.67,Yes
7945-OCSGU,Female,0,Yes,No,61,Yes,Yes,No,No internet service,No internet service,No internet service,No internet service,No internet service,No internet service,One year,No,Credit card (automatic),19.37,1161.68,No
2127-SASDN,Male,0,No,No,0,Yes,Yes,Fiber optic,Yes,No,No,No,No,No,Month-to-month,No,Electronic check,78.71,0.0,No
2191-ZYRQZ,Male,0,Yes,Yes,53,No,No phone service,DSL,No,No,Yes,No,No,No,Month-to-month,Yes,Credit card (automatic),64.83,3435.45,No
7430-RZZCN,Male,0,No,No,5,Yes,No,DSL,No,No,Yes,Yes,No,No,Month-to-month,Yes,Mailed check,40.99,213.91,No
9244-EISTB,Female,0,No,Yes,59,No,No phone service,Fiber optic,Yes,Yes,No,No,No,Yes,Month-to-month,Yes,Credit card (automatic),114.88,6759.91,No
9787-PEWCG,Male,0,No,Yes,0,Yes,No,DSL,No,No,Yes,No,Yes,No,Two year,Yes,Electronic check,63.71,1.6,Yes
4349-BZNDN,Female,0,Yes,Yes,4,Yes,Yes,No,No internet service,No internet service,No internet service,No internet service,No internet service,No internet service,Two year,Yes,Mailed check,23.47,92.17,No
3361-FNLVM,Male,0,Yes,No,4,Yes,No,Fiber optic,No,Yes,No,No,No,Yes,One year,No,Electronic check,105.8,408.94,No
5659-DFZFY,Female,0,No,No,52,No,No phone service,No,No internet service,No internet service,No internet service,No internet service,No internet service,No internet service,Month-to-month,Yes,Bank transfer (automatic),26.9,1395.5,No
5731-RVMTJ,Female,0,Yes,No,7,Yes,No,Fiber optic,Yes,Yes,Yes,No,No,No,Two year,Yes,Electronic check,81.09,561.87,No
9394-QMNSK,Male,0,Yes,Yes,39,Yes,No,Fiber optic,No,No,No,No,No,No,Two year,No,Electronic check,112.88,4415.03,No
5407-YBAAX,Male,0,No,No,1,Yes,Yes,DSL,No,No,No,Yes,Yes,Yes,Two year,No,Bank transfer (automatic),48.88,36.72,No
2894-IVAUR,Female,0,Yes,No,11,Yes,Yes,No,No internet service,No internet service,No internet service,No internet service,No internet service,No internet service,Month-to-month,No,Electronic check,20.89,249.18,No
6687-GJUGE,Female,0,No,No,68,Yes,Yes,DSL,Yes,Yes,Yes,No,No,Yes,Month-to-month,Yes,Credit card (automatic),41.51,2838.78,Yes
7481-DCDRQ,Male,0,Yes,No,0,Yes,Yes,Fiber optic,No,No,No,No,Yes,No,Month-to-month,Yes,Mailed check,102.02,9.27,No
8463-ORCZR,Male,1,No,No,29,Yes,Yes,Fiber optic,No,Yes,Yes,No,Yes,No,Two year,Yes,Mailed check,104.69,3048.01,Yes
2260-TXNLO,Female,0,Yes,No,8,Yes,Yes,Fiber optic,No,No,No,No,No,No,Two year,Yes,Electronic check,81.24,633.8,No
9872-YLZPT,Male,1,No,No,71,Yes,Yes,Fiber optic,No,No,No,Yes,No,Yes,Month-to-month,Yes,Electronic check,107.69,7656.75,No
4668-SMNPL,Female,0,Yes,No,3,Yes,Yes,Fiber optic,No,No,Yes,No,No,No,Month-to-month,Yes,Credit card (automatic),83.69,239.11,Yes
6579-OYRDS,Female,0,No,No,36,Yes,No,DSL,No,No,No,No,Yes,No,One year,No,Credit card (automatic),63.8,2312.17,No
5352-DGGLP,Male,0,No,No,53,No,No phone service,Fiber optic,No,Yes,No,No,No,No,Two year,No,Electronic check,91.5,4845.44,No
6108-PVYRC,Male,1,Yes,Yes,0,Yes,Yes,Fiber optic,No,Yes,No,No,No,No,One year,Yes,Electronic check,92.02,7.49,No
8893-CELFQ,Male,0,Yes,No,12,Yes,No,DSL,No,Yes,No,Yes,No,No,One year,No,Electronic check,63.35,771.11,No
1490-DBTHV,Male,0,Yes,No,0,Yes,No,Fiber optic,No,No,Yes,No,Yes,No,Month-to-month,Yes,Credit card (automatic),88.93,0.43,Yes
4881-OGOPP,Male,0,Yes,Yes,11,No,No phone service,No,No internet service,No internet service,No internet service,No internet service,No internet service,No internet service,Month-to-month,No,Mailed check,25.4,276.28,No
2849-PRBZU,Female,0,No,Yes,15,Yes,No,No,No internet service,No internet service,No internet service,No internet service,No internet service,No internet service,One year,Yes,Bank transfer (automatic),23.62,351.09,No
5416-KLRLS,Female,0,Yes,No,61,Yes,No,DSL,No,Yes,No,No,No,Yes,Two year,No,Credit card (automatic),53.29,3265.46,No
5920-YXYFX,Male,0,No,No,9,Yes,No,No,No internet service,No internet service,No internet service,No internet service,No internet service,No internet service,Month-to-month,Yes,Credit card (automatic),25.98,252.87,No
7839-QKAUR,Male,0,No,Yes,59,No,No phone service,No,No internet service,No internet service,No internet service,No internet service,No internet service,No internet service,Month-to-month,Yes,Bank transfer (automatic),23.54,1397.03,No
8763-CEBNM,Male,0,Yes,Yes,69,No,No phone service,DSL,No,No,No,No,No,No,One year,No,Electronic check,66.97,4619.52,No
9833-EDJVR,Female,0,No,No,57,Yes,Yes,Fiber optic,No,No,No,No,No,No,Month-to-month,Yes,Bank transfer (automatic),90.11,5125.69,No
7298-IZLHA,Male,0,Yes,Yes,8,Yes,No,No,No internet service,No internet service,No internet service,No internet service,No internet service,No internet service,One year,Yes,Electronic check,24.21,193.94,No
6426-AFZVN,Male,0,Yes,Yes,11,No,No phone service,Fiber optic,Yes,No,Yes,No,No,No,One year,Yes,Bank transfer (automatic),87.52,948.07,No
8587-OEVUO,Female,1,Yes,No,5,Yes,Yes,Fiber optic,No,No,No,No,No,No,Two year,No,Electronic check,97.02,500.54,No
4607-GPZSB,Female,1,No,No,0,Yes,Yes,Fiber optic,No,No,Yes,Yes,Yes,No,Two year,No,Bank transfer (automatic),75.12,13.32,No
1239-MZVPQ,Male,1,Yes,No,70,Yes,No,DSL,No,No,Yes,No,No,No,Month-to-month,No,Electronic check,62.89,4413.37,Yes
2672-SSCVU,Male,0,No,Yes,8,Yes,Yes,DSL,No,No,Yes,No,No,Yes,Month-to-month,No,Credit card (automatic),42.02,321.0,Yes
5317-IJSXP,Male,1,Yes,No,68,No,No phone service,No,No internet service,No internet service,No internet service,No internet service,No internet service,No internet service,Month-to-month,No,Electronic check,18.56,1262.98,No
4829-NZLGL,Female,0,No,Yes,63,Yes,No,DSL,No,Yes,No,No,No,No,Two year,No,Credit card (automatic),44.91,2827.39,No
3205-OIITQ,Male,0,No,No,15,Yes,No,No,No internet service,No internet service,No internet service,No internet service,No internet service,No internet service,Two year,Yes,Mailed check,22.79,331.03,No
3036-XRUZF,Male,0,Yes,Yes,1,Yes,Yes,DSL,No,No,No,No,Yes,No,Month-to-month,No,Electronic check,58.08,64.58,Yes
1361-PPVNF,Male,0,No,Yes,55,Yes,No,Fiber optic,No,Yes,No,Yes,Yes,No,Month-to-month,No,Electronic check,106.53,5875.52,Yes
1921-TXXJR,Female,1,No,No,2,Yes,Yes,Fiber optic,Yes,Yes,No,No,No,Yes,Month-to-month,Yes,Credit card (automatic),108.74,220.41,Yes
8160-SUFYJ,Female,0,Yes,No,3,Yes,No,Fiber optic,Yes,Yes,No,No,Yes,Yes,One year,No,Mailed check,73.95,238.52,Yes
8912-JKZYK,Male,0,Yes,Yes,6,Yes,No,No,No internet service,No internet service,No internet service,No internet service,No internet service,No internet service,Month-to-month,No,Bank transfer (automatic),27.3,177.57,No
1130-KNSZV,Male,0,Yes,No,3,Yes,No,No,No internet service,No internet service,No internet service,No internet service,No internet service,No internet service,One year,Yes,Electronic check,22.89,65.33,Yes
1066-IEBFI,Female,0,No,No,51,No,No phone service,Fiber optic,Yes,No,Yes,No,No,No,One year,Yes,Electronic check,72.37,3672.91,No
1294-JKASI,Female,0,No,No,9,Yes,Yes,Fiber optic,No,Yes,Yes,Yes,No,Yes,One year,Yes,Bank transfer (automatic),88.58,795.39,No
6576-FZJID,Female,0,Yes,No,8,Yes,No,Fiber optic,No,No,No,No,No,No,Two year,No,Mailed check,110.62,883.26,No
6631-NUDWX,Female,0,Yes,No,8,Yes,Yes,DSL,No,No,Yes,Yes,No,No,Month-to-month,Yes,Mailed check,63.34,501.84,Yes
5481-QWKJW,Female,0,No,No,70,Yes,No,DSL,No,No,No,No,Yes,Yes,Two year,No,Bank transfer (automatic),67.69,4727.19,No
7388-UFPKJ,Female,0,No,Yes,6,Yes,Yes,Fiber optic,Yes,No,No,No,Yes,No,Month-to-month,No,Electronic check,96.25,577.19,Yes
6716-WAPUS,Female,0,No,No,61,Yes,No,DSL,Yes,No,No,No,No,Yes,Month-to-month,Yes,Electronic check,46.54,2849.27,Yes
7499-XMALS,Female,0,No,Yes,52,Yes,No,DSL,Yes,No,No,No,No,No,Month-to-month,No,Mailed check,55.73,2898.42,No
7179-IDLHU,Female,1,Yes,Yes,69,Yes,No,DSL,No,No,No,No,Yes,No,One year,Yes,Electronic check,46.95,3232.95,No
1555-VUSMS,Male,0,Yes,Yes,0,No,No phone service,Fiber optic,No,No,No,No,No,Yes,Month-to-month,No,Bank transfer (automatic),98.73,0.0,No
3300-TANEO,Male,0,Yes,Yes,25,Yes,Yes,DSL,No,Yes,No,No,No,Yes,One year,Yes,Bank transfer (automatic),60.37,1516.16,No
2458-IHCDL,Male,0,No,No,1,Yes,No,DSL,No,Yes,No,No,Yes,Yes,Month-to-month,Yes,Electronic check,63.09,77.73,Yes
1663-HQJCS,Female,0,Yes,No,3,Yes,No,Fiber optic,No,No,No,No,Yes,Yes,Two year,Yes,Electronic check,96.96,291.09,No
1161-RRGVK,Male,0,Yes,No,19,No,No phone service,DSL,No,Yes,Yes,No,No,No,Month-to-month,No,Electronic check,69.84,1312.25,Yes
9007-AAPLK,Female,0,No,Yes,26,No,No phone service,DSL,No,No,Yes,Yes,No,No,One year,No,Credit card (automatic),66.39,1715.31,No
6772-KUSLN,Female,0,Yes,No,0,Yes,No,Fiber optic,Yes,No,No,Yes,Yes,Yes,Two year,Yes,Electronic check,89.19,8.38,No
6103-HREQB,Male,0,Yes,No,4,Yes,Yes,Fiber optic,No,Yes,No,No,Yes,No,Two year,Yes,Credit card (automatic),103.83,400.76,No
8723-AKAAG,Female,0,No,No,10,Yes,No,No,No internet service,No internet service,No internet service,No internet service,No internet service,No internet service,Month-to-month,No,Electronic check,21.04,210.77,No
8022-SREKU,Male,0,Yes,Yes,0,Yes,No,DSL,Yes,Yes,No,No,Yes,Yes,Month-to-month,Yes,Mailed check,42.76,0.0,No
3063-GHFOG,Male,0,Yes,Yes,5,Yes,Yes,Fiber optic,No,Yes,No,No,No,Yes,One year,Yes,Credit card (automatic),112.49,554.38,No
7218-ZSXRV,Male,0,No,No,63,No,No phone service,DSL,No,No,Yes,No,No,Yes,Month-to-month,No,Bank transfer (automatic),40.32,2527.3,No
8400-VOWUU,Female,1,Yes,No,14,Yes,No,DSL,No,Yes,Yes,Yes,Yes,No,Month-to-month,No,Electronic check,48.77,680.15,No
6405-SRCYA,Male,0,Yes,No,55,Yes,No,Fiber optic,Yes,No,No,No,Yes,Yes,Month-to-month,Yes,Mailed check,93.42,5144.39,Yes
7545-GSLUK,Female,0,No,Yes,5,Yes,No,Fiber optic,Yes,No,No,No,No,Yes,Two year,Yes,Electronic check,109.94,544.69,No
9575-ZGFOS,Male,0,Yes,Yes,3,Yes,No,Fiber optic,Yes,Yes,Yes,No,No,Yes,Month-to-month,Yes,Electronic check,74.33,229.74,No
7855-SAVWS,Male,1,No,Yes,0,Yes,No,Fiber optic,No,Yes,No,No,No,Yes,Month-to-month,Yes,Mailed check,100.45,0.0,No
4242-YLZXY,Male,0,Yes,No,53,Yes,No,No,No internet service,No internet service,No internet service,No internet service,No internet service,No internet service,Month-to-month,Yes,Credit card (automatic),20.81,1113.5,No
1584-SIOYU,Female,0,Yes,No,10,Yes,Yes,DSL,Yes,No,No,No,No,Yes,One year,Yes,Mailed check,54.21,527.56,No
3585-FKIUN,Female,0,Yes,Yes,58,Yes,No,DSL,Yes,No,Yes,Yes,No,No,One year,No,Bank transfer (automatic),54.8,3184.0,No
8256-DCZLH,Female,1,Yes,No,71,Yes,No,Fiber optic,No,No,No,No,Yes,Yes,One year,Yes,Electronic check,79.53,5661.62,No
4082-JBESD,Male,1,Yes,No,1,Yes,No,DSL,No,Yes,No,No,No,No,Month-to-month,No,Mailed check,43.05,59.28,No
2137-NIYQO,Male,0,Yes,No,5,No,No phone service,No,No internet service,No internet service,No internet service,No internet service,No internet service,No internet service,Two year,No,Electronic check,22.6,129.11,No
9636-EYTWF,Female,0,No,Yes,0,No,No phone service,No,No internet service,No internet service,No internet service,No internet service,No internet service,No internet service,Month-to-month,No,Electronic check,27.49,16.61,No
1060-YIRXV,Female,0,Yes,No,3,Yes,Yes,DSL,No,No,No,No,No,No,Month-to-month,Yes,Bank transfer (automatic),66.99,216.43,Yes
4207-PRSKP,Female,0,No,No,66,Yes,Yes,Fiber optic,Yes,No,No,No,No,No,Two year,Yes,Electronic check,83.31,5509.53,No
9958-GSTHR,Female,0,Yes,No,0,Yes,Yes,Fiber optic,Yes,No,No,No,No,Yes,Two year,No,Bank transfer (automatic),83.46,0.0,Yes
9684-BRKPY,Female,0,Yes,No,12,Yes,No,Fiber optic,No,No,No,No,No,No,One year,No,Credit card (automatic),102.27,1227.32,No
9181-DCVAU,Female,0,Yes,Yes,70,Yes,Yes,DSL,No,No,No,No,No,No,Two year,No,Electronic check,40.46,2823.08,No
1233-JVKGS,Male,0,No,Yes,54,Yes,No,DSL,No,No,Yes,No,Yes,No,Month-to-month,Yes,Credit card (automatic),60.73,3273.13,No
7112-HWQXC,Female,0,No,No,55,No,No phone service,Fiber optic,No,No,Yes,Yes,No,Yes,Month-to-month,No,Bank transfer (automatic),104.96,5788.44,Yes
6699-GLVLZ,Male,0,No,No,2,No,No phone service,Fiber optic,No,Yes,No,No,No,Yes,Month-to-month,Yes,Credit card (automatic),86.77,191.7,No
7437-XWOAM,Male,0,Yes,No,2,Yes,No,No,No internet service,No internet service,No internet service,No internet service,No internet service,No internet service,One year,Yes,Bank transfer (automatic),29.96,44.28,No
3618-IARGZ,Female,1,Yes,No,71,Yes,No,Fiber optic,Yes,No,Yes,Yes,No,No,One year,Yes,Electronic check,88.63,6291.93,No
3128-OSFVR,Female,0,No,No,27,Yes,Yes,Fiber optic,Yes,No,No,No,No,No,Month-to-month,No,Bank transfer (automatic),71.16,1914.42,No
4939-KJARX,Male,0,Yes,No,31,Yes,No,No,No internet service,No internet service,No internet service,No internet service,No internet service,No internet service,Two year,Yes,Mailed check,26.66,819.43,No
8265-GSBOT,Female,0,Yes,No,2,Yes,No,Fiber optic,Yes,No,No,No,No,No,Month-to-month,No,Credit card (automatic),87.46,178.05,No
4239-PQVTC,Female,0,Yes,No,55,Yes,No,DSL,Yes,No,No,No,No,Yes,Month-to-month,No,Bank transfer (automatic),65.1,3579.39,No
1064-CYCWZ,Male,0,Yes,No,20,Yes,No,Fiber optic,No,No,No,No,Yes,Yes,Month-to-month,No,Bank transfer (automatic),105.37,2127.31,No
9797-TQWDW,Male,0,Yes,No,8,Yes,Yes,DSL,No,No,No,No,Yes,Yes,Two year,Yes,Credit card (automatic),41.6,341.04,No
4588-PPDYK,Male,0,No,No,59,Yes,Yes,No,No internet service,No internet service,No internet service,No internet service,No internet service,No internet service,Two year,No,Electronic check,26.82,1601.44,No
1167-ROSSP,Female,0,No,Yes,69,No,No phone service,Fiber optic,No,Yes,No,No,No,No,One year,No,Bank transfer (automatic),110.94,7639.41,No
8213-DXIUA,Male,0,No,No,62,Yes,Yes,DSL,No,No,Yes,No,Yes,No,Two year,Yes,Electronic check,60.24,3737.79,No
5587-RRXUI,Female,1,Yes,No,2,Yes,No,DSL,No,Yes,No,No,No,No,Two year,No,Mailed check,54.16,127.24,No
4904-WPQYH,Male,0,No,No,18,Yes,Yes,Fiber optic,No,Yes,No,No,No,Yes,Two year,Yes,Bank transfer (automatic),76.8,1375.65,Yes
1314-PEOCD,Male,1,No,No,16,Yes,Yes,Fiber optic,No,No,No,No,No,Yes,Month-to-month,No,Electronic check,107.22,1716.37,Yes
8832-HUREA,Male,1,No,No,9,Yes,No,Fiber optic,No,Yes,Yes,No,No,No,One year,No,Mailed check,112.05,1018.14,No
9628-NGWNO,Female,0,Yes,No,21,Yes,No,Fiber optic,No,Yes,No,No,Yes,No,Month-to-month,Yes,Mailed check,108.41,2287.65,No
1745-TWCJK,Female,0,No,Yes,2,Yes,Yes,DSL,No,No,No,Yes,No,No,Two year,Yes,Electronic check,54.16,122.78,No
8529-UYRQS,Male,0,Yes,No,55,Yes,Yes,DSL,Yes,No,No,No,Yes,No,Two year,No,Bank transfer (automatic),54.98,3033.68,No
3387-SOAAG,Male,0,No,No,13,Yes,No,Fiber optic,No,No,No,No,No,No,Two year,No,Bank transfer (automatic),87.2,1152.77,No
5316-QJNRV,Male,0,Yes,No,57,Yes,No,DSL,No,No,No,No,Yes,Yes,Month-to-month,Yes,Electronic check,68.46,3911.92,Yes
6115-NMXHY,Female,1,Yes,No,8,Yes,Yes,No,No internet service,No internet service,No internet service,No internet service,No internet service,No internet service,Month-to-month,Yes,Electronic check,25.56,186.81,No
1368-BYGSO,Male,0,Yes,Yes,10,Yes,No,DSL,No,Yes,No,No,No,Yes,Month-to-month,Yes,Credit card (automatic),67.67,685.76,Yes
8610-TQBQK,Female,0,No,Yes,12,Yes,No,Fiber optic,Yes,Yes,No,No,Yes,Yes,Month-to-month,Yes,Electronic check,95.18,1136.9,Yes
8349-QAJFW,Male,0,Yes,No,18,Yes,No,DSL,No,No,Yes,Yes,Yes,Yes,Month-to-month,No,Electronic check,64.8,1166.52,Yes
9778-JPTOP,Male,0,No,Yes,55,Yes,No,DSL,No,No,No,No,No,Yes,Month-to-month,Yes,Credit card (automatic),42.0,2307.43,No
2738-SHSFI,Male,0,No,No,1,Yes,No,No,No internet service,No internet service,No internet service,No internet service,No internet service,No internet service,Two year,No,Credit card (automatic),21.81,24.7,No
1396-JTFLD,Male,0,No,Yes,65,Yes,No,Fiber optic,No,No,No,No,No,No,Month-to-month,No,Credit card (automatic),107.32,6991.4,Yes
2643-BHOXG,Male,0,No,Yes,4,Yes,No,DSL,No,No,No,No,Yes,Yes,Two year,Yes,Credit card (automatic),63.73,241.97,No
2687-UMBMA,Male,0,No,No,53,Yes,Yes,DSL,Yes,Yes,Yes,No,Yes,No,One year,No,Electronic check,40.07,2135.21,No
8941-JNELY,Female,0,No,No,60,Yes,No,DSL,Yes,Yes,No,Yes,Yes,No,Month-to-month,Yes,Bank transfer (automatic),51.52,3109.58,No
1459-XIXYL,Male,0,Yes,Yes,69,Yes,No,Fiber optic,No,Yes,No,No,Yes,No,Month-to-month,Yes,Electronic check,96.98,6698.85,No
8521-VMJBG,Female,0,No,Yes,64,Yes,No,Fiber optic,Yes,No,Yes,Yes,No,No,Two year,Yes,Credit card (automatic),84.32,5406.05,No
1352-HSVBD,Male,0,No,No,65,Yes,No,DSL,No,Yes,No,Yes,Yes,Yes,Two year,Yes,Mailed check,55.16,3580.76,No
4074-EHYYV,Male,0,Yes,No,68,Yes,No,DSL,No,No,Yes,No,No,No,Month-to-month,No,Mailed check,66.29,4508.1,No
3311-NVZEO,Female,0,No,No,69,Yes,Yes,Fiber optic,No,No,No,No,No,Yes,Month-to-month,No,Mailed check,101.1,6985.38,No
8278-IPGZY,Male,0,Yes,Yes,3,Yes,No,Fiber optic,No,Yes,Yes,No,Yes,Yes,One year,No,Electronic check,74.36,224.56,No
2967-LKDWV,Female,0,Yes,No,57,Yes,No,DSL,No,No,No,No,No,No,Month-to-month,No,Bank transfer (automatic),69.43,3938.76,No
4969-FXRCQ,Female,0,Yes,Yes,50,Yes,Yes,Fiber optic,Yes,No,No,No,No,No,Month-to-month,Yes,Electronic check,95.96,4803.09,No
4723-PHAOT,Male,0,Yes,No,14,Yes,No,No,No internet service,No internet service,No internet service,No internet service,No internet service,No internet service,One year,Yes,Electronic check,27.84,407.94,No
8223-CCWSJ,Female,0,No,No,60,Yes,Yes,Fiber optic,No,No,No,Yes,No,Yes,One year,Yes,Electronic check,91.04,5470.77,No
2318-HOFJC,Female,0,No,No,65,Yes,No,DSL,Yes,Yes,Yes,No,No,No,Month-to-month,No,Mailed check,63.26,4127.6,No
9337-INLNV,Male,0,No,No,3,No,No phone service,Fiber optic,No,No,Yes,Yes,Yes,Yes,Two year,Yes,Mailed check,94.14,270.88,No
1851-VLBQU,Female,1,No,Yes,63,Yes,Yes,No,No internet service,No internet service,No internet service,No internet service,No internet service,No internet service,One year,Yes,Bank transfer (automatic),29.46,1856.52,No
1847-IHNZB,Male,0,Yes,No,1,No,No phone service,Fiber optic,No,No,Yes,No,Yes,Yes,Two year,No,Electronic check,95.65,93.0,Yes
1311-KSIKZ,Male,0,Yes,No,57,Yes,No,Fiber optic,Yes,No,Yes,No,Yes,No,Month-to-month,Yes,Electronic check,107.96,6159.33,No
8188-KHVJN,Male,0,No,No,68,Yes,No,DSL,No,No,No,Yes,No,No,Month-to-month,Yes,Electronic check,60.28,4084.8,No
6800-OHGKZ,Male,0,No,No,65,Yes,No,No,No internet service,No internet service,No internet service,No internet service,No internet service,No internet service,Month-to-month,No,Mailed check,26.76,1736.93,No
9018-ELQXG,Female,1,Yes,Yes,4,Yes,Yes,Fiber optic,Yes,No,No,No,No,No,Month-to-month,Yes,Mailed check,94.18,384.53,No
3175-CJGFO,Male,0,No,No,10,Yes,Yes,DSL,No,Yes,Yes,Yes,No,Yes,Two year,Yes,Credit card (automatic),62.48,625.87,No
3921-NFOOA,Male,1,No,Yes,18,Yes,Yes,Fiber optic,No,Yes,No,No,No,Yes,Two year,No,Credit card (automatic),76.29,1358.19,No
4730-VEAPP,Female,0,No,No,1,No,No phone service,DSL,Yes,No,No,No,No,Yes,Two year,No,Mailed check,54.88,56.4,No
7622-MDPOO,Male,0,Yes,No,65,Yes,No,Fiber optic,No,No,Yes,No,Yes,Yes,Month-to-month,Yes,Bank transfer (automatic),73.06,4758.31,No
8833-SHCID,Male,0,Yes,Yes,67,Yes,No,Fiber optic,Yes,Yes,Yes,No,No,Yes,Two year,Yes,Mailed check,75.65,5075.12,No
5675-BZPHK,Female,0,No,Yes,70,Yes,No,Fiber optic,No,No,No,Yes,Yes,No,One year,Yes,Credit card (automatic),80.08,5617.08,No
3214-HSUDP,Female,0,No,No,61,Yes,No,Fiber optic,No,No,Yes,Yes,No,No,Month-to-month,No,Electronic check,102.22,6229.3,Yes
3935-MJNEJ,Female,0,Yes,No,10,Yes,No,Fiber optic,Yes,No,No,Yes,No,No,Month-to-month,Yes,Electronic check,75.15,762.74,Yes
8633-URKSR,Female,0,No,Yes,1,Yes,No,DSL,Yes,No,Yes,No,Yes,No,One year,No,Electronic check,69.1,73.07,Yes
3358-CKTPF,Female,0,No,Yes,64,Yes,Yes,Fiber optic,No,No,No,No,Yes,Yes,Month-to-month,No,Electronic check,95.17,6100.44,Yes
5449-JHXEJ,Female,1,Yes,No,2,Yes,Yes,DSL,No,No,Yes,No,Yes,No,Month-to-month,Yes,Electronic check,51.22,100.68,Yes
3500-GPZCQ,Female,0,Yes,No,3,Yes,Yes,DSL,Yes,Yes,No,No,No,Yes,Month-to-month,No,Electronic check,68.82,194.22,Yes
7707-OLMRJ,Male,0,No,No,0,Yes,No,No,No internet service,No internet service,No internet service,No internet service,No internet service,No internet service,One year,Yes,Electronic check,20.04,19.63,No
1188-LKPTE,Female,0,Yes,No,51,Yes,No,DSL,No,Yes,No,No,No,Yes,Month-to-month,Yes,Bank transfer (automatic),40.42,2073.85,Yes
4169-ZLPXQ,Female,0,No,No,9,Yes,Yes,Fiber optic,No,No,No,No,No,Yes,One year,Yes,Credit card (automatic),71.95,658.05,No
8618-EHWMD,Female,0,Yes,Yes,66,Yes,Yes,No,No internet service,No internet service,No internet service,No internet service,No internet service,No internet service,Month-to-month,No,Electronic check,26.18,1744.66,Yes
3097-LKGNZ,Male,0,No,Yes,2,No,No phone service,Fiber optic,Yes,No,Yes,No,No,No,Month-to-month,No,Bank transfer (automatic),93.38,205.74,Yes
3106-NRIPC,Male,0,No,No,64,Yes,No,Fiber optic,No,No,Yes,No,No,No,Two year,No,Electronic check,88.96,5688.34,No
9244-UGHBE,Female,0,Yes,No,14,No,No phone service,DSL,No,No,No,No,No,Yes,Month-to-month,No,Mailed check,64.78,890.39,Yes
5753-XJRPM,Female,0,No,No,53,Yes,No,DSL,No,No,No,Yes,No,No,Month-to-month,Yes,Mailed check,55.6,2954.69,No
4248-HJNKS,Female,0,Yes,No,55,Yes,No,Fiber optic,Yes,Yes,No,No,No,No,Two year,No,Electronic check,91.05,5022.28,No
3321-KSJUH,Male,0,Yes,No,69,Yes,Yes,Fiber optic,No,Yes,Yes,No,Yes,No,Month-to-month,Yes,Credit card (automatic),84.45,5834.72,No
9241-TSGBG,Male,0,No,No,57,Yes,Yes,DSL,No,No,No,No,No,No,Two year,No,Electronic check,46.41,2647.59,No
7174-QELGN,Female,0,No,No,14,Yes,Yes,Fiber optic,No,No,No,No,No,Yes,Month-to-month,Yes,Bank transfer (automatic),90.19,1264.5,No
4711-LTQVR,Male,0,Yes,Yes,6,Yes,Yes,No,No internet service,No internet service,No internet service,No internet service,No internet service,No internet service,Month-to-month,Yes,Mailed check,29.07,160.0,Yes
4743-HUCUU,Female,1,Yes,No,4,Yes,No,DSL,No,No,No,Yes,Yes,No,One year,Yes,Credit card (automatic),59.37,226.0,No
4610-OXSLU,Male,0,Yes,Yes,2,Yes,Yes,DSL,No,No,No,No,Yes,No,Month-to-month,Yes,Mailed check,58.64,104.01,No
5420-OLRMJ,Male,0,Yes,No,3,Yes,No,DSL,No,No,Yes,Yes,No,No,Month-to-month,No,Bank transfer (automatic),66.81,196.74,Yes
7792-DCIQQ,Female,0,Yes,No,2,No,No phone service,Fiber optic,No,No,No,No,Yes,No,Month-to-month,No,Bank transfer (automatic),84.41,169.97,No
8559-NUZYM,Female,0,No,No,7,Yes,Yes,No,No internet service,No internet service,No internet service,No internet service,No internet service,No internet service,Month-to-month,No,Electronic check,20.38,142.72,No
3690-KLTVX,Female,0,Yes,No,59,Yes,Yes,DSL,No,No,Yes,Yes,No,Yes,One year,No,Bank transfer (automatic),54.61,3213.35,No
7515-IDHCL,Female,0,No,No,0,Yes,No,No,No internet service,No internet service,No internet service,No internet service,No internet service,No internet service,Two year,Yes,Mailed check,23.97,0.0,No
7575-TOVQK,Male,0,Yes,Yes,10,Yes,No,Fiber optic,No,No,Yes,No,No,No,Two year,Yes,Credit card (automatic),91.93,923.23,No
7307-JJFZN,Male,1,No,No,23,No,No phone service,Fiber optic,Yes,No,Yes,Yes,No,Yes,Month-to-month,Yes,Credit card (automatic),78.83,1806.2,Yes
1312-EASPF,Male,0,No,Yes,2,Yes,No,DSL,No,Yes,No,Yes,No,Yes,One year,Yes,Bank transfer (automatic),64.3,112.34,No
1644-JZFOQ,Female,0,No,No,8,Yes,No,Fiber optic,No,No,No,No,Yes,No,Month-to-month,Yes,Mailed check,112.97,907.63,Yes
4769-MBBOP,Male,0,Yes,No,4,Yes,No,No,No internet service,No internet service,No internet service,No internet service,No internet service,No internet service,One year,No,Electronic check,21.11,96.04,No
4600-AEVBC,Female,0,No,Yes,51,Yes,No,No,No internet service,No internet service,No internet service,No internet service,No internet service,No internet service,Two year,Yes,Electronic check,22.41,1125.16,No
6035-GRKOY,Male,0,No,No,0,Yes,No,Fiber optic,No,Yes,No,No,No,Yes,Month-to-month,No,Mailed check,88.11,0.0,No
8033-VLIDP,Female,1,No,No,9,Yes,Yes,Fiber optic,No,Yes,Yes,No,No,Yes,Two year,Yes,Mailed check,82.61,731.25,Yes
6605-SZKMY,Female,0,No,No,4,Yes,Yes,DSL,No,Yes,No,Yes,Yes,No,Two year,No,Mailed check,51.43,213.55,No
7972-DYSSA,Male,0,Yes,No,3,No,No phone service,No,No internet service,No internet service,No internet service,No internet service,No internet service,No internet service,Two year,No,Credit card (automatic),28.42,100.53,No
8484-PNIBW,Female,0,No,No,10,No,No phone service,Fiber optic,Yes,Yes,No,No,Yes,Yes,One year,No,Credit card (automatic),109.83,1085.52,No
6361-YSTSL,Female,0,No,Yes,5,Yes,Yes,Fiber optic,Yes,No,No,No,Yes,No,Two year,Yes,Mailed check,112.57,579.95,Yes
4435-XUZHR,Male,1,No,No,6,Yes,No,No,No internet service,No internet service,No internet service,No internet service,No internet service,No internet service,Two year,No,Mailed check,26.4,149.66,No
8236-UTEXL,Female,0,No,No,70,Yes,Yes,DSL,Yes,No,Yes,No,Yes,Yes,Two year,Yes,Bank transfer (automatic),67.95,4744.16,No
6807-QDOPV,Female,0,No,Yes,61,Yes,No,DSL,Yes,No,Yes,No,No,No,Month-to-month,Yes,Credit card (automatic),61.73,3784.54,Yes
9167-JCKNX,Female,0,No,No,62,Yes,No,No,No internet service,No internet service,No internet service,No internet service,No internet service,No internet service,One year,No,Electronic check,23.98,1497.87,No
4943-PBCGV,Male,0,No,No,1,Yes,Yes,Fiber optic,No,No,Yes,No,No,No,Month-to-month,No,Bank transfer (automatic),103.73,97.96,No
1232-UAKQM,Male,0,No,No,11,Yes,No,Fiber optic,No,Yes,Yes,No,No,No,Two year,Yes,Credit card (automatic),107.96,1190.42,No
5694-XJZZU,Female,0,Yes,Yes,67,Yes,No,Fiber optic,No,Yes,No,No,No,No,Two year,Yes,Electronic check,89.58,6003.66,No
6722-CAENM,Male,0,No,No,10,Yes,Yes,DSL,No,No,No,No,Yes,No,One year,No,Mailed check,59.96,585.07,No
3514-IKBJN,Female,0,No,Yes,21,Yes,No,Fiber optic,No,No,Yes,No,Yes,No,Two year,No,Electronic check,77.09,1636.49,No
1144-QLGHZ,Female,1,Yes,No,0,Yes,Yes,Fiber optic,Yes,No,No,No,No,Yes,Two year,Yes,Credit card (automatic),87.07,2.85,No
4106-SKJPZ,Female,0,Yes,No,5,Yes,No,DSL,No,No,No,Yes,Yes,Yes,Month-to-month,No,Credit card (automatic),57.93,299.04,Yes
8140-DEOAV,Female,0,No,Yes,0,Yes,No,Fiber optic,No,No,Yes,Yes,No,Yes,One year,No,Credit card (automatic),92.83,11.86,No
1399-LPIHU,Female,0,No,Yes,55,Yes,No,Fiber optic,Yes,No,No,No,No,No,Month-to-month,Yes,Bank transfer (automatic),99.23,5460.38,Yes
6327-DQIHI,Male,0,Yes,No,0,Yes,Yes,No,No internet service,No internet service,No internet service,No internet service,No internet service,No internet service,Two year,Yes,Electronic check,18.29,0.0,No
8964-MJEPE,Female,1,No,Yes,59,Yes,No,DSL,No,No,Yes,No,No,No,Month-to-month,Yes,Electronic check,43.71,2580.52,Yes
8687-WPZKR,Male,0,No,Yes,51,Yes,Yes,Fiber optic,No,No,No,Yes,No,No,One year,No,Electronic check,105.44,5396.57,No
1625-HRCPY,Male,0,Yes,No,0,Yes,No,No,No internet service,No internet service,No internet service,No internet service,No internet service,No internet service,Month-to-month,No,Electronic check,28.45,12.12,Yes
2864-EBQXP,Female,0,Yes,No,68,Yes,Yes,DSL,No,No,No,Yes,Yes,No,Month-to-month,No,Electronic check,68.02,4645.34,No
5129-AVFBH,Female,0,No,No,3,Yes,No,No,No internet service,No internet service,No internet service,No internet service,No internet service,No internet service,Month-to-month,Yes,Mailed check,18.91,42.32,Yes
9945-QGPMO,Male,0,No,No,70,Yes,No,DSL,No,Yes,No,No,No,Yes,Month-to-month,Yes,Electronic check,42.53,2961.07,Yes
7938-MNRHA,Male,0,Yes,No,11,Yes,Yes,No,No internet service,No internet service,No internet service,No internet service,No internet service,No internet service,Month-to-month,No,Electronic check,29.52,332.99,No
7336-VOGYU,Male,1,Yes,No,17,Yes,Yes,Fiber optic,Yes,No,Yes,Yes,Yes,No,Month-to-month,Yes,Mailed check,86.03,1469.08,No
7306-HOOFS,Female,0,Yes,Yes,0,Yes,Yes,No,No internet service,No internet service,No internet service,No internet service,No internet service,No internet service,One year,No,Mailed check,25.28,0.0,No
3965-MGFXX,Male,1,No,No,64,Yes,No,DSL,No,No,No,Yes,No,Yes,Month-to-month,Yes,Mailed check,60.65,3879.01,No
7688-BTMYP,Female,0,Yes,No,67,No,No phone service,Fiber optic,Yes,No,No,No,No,No,One year,Yes,Electronic check,98.41,6580.75,No
5209-JNGUS,Female,0,No,Yes,61,Yes,No,Fiber optic,No,No,No,No,No,Yes,One year,Yes,Mailed check,110.28,6722.09,No
7183-UZKOC,Female,0,Yes,No,50,Yes,Yes,Fiber optic,Yes,Yes,Yes,No,No,No,Month-to-month,Yes,Bank transfer (automatic),106.72,5353.15,Yes
6743-IRTPN,Male,0,No,No,10,Yes,Yes,DSL,No,No,No,No,No,Yes,Month-to-month,Yes,Bank transfer (automatic),63.75,632.02,Yes
7805-FXUNF,Female,0,Yes,No,1,Yes,No,DSL,No,No,Yes,No,No,No,One year,Yes,Bank transfer (automatic),67.58,55.85,No
9919-TSYMR,Female,1,No,No,5,Yes,No,DSL,No,Yes,No,No,Yes,Yes,Month-to-month,Yes,Credit card (automatic),62.15,301.32,Yes
2058-SJSQM,Female,1,No,No,1,Yes,No,DSL,No,Yes,Yes,No,No,No,Month-to-month,Yes,Bank transfer (automatic),47.14,47.27,No
9667-MTWQY,Female,1,Yes,No,54,Yes,No,Fiber optic,No,No,Yes,Yes,No,No,Two year,No,Electronic check,101.19,5463.27,No
7104-LSGUJ,Female,0,Yes,Yes,7,Yes,No,DSL,No,No,No,No,No,No,One year,Yes,Bank transfer (automatic),61.67,415.51,No
7623-AFFXW,Male,1,No,No,10,Yes,Yes,Fiber optic,No,No,No,No,No,No,Month-to-month,Yes,Mailed check,80.73,791.69,Yes
5675-LQDQX,Female,0,Yes,Yes,68,Yes,Yes,Fiber optic,No,No,No,Yes,No,Yes,One year,No,Electronic check,108.85,7391.35,No
2759-AYSDR,Female,0,No,Yes,39,Yes,Yes,DSL,No,No,No,No,No,No,Two year,Yes,Electronic check,56.77,2223.29,No
8518-VMWRR,Male,0,Yes,No,68,Yes,No,DSL,No,No,No,Yes,No,No,Two year,No,Electronic check,68.18,4634.27,No
1322-VXIUN,Female,0,Yes,Yes,7,Yes,Yes,DSL,No,No,Yes,No,No,Yes,Month-to-month,Yes,Bank transfer (automatic),60.14,405.76,Yes
3440-UWLZU,Male,0,No,Yes,60,Yes,No,Fiber optic,Yes,No,No,No,No,Yes,Month-to-month,Yes,Credit card (automatic),108.64,6525.66,Yes
8590-CDNPG,Female,0,No,Yes,1,Yes,No,Fiber optic,No,Yes,Yes,No,No,No,One year,Yes,Electronic check,83.85,64.37,No
6159-KWTTV,Male,1,No,No,62,Yes,No,Fiber optic,No,Yes,No,Yes,No,No,Month-to-month,No,Mailed check,95.26,5909.95,Yes
4687-NMYKL,Male,0,Yes,Yes,58,Yes,Yes,No,No internet service,No internet service,No internet service,No internet service,No internet service,No internet service,Two year,Yes,Electronic check,27.41,1583.63,No
2410-GCOQJ,Female,0,Yes,No,54,Yes,No,DSL,Yes,No,Yes,No,No,Yes,Month-to-month,Yes,Mailed check,52.21,2801.27,No
2937-IKTBL,Female,1,No,Yes,51,Yes,Yes,Fiber optic,Yes,Yes,No,No,Yes,Yes,Month-to-month,Yes,Electronic check,101.85,5179.27,No
1345-XRVEG,Female,0,Yes,No,55,Yes,No,Fiber optic,Yes,No,No,Yes,Yes,No,Two year,No,Electronic check,104.32,5747.54,No
1495-WGJMA,Male,1,Yes,No,58,Yes,Yes,DSL,Yes,No,Yes,No,No,Yes,Month-to-month,Yes,Mailed check,52.82,3053.43,No
1944-FFKDQ,Male,0,Yes,No,1,Yes,Yes,No,No internet service,No internet service,No internet service,No internet service,No internet service,No internet service,Month-to-month,No,Credit card (automatic),22.31,13.22,Yes
1318-JCYLI,Male,0,Yes,No,58,Yes,No,No,No internet service,No internet service,No internet service,No internet service,No internet service,No internet service,One year,Yes,Bank transfer (automatic),22.16,1284.78,No
7946-SSNBM,Female,0,No,No,35,Yes,No,Fiber optic,Yes,No,No,No,Yes,Yes,Month-to-month,Yes,Bank transfer (automatic),99.24,3459.64,No
9832-IQOZP,Male,0,No,No,57,Yes,No,Fiber optic,No,No,No,No,No,No,Two year,Yes,Electronic check,96.25,5505.01,No
4274-LAXIM,Male,0,No,No,56,Yes,Yes,No,No internet service,No internet service,No internet service,No internet service,No internet service,No internet service,Month-to-month,Yes,Mailed check,25.84,1442.25,No
8260-XKNLD,Female,0,No,Yes,61,Yes,No,Fiber optic,Yes,No,No,Yes,No,Yes,Month-to-month,Yes,Credit card (automatic),70.43,4294.07,No
2920-IWPMC,Male,0,No,No,12,Yes,No,No,No internet service,No internet service,No internet service,No internet service,No internet service,No internet service,Month-to-month,No,Mailed check,21.1,236.11,Yes
4406-GBVHO,Male,1,No,No,11,Yes,No,DSL,No,No,No,No,Yes,Yes,One year,No,Electronic check,58.07,641.08,No
7025-NSFYV,Female,0,No,No,61,Yes,No,DSL,Yes,No,No,No,Yes,No,Month-to-month,Yes,Electronic check,58.73,3594.45,No
1356-PNCIH,Male,0,Yes,No,61,Yes,No,DSL,No,Yes,Yes,No,No,Yes,Month-to-month,Yes,Bank transfer (automatic),69.54,4238.8,No
1857-ILKAF,Female,0,Yes,No,6,Yes,Yes,Fiber optic,No,Yes,No,No,No,No,Two year,Yes,Electronic check,78.06,455.0,No
2349-XJYIC,Female,0,No,No,23,Yes,No,No,No internet service,No internet service,No internet service,No internet service,No internet service,No internet service,Two year,Yes,Electronic check,29.93,669.41,No
9621-ISPXQ,Female,0,Yes,No,8,No,No phone service,Fiber optic,No,Yes,No,Yes,No,No,One year,No,Electronic check,98.8,784.29,No
4499-SYCLT,Female,1,Yes,No,64,Yes,Yes,Fiber optic,No,No,Yes,No,No,Yes,Month-to-month,No,Electronic check,86.85,5572.84,Yes
3198-BGWJR,Female,0,No,No,61,Yes,Yes,Fiber optic,Yes,No,No,No,No,No,One year,Yes,Electronic check,82.2,4998.24,No
7660-NWNBS,Male,0,No,Yes,15,Yes,Yes,DSL,No,No,No,No,Yes,No,One year,No,Mailed check,44.24,681.84,No
3982-IEEXQ,Male,0,No,No,8,Yes,No,Fiber optic,No,Yes,No,No,Yes,No,Two year,Yes,Electronic check,78.45,642.56,Yes
4691-XDLRQ,Female,0,Yes,No,2,Yes,No,Fiber optic,No,No,No,Yes,Yes,No,Two year,No,Mailed check,78.58,138.82,No
1158-WZAHL,Female,0,No,No,1,Yes,No,No,No internet service,No internet service,No internet service,No internet service,No internet service,No internet service,Two year,Yes,Credit card (automatic),24.27,7.55,No
8777-SQTUQ,Male,0,No,Yes,69,Yes,No,Fiber optic,No,No,No,No,No,No,Two year,Yes,Mailed check,86.58,5971.82,No
5808-KIMCT,Female,0,No,Yes,58,No,No phone service,Fiber optic,No,Yes,No,No,Yes,No,Month-to-month,Yes,Credit card (automatic),77.46,4475.88,No
1640-FXWHN,Female,0,Yes,No,68,Yes,No,No,No internet service,No internet service,No internet service,No internet service,No internet service,No internet service,One year,No,Electronic check,18.15,1252.34,No
9763-YELKF,Female,0,Yes,Yes,58,Yes,Yes,DSL,No,No,No,No,Yes,No,Two year,No,Bank transfer (automatic),42.46,2443.6,No
1960-YQTID,Male,0,Yes,No,28,Yes,No,DSL,No,No,No,No,Yes,Yes,Two year,No,Mailed check,59.94,1696.0,No
8355-ONMON,Male,0,Yes,Yes,56,No,No phone service,Fiber optic,No,No,Yes,No,Yes,No,Two year,No,Electronic check,97.08,5442.36,No
4152-VEWDT,Female,0,Yes,Yes,1,Yes,No,Fiber optic,No,Yes,Yes,No,No,No,Month-to-month,Yes,Electronic check,80.47,82.3,Yes
6354-VRBHN,Female,1,Yes,No,67,No,No phone service,Fiber optic,No,Yes,Yes,No,No,No,One year,Yes,Bank transfer (automatic),92.12,6178.2,No
7587-MFPWP,Male,0,No,Yes,8,Yes,Yes,DSL,No,Yes,No,No,No,Yes,Month-to-month,Yes,Bank transfer (automatic),53.04,409.43,No
1194-DOAXE,Male,0,No,No,68,No,No phone service,No,No internet service,No internet service,No internet service,No internet service,No internet service,No internet service,One year,Yes,Electronic check,23.97,1639.96,No
4960-GGCAL,Female,0,No,No,57,Yes,No,Fiber optic,No,No,Yes,Yes,No,No,Month-to-month,No,Bank transfer (automatic),107.39,6111.7,Yes
8765-PQKNF,Female,1,Yes,No,64,Yes,Yes,DSL,No,No,No,Yes,No,Yes,Two year,Yes,Credit card (automatic),60.83,3904.2,No
8716-YGBOY,Male,1,Yes,No,4,Yes,Yes,DSL,No,Yes,Yes,No,No,Yes,Two year,Yes,Bank transfer (automatic),49.89,212.62,No
9947-AKJMZ,Male,1,Yes,No,69,Yes,Yes,No,No internet service,No internet service,No internet service,No internet service,No internet service,No internet service,Two year,Yes,Credit card (automatic),28.94,1994.25,No
4837-FRVYS,Male,0,Yes,No,12,Yes,No,Fiber optic,No,No,No,No,Yes,Yes,Month-to-month,No,Bank transfer (automatic),103.13,1235.79,No
3777-ZHYEX,Female,0,Yes,Yes,2,No,No phone service,Fiber optic,Yes,Yes,No,Yes,No,No,Month-to-month,Yes,Credit card (automatic),79.67,147.95,No
4342-XELJK,Male,0,No,Yes,9,No,No phone service,DSL,No,No,No,No,No,Yes,One year,No,Credit card (automatic),47.63,432.04,No
4771-MAQGH,Female,0,No,No,11,Yes,No,DSL,No,No,Yes,No,No,No,Month-to-month,Yes,Mailed check,66.02,709.56,Yes
7734-WHMNB,Male,0,No,No,68,Yes,Yes,Fiber optic,No,No,No,No,Yes,No,Month-to-month,No,Credit card (automatic),79.91,5425.55,No
6607-XFBDI,Male,0,No,No,68,Yes,Yes,Fiber optic,No,Yes,No,Yes,Yes,No,Two year,No,Bank transfer (automatic),70.64,4790.2,No
2080-BHLDD,Male,0,No,Yes,5,Yes,No,DSL,No,No,No,No,No,No,Month-to-month,Yes,Electronic check,64.31,337.03,No
7275-QBFPA,Male,0,No,No,58,Yes,No,No,No internet service,No internet service,No internet service,No internet service,No internet service,No internet service,Month-to-month,No,Electronic check,27.13,1581.59,No
9416-LCLNP,Female,0,No,No,2,Yes,Yes,DSL,Yes,No,No,No,No,No,One year,Yes,Credit card (automatic),67.22,144.52,No
8366-EWGHE,Female,0,No,No,69,Yes,No,Fiber optic,Yes,Yes,Yes,No,No,No,Two year,Yes,Mailed check,94.99,6565.95,No
6962-BJEGO,Male,1,No,Yes,7,Yes,Yes,Fiber optic,No,Yes,Yes,No,No,No,Two year,Yes,Credit card (automatic),78.53,535.13,Yes
5359-MLDZT,Female,0,No,Yes,63,Yes,Yes,No,No internet service,No internet service,No internet service,No internet service,No internet service,No internet service,Two year,No,Bank transfer (automatic),26.66,1694.51,No
6617-ZJNZY,Male,0,Yes,Yes,35,Yes,No,No,No internet service,No internet service,No internet service,No internet service,No internet service,No internet service,One year,Yes,Electronic check,24.95,879.26,No
7584-FODAM,Male,0,No,Yes,1,Yes,Yes,DSL,No,No,Yes,No,Yes,Yes,Month-to-month,Yes,Mailed check,65.65,53.62,Yes
1152-MKPSG,Male,0,No,No,1,Yes,No,Fiber optic,No,Yes,No,No,No,No,Two year,Yes,Credit card (automatic),80.93,98.34,Yes
3347-IMYIS,Male,0,No,Yes,66,Yes,Yes,DSL,Yes,No,Yes,Yes,No,Yes,Month-to-month,Yes,Mailed check,68.65,4528.43,No
3918-VGGLU,Female,0,Yes,No,2,No,No phone service,Fiber optic,No,No,No,No,No,No,Month-to-month,No,Mailed check,100.29,194.95,Yes
1103-ZZVEX,Male,0,Yes,No,64,Yes,Yes,No,No internet service,No internet service,No internet service,No internet service,No internet service,No internet service,Month-to-month,Yes,Mailed check,19.23,1222.09,No
6662-XNDFZ,Male,0,No,No,20,No,No phone service,Fiber optic,No,No,No,Yes,No,No,Two year,Yes,Electronic check,90.5,1815.65,No
8295-IFWRQ,Female,1,No,No,29,Yes,No,Fiber optic,No,No,No,Yes,No,No,Two year,Yes,Electronic check,91.63,2655.3,No
7169-NWPGO,Male,0,Yes,No,2,Yes,Yes,DSL,No,Yes,No,Yes,No,Yes,Month-to-month,Yes,Electronic check,49.89,86.7,No
9314-XXTSJ,Male,0,No,No,9,Yes,No,DSL,Yes,No,Yes,No,No,No,Month-to-month,Yes,Credit card (automatic),44.38,410.21,No
8386-YPELY,Male,0,No,Yes,59,No,No phone service,DSL,No,No,No,No,Yes,No,Two year,Yes,Bank transfer (automatic),67.83,3988.3,No
7246-VRAKI,Female,1,Yes,Yes,56,No,No phone service,DSL,No,Yes,No,No,No,No,Month-to-month,No,Electronic check,46.95,2624.9,No
6278-DBKLL,Male,0,No,Yes,53,Yes,No,DSL,No,No,No,No,No,Yes,Two year,No,Bank transfer (automatic),55.34,2935.7,No
2433-PGTGI,Female,0,Yes,Yes,57,Yes,No,No,No internet service,No internet service,No internet service,No internet service,No internet service,No internet service,Month-to-month,Yes,Bank transfer (automatic),26.22,1476.41,No
9211-SHHLK,Male,1,No,No,38,Yes,Yes,DSL,No,No,Yes,No,No,No,Month-to-month,No,Mailed check,41.02,1566.83,Yes
2688-CTRJE,Male,1,No,No,68,Yes,Yes,DSL,No,No,No,No,No,No,Month-to-month,Yes,Bank transfer (automatic),63.9,4328.13,No
3439-IHCKJ,Female,1,No,Yes,2,Yes,Yes,Fiber optic,Yes,Yes,Yes,No,Yes,No,Month-to-month,No,Electronic check,94.68,170.66,No
4301-FTCBP,Male,0,No,No,53,Yes,No,No,No internet service,No internet service,No internet service,No internet service,No internet service,No internet service,One year,No,Bank transfer (automatic),26.61,1407.8,No
2395-HHGJS,Male,0,Yes,No,10,Yes,Yes,Fiber optic,No,Yes,No,No,Yes,No,Two year,No,Electronic check,74.5,743.75,Yes
6593-FZBGW,Female,1,No,No,5,Yes,No,DSL,No,No,No,Yes,Yes,Yes,Month-to-month,No,Mailed check,69.75,341.68,No
9424-PZBIV,Female,0,No,Yes,64,Yes,No,Fiber optic,No,Yes,No,Yes,No,No,Two year,Yes,Credit card (automatic),102.0,6524.15,No
7343-KSTUC,Female,0,No,Yes,59,Yes,No,Fiber optic,No,No,No,No,Yes,No,One year,Yes,Mailed check,72.87,4282.65,No
3797-TGQZH,Female,0,Yes,No,56,Yes,Yes,No,No internet service,No internet service,No internet service,No internet service,No internet service,No internet service,Month-to-month,Yes,Mailed check,20.36,1145.01,No
8837-VSABM,Female,0,Yes,Yes,14,No,No phone service,No,No internet service,No internet service,No internet service,No internet service,No internet service,No internet service,One year,Yes,Bank transfer (automatic),25.24,363.25,No
4898-YRZVI,Male,1,No,No,64,Yes,No,DSL,No,No,No,No,No,Yes,One year,Yes,Electronic check,40.74,2595.77,No
2907-TKFTJ,Female,0,No,No,2,Yes,Yes,Fiber optic,Yes,No,Yes,Yes,Yes,Yes,Month-to-month,No,Credit card (automatic),114.35,215.88,No
7703-KVTGK,Male,0,Yes,No,14,Yes,No,Fiber optic,Yes,Yes,Yes,Yes,No,Yes,Month-to-month,Yes,Bank transfer (automatic),96.51,1332.58,No
9297-CGNXI,Male,1,No,No,59,Yes,No,No,No internet service,No internet service,No internet service,No internet service,No internet service,No internet service,Two year,Yes,Electronic check,22.54,1328.66,No
8095-GGSVJ,Male,0,No,Yes,64,Yes,Yes,DSL,No,Yes,Yes,No,No,Yes,One year,No,Bank transfer (automatic),42.81,2747.48,No
6182-UEFRI,Female,0,No,No,6,No,No phone service,Fiber optic,No,No,No,No,Yes,Yes,Month-to-month,Yes,Credit card (automatic),100.34,610.73,Yes
6800-TXOMO,Female,0,No,Yes,8,Yes,No,Fiber optic,Yes,Yes,No,No,Yes,Yes,Month-to-month,Yes,Credit card (automatic),100.97,789.07,No
5195-AQJSI,Male,0,No,No,61,Yes,Yes,Fiber optic,Yes,No,Yes,No,No,No,Month-to-month,No,Credit card (automatic),103.21,6314.57,Yes
5279-UYZLH,Female,0,No,Yes,0,Yes,Yes,Fiber optic,No,Yes,No,No,No,No,Month-to-month,No,Electronic check,104.68,19.37,No
4126-HOAFN,Female,0,Yes,No,57,Yes,No,Fiber optic,No,Yes,Yes,No,No,No,Month-to-month,No,Electronic check,95.39,5450.31,Yes
1610-HCPEO,Female,0,No,Yes,1,Yes,No,No,No internet service,No internet service,No internet service,No internet service,No internet service,No internet service,Month-to-month,Yes,Credit card (automatic),20.19,27.69,Yes
8198-GMGYC,Female,0,No,No,0,Yes,No,No,No internet service,No internet service,No internet service,No internet service,No internet service,No internet service,Month-to-month,No,Bank transfer (automatic),25.54,0.0,Yes
6034-OOVIF,Male,0,No,No,4,Yes,No,Fiber optic,Yes,No,No,Yes,No,Yes,One year,Yes,Credit card (automatic),93.23,368.54,Yes
4761-ILROR,Male,0,No,No,13,Yes,Yes,Fiber optic,No,No,Yes,No,Yes,Yes,Month-to-month,Yes,Electronic check,77.94,1029.52,No
5990-VSWCP,Female,0,Yes,Yes,67,Yes,Yes,No,No internet service,No internet service,No internet service,No internet service,No internet service,No internet service,Month-to-month,No,Bank transfer (automatic),25.77,1717.62,No
3889-MZDXE,Male,0,Yes,No,69,Yes,No,DSL,Yes,Yes,No,Yes,No,No,Month-to-month,No,Mailed check,62.06,4297.16,No
4911-AYKFD,Female,0,No,No,8,Yes,No,DSL,No,No,Yes,No,Yes,Yes,Month-to-month,No,Bank transfer (automatic),59.17,459.38,No
8909-BDKHF,Female,0,Yes,No,59,Yes,Yes,No,No internet service,No internet service,No internet service,No internet service,No internet service,No internet service,Month-to-month,No,Mailed check,24.34,1429.08,No
5306-BKQMA,Male,0,No,No,59,Yes,Yes,Fiber optic,No,No,No,No,Yes,No,Month-to-month,Yes,Bank transfer (automatic),101.66,5994.87,Yes
1340-NFSHM,Male,0,Yes,No,20,Yes,No,DSL,No,No,Yes,No,Yes,Yes,Month-to-month,No,Electronic check,46.19,928.56,No
2198-XANOE,Male,1,Yes,Yes,5,Yes,No,No,No internet service,No internet service,No internet service,No internet service,No internet service,No internet service,Month-to-month,Yes,Credit card (automatic),29.55,157.52,No
1084-WLDOW,Female,0,Yes,No,1,Yes,No,No,No internet service,No internet service,No internet service,No internet service,No internet service,No internet service,Two year,Yes,Mailed check,27.81,13.32,No
1146-QXCHN,Male,0,No,No,67,Yes,Yes,No,No internet service,No internet service,No internet service,No internet service,No internet service,No internet service,Month-to-month,No,Credit card (automatic),26.91,1798.97,No
6752-NMJJG,Female,0,No,No,64,Yes,No,DSL,No,Yes,Yes,No,Yes,Yes,Month-to-month,Yes,Electronic check,45.14,2883.83,Yes
9044-POJWV,Male,1,No,No,54,Yes,Yes,DSL,Yes,No,No,No,No,Yes,Month-to-month,Yes,Electronic check,45.92,2471.73,No
6522-KBSKT,Male,0,No,No,62,No,No phone service,Fiber optic,Yes,No,No,No,No,No,Two year,Yes,Electronic check,111.6,6917.25,No
1358-TVDZH,Female,0,Yes,No,66,Yes,No,Fiber optic,Yes,Yes,No,No,No,No,Two year,Yes,Bank transfer (automatic),92.26,6098.39,No
2787-RBTHU,Female,0,Yes,Yes,63,Yes,No,No,No internet service,No internet service,No internet service,No internet service,No internet service,No internet service,Month-to-month,Yes,Electronic check,25.71,1622.04,No
2273-TNJDW,Female,0,No,No,15,Yes,Yes,No,No internet service,No internet service,No internet service,No internet service,No internet service,No internet service,Month-to-month,No,Bank transfer (automatic),21.62,324.48,Yes
4004-CBOAE,Female,0,No,Yes,53,No,No phone service,No,No internet service,No internet service,No internet service,No internet service,No internet service,No internet service,Month-to-month,Yes,Electronic check,19.93,1057.0,No
9489-EVHIQ,Female,0,Yes,No,48,Yes,No,DSL,No,No,No,Yes,No,No,Month-to-month,Yes,Mailed check,65.31,3143.34,Yes
4248-PXUHA,Female,0,No,No,6,Yes,No,Fiber optic,No,No,No,Yes,No,No,Month-to-month,Yes,Electronic check,71.74,432.66,No
1124-OSCLX,Female,0,No,No,6,Yes,No,No,No internet service,No internet service,No internet service,No internet service,No internet service,No internet service,Month-to-month,No,Electronic check,26.35,166.48,No
6219-OTCKR,Female,0,Yes,No,19,Yes,Yes,DSL,Yes,No,No,Yes,No,Yes,Month-to-month,Yes,Bank transfer (automatic),64.8,1231.31,No
2664-DFQZU,Male,0,Yes,No,3,Yes,No,DSL,No,No,No,No,No,No,Month-to-month,Yes,Credit card (automatic),59.63,186.58,No
7842-SQSEB,Female,0,No,Yes,17,Yes,No,Fiber optic,No,No,No,Yes,No,No,One year,Yes,Credit card (automatic),110.51,1892.61,No
1697-BFSZN,Female,0,Yes,Yes,66,No,No phone service,DSL,No,Yes,Yes,No,No,Yes,Two year,No,Electronic check,42.21,2769.01,No
2773-JBPLB,Male,0,Yes,No,69,Yes,No,No,No internet service,No internet service,No internet service,No internet service,No internet service,No internet service,Month-to-month,No,Credit card (automatic),28.05,1945.55,No
4646-GPNXC,Female,0,No,Yes,62,Yes,No,DSL,No,No,No,No,Yes,No,One year,No,Credit card (automatic),48.66,3029.48,No
8178-JPOCF,Male,1,Yes,Yes,3,Yes,No,Fiber optic,No,No,No,No,Yes,No,Month-to-month,No,Electronic check,82.94,258.72,Yes
7891-PEMFH,Male,0,No,No,5,Yes,Yes,No,No internet service,No internet service,No internet service,No internet service,No internet service,No internet service,Month-to-month,Yes,Credit card (automatic),23.24,105.42,Yes
7253-OTNHK,Female,1,Yes,Yes,13,Yes,Yes,No,No internet service,No internet service,No internet service,No internet service,No internet service,No internet service,Two year,Yes,Electronic check,22.8,281.08,No
7798-LOLVS,Male,0,No,Yes,58,Yes,No,Fiber optic,No,No,Yes,No,Yes,No,Month-to-month,Yes,Electronic check,100.47,5843.91,Yes
6178-NQDAW,Female,1,No,Yes,21,Yes,No,No,No internet service,No internet service,No internet service,No internet service,No internet service,No internet service,One year,Yes,Credit card (automatic),19.83,410.08,No
3562-GLXGJ,Male,0,Yes,No,9,Yes,Yes,No,No internet service,No internet service,No internet service,No internet service,No internet service,No internet service,Month-to-month,Yes,Credit card (automatic),22.58,190.54,No
7876-WTSQP,Male,0,Yes,Yes,5,Yes,No,No,No internet service,No internet service,No internet service,No internet service,No internet service,No internet service,Month-to-month,Yes,Mailed check,21.7,115.55,No
4335-MXQEV,Male,0,No,No,1,No,No phone service,Fiber optic,No,No,Yes,Yes,Yes,No,One year,No,Bank transfer (automatic),79.65,94.37,No
7704-RJFSQ,Female,0,No,Yes,58,No,No phone service,Fiber optic,No,No,No,No,No,Yes,Month-to-month,Yes,Electronic check,104.17,6061.29,No
9912-ENKVE,Female,0,No,No,1,Yes,Yes,Fiber optic,No,Yes,No,No,No,No,Month-to-month,No,Bank transfer (automatic),102.57,104.29,No
2986-KIERE,Male,0,Yes,No,59,Yes,No,Fiber optic,No,Yes,Yes,No,No,No,One year,Yes,Credit card (automatic),93.52,5532.84,No
1747-IWOHP,Male,0,No,No,0,Yes,Yes,No,No internet service,No internet service,No internet service,No internet service,No internet service,No internet service,Month-to-month,Yes,Electronic check,21.05,0.0,Yes
2263-JZUKW,Female,0,No,No,57,Yes,No,Fiber optic,No,No,No,Yes,Yes,No,Month-to-month,Yes,Bank transfer (automatic),91.06,5192.07,Yes
1996-XKPZD,Female,0,No,No,50,Yes,No,No,No internet service,No internet service,No internet service,No internet service,No internet service,No internet service,Two year,No,Credit card (automatic),26.68,1336.69,No
5448-BALTS,Male,0,No,No,2,Yes,Yes,DSL,No,No,No,No,Yes,No,Month-to-month,No,Bank transfer (automatic),60.18,135.32,No
1921-INCXE,Male,0,Yes,No,12,Yes,Yes,Fiber optic,Yes,No,No,No,Yes,No,One year,No,Credit card (automatic),87.94,1044.91,Yes
5152-LLYEC,Female,0,No,No,67,Yes,Yes,DSL,No,No,No,No,Yes,Yes,Two year,Yes,Electronic check,61.78,4149.14,No
1905-XTFYE,Female,0,Yes,No,12,Yes,No,Fiber optic,No,No,No,Yes,No,No,Month-to-month,No,Credit card (automatic),108.56,1296.25,No
6871-OLCXJ,Female,0,Yes,No,1,Yes,No,Fiber optic,No,No,No,No,No,No,Month-to-month,Yes,Mailed check,89.27,73.18,Yes
8273-DYVYT,Female,1,No,No,60,Yes,No,No,No internet service,No internet service,No internet service,No internet service,No internet service,No internet service,One year,Yes,Electronic check,27.6,1675.05,No
3921-SNRIY,Female,0,No,Yes,25,Yes,Yes,DSL,Yes,No,No,Yes,No,Yes,Month-to-month,Yes,Bank transfer (automatic),57.92,1465.03,Yes
2186-IKSJQ,Male,0,Yes,No,4,Yes,Yes,DSL,No,Yes,No,No,No,Yes,One year,Yes,Bank transfer (automatic),48.65,194.89,No
9248-LZHEX,Female,0,No,No,3,Yes,No,No,No internet service,No internet service,No internet service,No internet service,No internet service,No internet service,Month-to-month,Yes,Bank transfer (automatic),24.08,58.4,No
4001-WICCG,Male,0,Yes,No,62,Yes,No,No,No internet service,No internet service,No internet service,No internet service,No internet service,No internet service,Month-to-month,Yes,Credit card (automatic),21.77,1364.29,No
6105-HMIJJ,Female,0,No,No,1,Yes,No,DSL,No,Yes,Yes,Yes,Yes,No,Month-to-month,Yes,Electronic check,51.83,47.92,Yes
4852-PNJDJ,Male,0,No,Yes,70,Yes,No,DSL,No,Yes,No,No,No,Yes,One year,Yes,Electronic check,67.35,4715.02,No
8981-LOHXX,Female,0,Yes,No,56,No,No phone service,DSL,Yes,No,Yes,No,Yes,No,Month-to-month,No,Credit card (automatic),68.21,3839.34,No
7868-BSVJP,Female,0,Yes,No,31,Yes,Yes,Fiber optic,No,No,No,No,No,No,Two year,Yes,Bank transfer (automatic),100.33,3108.87,No
9920-IRCYG,Male,0,Yes,Yes,7,Yes,No,Fiber optic,No,No,No,No,No,Yes,One year,No,Mailed check,109.51,752.47,No
6590-FFRYQ,Male,0,Yes,No,5,Yes,No,Fiber optic,No,No,No,No,Yes,No,Month-to-month,No,Electronic check,114.27,577.94,No
6785-RFAER,Female,0,Yes,No,15,Yes,No,Fiber optic,No,Yes,Yes,No,No,No,Month-to-month,No,Credit card (automatic),96.02,1442.35,No
2841-LHGDZ,Female,0,No,Yes,67,Yes,No,Fiber optic,No,No,No,No,No,No,Month-to-month,No,Electronic check,78.24,5229.33,No
6627-IXYGH,Female,1,Yes,Yes,57,Yes,No,DSL,No,No,No,Yes,No,Yes,One year,Yes,Credit card (automatic),63.32,3596.77,No
8182-FULMG,Female,0,No,Yes,51,Yes,No,Fiber optic,No,No,No,No,No,No,Two year,Yes,Mailed check,99.49,5090.79,No
9134-LHNPD,Female,0,Yes,No,69,Yes,Yes,No,No internet service,No internet service,No internet service,No internet service,No internet service,No internet service,Month-to-month,Yes,Mailed check,23.96,1634.83,No
1397-ESWHU,Male,0,No,No,0,Yes,No,No,No internet service,No internet service,No internet service,No internet service,No internet service,No internet service,Month-to-month,No,Bank transfer (automatic),19.07,4.93,No
4021-DHRJV,Male,0,Yes,Yes,7,Yes,No,No,No internet service,No internet service,No internet service,No internet service,No internet service,No internet service,Month-to-month,Yes,Mailed check,24.9,185.91,Yes
3318-GQGMM,Female,0,Yes,No,52,Yes,No,Fiber optic,No,No,No,Yes,No,Yes,Month-to-month,No,Electronic check,106.03,5508.5,No
4449-ZURCG,Male,0,No,Yes,55,Yes,Yes,DSL,No,No,Yes,No,Yes,No,Month-to-month,No,Bank transfer (automatic),60.2,3296.5,No
6770-FDIDM,Male,0,Yes,No,59,No,No phone service,DSL,Yes,No,No,Yes,Yes,Yes,Month-to-month,No,Mailed check,41.18,2446.44,No
4939-MCDZG,Male,0,No,Yes,51,Yes,Yes,Fiber optic,No,Yes,No,Yes,No,No,Month-to-month,No,Mailed check,90.48,4604.91,No
6492-VRWXD,Female,0,No,No,22,Yes,Yes,DSL,Yes,No,Yes,No,No,Yes,Month-to-month,Yes,Bank transfer (automatic),44.52,966.66,No
4793-YAOXG,Male,0,No,No,1,Yes,No,DSL,No,No,No,No,No,No,Month-to-month,Yes,Electronic check,57.35,39.88,Yes
3218-EUXRT,Female,0,Yes,No,67,Yes,No,DSL,Yes,No,Yes,Yes,No,Yes,Month-to-month,Yes,Electronic check,56.32,3789.19,No
8969-MULED,Male,0,Yes,Yes,8,Yes,Yes,No,No internet service,No internet service,No internet service,No internet service,No internet service,No internet service,Month-to-month,Yes,Electronic check,28.46,229.26,Yes
7183-KQXLP,Female,0,No,Yes,51,Yes,No,DSL,Yes,No,Yes,Yes,No,No,Month-to-month,Yes,Mailed check,57.25,2915.32,No
2417-QUFOB,Male,0,No,No,16,Yes,No,DSL,Yes,No,No,No,No,No,Month-to-month,No,Electronic check,68.93,1113.64,Yes
3164-EFHTL,Female,0,Yes,Yes,52,Yes,No,No,No internet service,No internet service,No internet service,No internet service,No internet service,No internet service,Month-to-month,Yes,Electronic check,18.24,949.53,No
5807-BXMFT,Female,1,Yes,No,0,Yes,Yes,Fiber optic,No,Yes,No,No,Yes,Yes,Month-to-month,Yes,Electronic check,75.37,0.0,Yes
4274-SDNRL,Male,0,Yes,No,70,Yes,Yes,DSL,No,No,No,No,No,Yes,Month-to-month,No,Bank transfer (automatic),68.54,4793.32,No
1177-GPMBD,Female,0,No,No,0,Yes,Yes,No,No internet service,No internet service,No internet service,No internet service,No internet service,No internet service,Month-to-month,No,Bank transfer (automatic),18.89,10.36,Yes
6378-GNGQB,Female,0,Yes,No,2,Yes,Yes,DSL,Yes,Yes,Yes,Yes,Yes,Yes,Month-to-month,No,Electronic check,57.21,105.12,Yes
7689-FZZIP,Female,1,No,No,59,Yes,No,No,No internet service,No internet service,No internet service,No internet service,No internet service,No internet service,Month-to-month,Yes,Electronic check,29.53,1743.75,No
4162-NWYTE,Female,0,Yes,No,3,Yes,No,Fiber optic,No,Yes,No,Yes,No,Yes,Month-to-month,Yes,Mailed check,99.43,312.92,No
3107-FNIES,Female,0,Yes,No,32,Yes,Yes,DSL,No,Yes,No,Yes,Yes,Yes,Month-to-month,No,Mailed check,65.35,2106.29,No
3418-ELAYW,Female,0,Yes,No,0,Yes,Yes,Fiber optic,No,No,No,Yes,No,Yes,Month-to-month,Yes,Electronic check,90.18,15.75,No
3931-FXQED,Female,0,No,No,53,Yes,No,Fiber optic,Yes,No,No,Yes,Yes,Yes,One year,Yes,Mailed check,80.06,4253.72,No
7078-PMNGK,Female,0,Yes,Yes,57,Yes,No,Fiber optic,No,Yes,No,Yes,Yes,No,Month-to-month,Yes,Electronic check,94.51,5387.49,Yes
8028-XJXRJ,Male,0,Yes,No,61,No,No phone service,No,No internet service,No internet service,No internet service,No internet service,No internet service,No internet service,Month-to-month,No,Electronic check,28.17,1718.35,No
6966-NKVDV,Male,0,Yes,Yes,11,Yes,No,DSL,No,No,No,No,Yes,No,Month-to-month,Yes,Electronic check,61.31,692.72,Yes
3559-NYNJK,Female,0,Yes,No,65,Yes,Yes,Fiber optic,No,No,No,No,No,No,Month-to-month,Yes,Electronic check,102.88,6698.0,No
6241-QQJRX,Female,0,Yes,Yes,0,Yes,No,No,No internet service,No internet service,No internet service,No internet service,No internet service,No internet service,Month-to-month,Yes,Electronic check,19.44,0.0,No
4189-PDJQD,Male,0,No,No,4,Yes,Yes,Fiber optic,No,Yes,No,No,Yes,No,Month-to-month,No,Credit card (automatic),112.75,444.17,No
2909-MKLEA,Male,0,No,No,0,Yes,No,Fiber optic,No,No,Yes,No,No,No,Month-to-month,Yes,Credit card (automatic),79.6,0.0,Yes
3045-QVXYW,Male,0,Yes,No,53,Yes,Yes,DSL,Yes,No,No,No,No,No,Two year,Yes,Credit card (automatic),55.11,2931.8,No
8370-CPTCJ,Female,0,No,No,2,Yes,No,Fiber optic,Yes,No,No,Yes,No,Yes,Month-to-month,No,Bank transfer (automatic),73.87,146.39,Yes
1737-TWBDP,Male,0,Yes,Yes,4,Yes,No,Fiber optic,No,No,No,No,Yes,Yes,Two year,Yes,Mailed check,85.0,349.18,No
5802-MQCPO,Female,0,Yes,No,14,Yes,No,DSL,No,No,Yes,No,No,No,Two year,Yes,Electronic check,43.9,596.36,No
8861-LPKWM,Female,0,No,No,3,Yes,Yes,DSL,No,Yes,No,Yes,No,No,Two year,Yes,Electronic check,69.53,215.25,Yes
8819-EKTCC,Male,0,No,No,11,Yes,No,Fiber optic,No,No,No,No,No,No,Two year,No,Mailed check,80.28,875.68,No
4289-SFGZG,Female,0,No,No,18,Yes,Yes,DSL,No,No,No,No,No,Yes,Month-to-month,Yes,Electronic check,58.16,1035.63,No
4690-QBFXO,Female,0,Yes,No,6,Yes,No,Fiber optic,No,No,No,No,No,No,Month-to-month,No,Electronic check,75.68,460.64,Yes
6230-SJKAT,Female,0,Yes,No,0,Yes,No,Fiber optic,Yes,No,No,No,No,No,Month-to-month,Yes,Credit card (automatic),87.43,0.0,Yes
8585-SBJMS,Female,0,No,No,68,Yes,Yes,DSL,No,No,No,No,No,Yes,Month-to-month,Yes,Mailed check,46.75,3185.57,Yes
8157-GOPBU,Male,0,No,Yes,3,Yes,Yes,Fiber optic,Yes,Yes,Yes,Yes,No,No,Month-to-month,No,Electronic check,111.22,353.42,No
1151-ELPEE,Male,0,Yes,No,68,Yes,Yes,Fiber optic,No,No,Yes,No,Yes,No,Two year,Yes,Mailed check,70.85,4834.49,No
8305-CHHXT,Female,0,No,No,6,Yes,No,No,No internet service,No internet service,No internet service,No internet service,No internet service,No internet service,Month-to-month,Yes,Electronic check,21.72,140.91,No
4072-MOOYK,Female,0,No,Yes,62,Yes,No,No,No internet service,No internet service,No internet service,No internet service,No internet service,No internet service,Month-to-month,No,Bank transfer (automatic),24.54,1515.04,No
5090-PNZUI,Male,0,Yes,No,3,Yes,Yes,No,No internet service,No internet service,No internet service,No internet service,No internet service,No internet service,One year,No,Bank transfer (automatic),27.55,74.69,No
2631-JKUDO,Female,0,No,Yes,4,Yes,No,Fiber optic,Yes,No,No,Yes,Yes,No,Month-to-month,Yes,Mailed check,91.02,382.81,No
3664-LWYZU,Male,0,No,Yes,50,Yes,Yes,No,No internet service,No internet service,No internet service,No internet service,No internet service,No internet service,Month-to-month,Yes,Mailed check,22.77,1122.46,No
9521-SXPUZ,Female,1,Yes,No,65,Yes,Yes,No,No internet service,No internet service,No internet service,No internet service,No internet service,No internet service,Month-to-month,No,Credit card (automatic),23.32,1504.24,No
2154-MRSKB,Female,0,No,No,8,No,No phone service,Fiber optic,Yes,No,No,Yes,No,Yes,Two year,Yes,Electronic check,98.36,800.01,No
7126-XSNWO,Male,0,Yes,Yes,20,Yes,Yes,Fiber optic,No,Yes,No,No,No,No,Month-to-month,Yes,Electronic check,112.07,2241.26,No
1919-PRPQZ,Male,0,Yes,No,51,Yes,No,DSL,Yes,No,No,No,No,No,One year,Yes,Electronic check,41.61,2138.19,No
8398-XVJVZ,Male,0,No,No,66,Yes,No,DSL,No,No,No,No,No,Yes,Month-to-month,Yes,Electronic check,63.31,4173.31,No
5443-AHRLW,Male,0,No,Yes,23,Yes,Yes,Fiber optic,No,No,No,Yes,No,No,Two year,Yes,Credit card (automatic),75.51,1728.96,No
1308-DVKLK,Female,0,No,No,4,Yes,Yes,Fiber optic,No,No,No,No,No,No,Month-to-month,Yes,Electronic check,74.95,303.51,No
3374-RUYAU,Male,0,No,No,1,Yes,Yes,DSL,Yes,Yes,Yes,Yes,Yes,No,One year,Yes,Electronic check,51.75,59.2,No
4493-BGBRV,Female,0,No,No,53,No,No phone service,DSL,No,No,Yes,No,Yes,Yes,Two year,No,Credit card (automatic),44.83,2382.71,No
1743-AVPIN,Male,0,No,Yes,1,Yes,Yes,No,No internet service,No internet service,No internet service,No internet service,No internet service,No internet service,Month-to-month,No,Mailed check,21.4,11.58,Yes
3773-ARFCR,Male,0,Yes,No,11,Yes,Yes,Fiber optic,No,No,No,No,Yes,No,Month-to-month,Yes,Mailed check,93.45,1041.78,No
7790-RAEPW,Female,0,No,Yes,3,Yes,Yes,Fiber optic,Yes,No,Yes,No,No,Yes,Month-to-month,Yes,Bank transfer (automatic),112.65,336.31,Yes
6773-JXCME,Male,0,No,Yes,0,Yes,No,Fiber optic,Yes,No,No,No,No,Yes,Month-to-month,No,Bank transfer (automatic),76.25,0.0,Yes
3697-JCYTA,Male,1,Yes,No,5,Yes,Yes,Fiber optic,Yes,No,No,Yes,No,Yes,Two year,No,Bank transfer (automatic),77.45,389.31,Yes
9860-ZWJWZ,Male,0,No,Yes,34,Yes,No,DSL,No,No,No,No,No,No,Month-to-month,Yes,Mailed check,63.53,2151.46,No
4047-XKGSV,Male,0,No,Yes,1,Yes,Yes,Fiber optic,No,No,No,No,No,No,Two year,Yes,Credit card (automatic),80.23,83.83,No
3144-BGTPN,Female,0,No,No,1,Yes,No,DSL,No,Yes,Yes,No,No,Yes,One year,No,Bank transfer (automatic),62.53,49.95,No
1832-MGZBU,Female,0,Yes,No,4,Yes,No,No,No internet service,No internet service,No internet service,No internet service,No internet service,No internet service,Month-to-month,No,Credit card (automatic),20.38,94.55,Yes
4154-CBHTH,Male,0,No,Yes,55,Yes,No,DSL,No,No,No,Yes,Yes,No,Month-to-month,No,Electronic check,62.35,3416.16,No
7474-ADXYH,Male,1,Yes,No,65,No,No phone service,DSL,No,Yes,No,No,Yes,No,Month-to-month,No,Electronic check,55.39,3597.17,No
1389-TITXR,Male,0,Yes,Yes,61,Yes,Yes,Fiber optic,No,No,No,No,Yes,No,Month-to-month,No,Electronic check,96.2,5849.61,Yes
5450-NKHOD,Female,1,No,No,55,No,No phone service,Fiber optic,No,No,No,No,Yes,Yes,Month-to-month,Yes,Mailed check,93.17,5130.28,No
3375-EESZX,Female,0,No,Yes,4,Yes,No,Fiber optic,No,No,No,Yes,No,Yes,Month-to-month,Yes,Electronic check,94.55,361.93,Yes
9089-TFSXB,Female,0,Yes,No,3,No,No phone service,DSL,Yes,No,No,No,No,Yes,Two year,Yes,Electronic check,62.72,197.09,No
3389-LHJBE,Female,1,Yes,No,66,Yes,No,Fiber optic,No,Yes,Yes,No,Yes,No,Month-to-month,Yes,Credit card (automatic),106.31,7023.28,Yes
8408-HXZWB,Male,0,No,Yes,7,No,No phone service,DSL,No,Yes,No,No,No,Yes,Month-to-month,Yes,Credit card (automatic),51.75,358.98,No
1129-QHZTV,Male,0,No,No,1,Yes,No,Fiber optic,No,No,Yes,No,No,No,Month-to-month,No,Mailed check,103.75,103.3,Yes
4972-MIUVR,Male,0,No,No,65,Yes,Yes,DSL,No,No,No,No,Yes,No,One year,Yes,Electronic check,41.6,2717.48,No
9793-EBPPT,Female,1,No,No,55,Yes,Yes,No,No internet service,No internet service,No internet service,No internet service,No internet service,No internet service,One year,No,Electronic check,21.1,1150.74,No
4736-JZCLG,Male,0,Yes,No,56,Yes,No,No,No internet service,No internet service,No internet service,No internet service,No internet service,No internet service,Month-to-month,Yes,Bank transfer (automatic),29.7,1668.7,No
8070-DGCSL,Female,1,Yes,No,70,Yes,No,No,No internet service,No internet service,No internet service,No internet service,No internet service,No internet service,Two year,Yes,Bank transfer (automatic),21.4,1500.94,No
7776-IRYUA,Female,0,Yes,No,65,No,No phone service,No,No internet service,No internet service,No internet service,No internet service,No internet service,No internet service,Two year,No,Bank transfer (automatic),28.22,1843.3,No
6240-QJTAG,Male,0,Yes,No,60,Yes,No,DSL,No,Yes,Yes,No,No,No,One year,No,Credit card (automatic),63.28,3792.95,No
4682-RJKNW,Male,0,Yes,No,55,Yes,No,Fiber optic,Yes,Yes,No,Yes,No,Yes,Two year,No,Credit card (automatic),99.4,5482.25,No
7848-ASTSS,Male,0,Yes,No,4,No,No phone service,DSL,No,Yes,Yes,No,Yes,No,One year,Yes,Credit card (automatic),62.07,237.72,Yes
6288-KMNVX,Female,1,No,No,13,Yes,No,DSL,Yes,No,No,No,No,No,Two year,Yes,Mailed check,40.25,535.43,No
5482-YDQXQ,Female,0,Yes,No,2,No,No phone service,DSL,No,No,No,No,Yes,Yes,Month-to-month,No,Credit card (automatic),41.42,86.94,No
8840-IMYLF,Male,0,No,No,51,No,No phone service,Fiber optic,Yes,No,Yes,No,No,No,Month-to-month,No,Bank transfer (automatic),112.91,5770.39,No
8568-LJOGR,Male,0,No,No,68,Yes,Yes,Fiber optic,Yes,Yes,Yes,Yes,Yes,No,Two year,Yes,Electronic check,78.32,5344.29,No
8226-EWWSD,Female,0,No,Yes,62,Yes,No,No,No internet service,No internet service,No internet service,No internet service,No internet service,No internet service,Month-to-month,Yes,Bank transfer (automatic),28.57,1751.46,Yes
9464-HOVQP,Male,0,No,No,2,No,No phone service,Fiber optic,No,Yes,Yes,No,No,No,Month-to-month,No,Mailed check,114.17,209.48,Yes
2358-MHZFQ,Female,1,No,No,6,Yes,No,Fiber optic,No,No,No,Yes,Yes,No,Month-to-month,No,Electronic check,98.21,569.28,No
3566-IPWPM,Female,1,Yes,No,0,Yes,No,Fiber optic,Yes,No,Yes,Yes,No,Yes,Month-to-month,Yes,Electronic check,112.43,0.0,No
5882-KALAY,Male,0,Yes,No,69,Yes,No,No,No internet service,No internet service,No internet service,No internet service,No internet service,No internet service,Month-to-month,Yes,Bank transfer (automatic),28.96,1993.99,No
3287-ARFVC,Male,1,Yes,No,0,Yes,No,No,No internet service,No internet service,No internet service,No internet service,No internet service,No internet service,One year,Yes,Mailed check,30.0,0.0,No
2273-OIYOB,Male,1,Yes,No,0,Yes,Yes,Fiber optic,No,Yes,No,Yes,No,No,Two year,Yes,Bank transfer (automatic),73.81,0.0,Yes
8680-LKUMY,Male,0,No,No,68,Yes,No,DSL,No,Yes,No,No,No,No,Month-to-month,Yes,Credit card (automatic),53.57,3658.87,No
9186-WVYXF,Female,0,No,No,60,Yes,Yes,DSL,No,No,No,Yes,No,Yes,Two year,Yes,Bank transfer (automatic),67.21,4017.75,No
6211-APJBP,Female,1,No,Yes,6,Yes,No,Fiber optic,No,No,No,No,Yes,No,Month-to-month,No,Credit card (automatic),72.54,436.82,Yes
5283-HTBKR,Female,0,Yes,No,68,Yes,No,DSL,Yes,No,No,No,No,Yes,Month-to-month,Yes,Mailed check,50.31,3437.29,No
4741-UTDIG,Male,1,No,No,4,Yes,No,No,No internet service,No internet service,No internet service,No internet service,No internet service,No internet service,One year,Yes,Credit card (automatic),22.63,92.11,No
6593-KPZKG,Female,0,Yes,No,64,Yes,Yes,Fiber optic,No,Yes,No,No,Yes,No,Two year,No,Credit card (automatic),82.54,5277.33,No
6038-JDPNX,Male,0,No,No,19,Yes,Yes,Fiber optic,Yes,No,Yes,No,No,Yes,Month-to-month,Yes,Mailed check,80.62,1539.96,No
8281-YAKFT,Male,0,Yes,No,58,Yes,Yes,No,No internet service,No internet service,No internet service,No internet service,No internet service,No internet service,Month-to-month,No,Mailed check,26.83,1575.97,No
5888-XHFRU,Male,0,Yes,Yes,20,Yes,No,Fiber optic,No,No,Yes,Yes,No,No,Month-to-month,No,Mailed check,81.85,1641.07,No
3139-NVAST,Male,0,Yes,No,52,Yes,Yes,Fiber optic,No,No,No,Yes,Yes,No,Two year,Yes,Mailed check,97.41,5071.13,No
8433-ERAPI,Male,0,No,Yes,54,Yes,Yes,DSL,No,No,No,No,No,No,Month-to-month,Yes,Bank transfer (automatic),66.01,3551.77,No
1871-IJIEM,Male,0,Yes,No,2,Yes,No,Fiber optic,No,Yes,No,No,Yes,No,Month-to-month,No,Mailed check,88.18,166.9,Yes
7210-EIEAF,Female,0,Yes,Yes,17,Yes,No,Fiber optic,Yes,Yes,No,No,Yes,Yes,Two year,Yes,Bank transfer (automatic),94.55,1619.13,No
8045-ANVOC,Male,0,No,No,1,Yes,Yes,No,No internet service,No internet service,No internet service,No internet service,No internet service,No internet service,One year,Yes,Bank transfer (automatic),28.4,38.4,No
1816-TQCMN,Female,1,No,No,3,Yes,No,Fiber optic,No,No,No,Yes,No,Yes,Two year,No,Electronic check,108.49,315.01,No
9064-ECMKK,Female,0,Yes,Yes,21,Yes,Yes,Fiber optic,Yes,No,Yes,Yes,No,No,Two year,Yes,Credit card (automatic),70.62,1483.26,No
8202-UCLLK,Male,0,No,No,69,Yes,Yes,Fiber optic,Yes,No,Yes,No,No,Yes,Month-to-month,Yes,Bank transfer (automatic),98.62,6819.92,No
1457-DNJID,Male,0,Yes,Yes,9,Yes,No,DSL,No,No,Yes,Yes,No,No,One year,Yes,Bank transfer (automatic),69.87,615.97,No
3295-SYTHZ,Male,0,Yes,Yes,63,Yes,No,Fiber optic,Yes,No,Yes,No,Yes,Yes,Month-to-month,No,Electronic check,94.78,5980.14,No
6953-ZLSQW,Female,0,Yes,No,67,No,No phone service,DSL,Yes,Yes,No,No,Yes,No,Two year,Yes,Mailed check,62.2,4161.3,No
6606-WORFG,Male,0,Yes,No,65,Yes,No,DSL,No,Yes,No,No,Yes,No,Month-to-month,Yes,Mailed check,45.26,2924.54,No
6914-YWAPI,Female,0,No,Yes,7,Yes,No,DSL,Yes,No,No,No,No,No,Two year,Yes,Electronic check,42.48,288.58,Yes
8411-UKAJX,Male,0,No,No,2,Yes,Yes,Fiber optic,No,Yes,No,No,Yes,Yes,Month-to-month,Yes,Credit card (automatic),71.58,139.94,Yes
9849-EWJTA,Male,0,Yes,No,7,Yes,No,No,No internet service,No internet service,No internet service,No internet service,No internet service,No internet service,Month-to-month,Yes,Bank transfer (automatic),25.28,186.75,No
9209-QLAGU,Female,1,No,Yes,58,Yes,No,No,No internet service,No internet service,No internet service,No internet service,No internet service,No internet service,Month-to-month,No,Mailed check,26.21,1505.27,No
3528-TICJO,Female,0,No,No,57,Yes,Yes,DSL,No,Yes,Yes,No,No,No,One year,Yes,Bank transfer (automatic),60.42,3458.24,No
5087-JSUTH,Male,1,Yes,No,62,No,No phone service,DSL,No,No,No,No,No,Yes,Month-to-month,Yes,Credit card (automatic),59.1,3657.11,Yes
7597-ZTMIA,Female,1,Yes,No,57,Yes,Yes,Fiber optic,No,Yes,Yes,Yes,No,No,Month-to-month,Yes,Electronic check,108.24,6155.7,Yes
1124-PPQPV,Female,1,No,No,8,Yes,No,DSL,Yes,No,No,Yes,No,Yes,Month-to-month,No,Electronic check,52.03,411.07,Yes
8102-BXJQD,Female,1,No,No,7,Yes,No,Fiber optic,No,No,Yes,Yes,Yes,No,Month-to-month,Yes,Credit card (automatic),80.52,580.75,No
8573-NOLMO,Female,0,No,No,0,Yes,No,Fiber optic,No,No,Yes,No,No,Yes,Month-to-month,No,Electronic check,78.12,2.55,Yes
4680-OBUFS,Female,0,No,No,65,Yes,No,DSL,Yes,Yes,Yes,No,Yes,No,Month-to-month,Yes,Bank transfer (automatic),60.75,3942.76,No
2779-ZKSAQ,Male,0,Yes,No,51,Yes,No,Fiber optic,No,No,No,Yes,No,Yes,Month-to-month,No,Mailed check,102.96,5248.15,Yes
6527-FIXDW,Male,0,No,Yes,9,Yes,No,Fiber optic,No,No,Yes,Yes,Yes,Yes,Month-to-month,Yes,Credit card (automatic),80.79,736.63,Yes
2393-QWILE,Female,0,Yes,No,53,Yes,No,Fiber optic,No,No,No,No,No,No,Two year,No,Mailed check,107.36,5671.83,No
3278-QVFFE,Male,0,No,No,69,Yes,No,Fiber optic,No,No,No,No,Yes,No,One year,No,Credit card (automatic),113.54,7852.3,No
7664-BXXBF,Male,1,No,No,0,Yes,No,DSL,Yes,Yes,No,No,No,No,Two year,Yes,Electronic check,48.75,13.32,No
5329-JFQYS,Female,1,Yes,No,56,Yes,Yes,DSL,No,Yes,No,No,No,No,Month-to-month,Yes,Electronic check,56.75,3193.47,No
7782-DTPSQ,Male,0,Yes,No,8,Yes,Yes,DSL,Yes,No,No,No,No,Yes,Two year,No,Electronic check,64.13,519.73,Yes
9148-OWGTX,Female,0,No,Yes,57,Yes,No,DSL,No,Yes,No,No,No,No,Month-to-month,No,Electronic check,50.06,2857.05,Yes
7808-FEBCV,Female,1,Yes,No,66,Yes,Yes,DSL,No,Yes,No,No,Yes,No,Month-to-month,Yes,Credit card (automatic),67.62,4456.63,Yes
9611-NQMHB,Male,0,No,Yes,5,Yes,Yes,DSL,No,No,Yes,Yes,No,Yes,Month-to-month,Yes,Credit card (automatic),48.29,233.48,No
3699-EMOYN,Female,0,No,No,8,Yes,No,Fiber optic,No,No,Yes,No,No,No,Month-to-month,No,Electronic check,101.0,791.56,Yes
2817-NKWYS,Female,0,No,No,32,Yes,No,Fiber optic,Yes,Yes,Yes,No,No,Yes,Month-to-month,Yes,Mailed check,94.16,2994.47,No
9759-UNHAB,Female,0,Yes,Yes,0,Yes,Yes,DSL,No,Yes,No,Yes,Yes,No,One year,Yes,Electronic check,64.58,0.0,No
2239-QPKQM,Female,0,No,No,16,Yes,No,DSL,Yes,Yes,No,Yes,Yes,No,Month-to-month,No,Electronic check,60.03,947.64,Yes
1738-ONCUL,Female,1,No,No,63,No,No phone service,Fiber optic,Yes,Yes,No,Yes,No,No,One year,No,Bank transfer (automatic),106.92,6722.44,No
4370-CCGJL,Male,0,No,No,2,Yes,No,Fiber optic,No,No,Yes,Yes,No,No,One year,No,Credit card (automatic),111.37,234.15,No
4578-IABZO,Male,0,No,Yes,61,Yes,No,Fiber optic,No,No,Yes,No,No,No,Month-to-month,Yes,Bank transfer (automatic),100.05,6087.26,No
6608-PDMEU,Female,0,No,No,61,Yes,Yes,DSL,No,No,Yes,No,No,Yes,Month-to-month,No,Electronic check,51.12,3128.95,Yes
3706-HRMUT,Female,0,No,No,0,No,No phone service,Fiber optic,No,No,No,No,No,No,Month-to-month,Yes,Credit card (automatic),87.06,0.0,Yes
8189-XXFQG,Male,1,Yes,No,10,No,No phone service,DSL,No,No,Yes,Yes,Yes,Yes,Month-to-month,No,Credit card (automatic),48.62,504.59,Yes
9804-WLLPN,Female,0,No,No,54,Yes,Yes,Fiber optic,No,No,Yes,No,No,No,Month-to-month,No,Mailed check,83.4,4507.77,No
1948-IKWRS,Male,0,Yes,No,56,Yes,Yes,Fiber optic,Yes,Yes,No,No,Yes,No,Month-to-month,No,Mailed check,78.37,4391.04,No
4271-OUXHV,Female,0,Yes,No,28,Yes,No,Fiber optic,No,Yes,Yes,No,No,Yes,Month-to-month,No,Mailed check,75.84,2129.23,Yes
1654-AUMZB,Female,0,Yes,No,69,Yes,No,DSL,No,Yes,No,Yes,Yes,No,Month-to-month,No,Bank transfer (automatic),63.47,4379.18,No
2426-VUHTD,Female,0,No,No,6,Yes,No,No,No internet service,No internet service,No internet service,No internet service,No internet service,No internet service,Month-to-month,Yes,Credit card (automatic),24.02,146.96,No
4502-HOPCY,Female,0,No,No,2,Yes,Yes,No,No internet service,No internet service,No internet service,No internet service,No internet service,No internet service,Two year,Yes,Credit card (automatic),24.87,57.98,No
2964-QXMVN,Female,0,No,No,53,Yes,Yes,DSL,No,No,Yes,No,Yes,Yes,Two year,No,Bank transfer (automatic),58.85,3132.8,No
8595-BFQYY,Female,0,Yes,No,53,Yes,Yes,DSL,No,Yes,Yes,Yes,No,Yes,Month-to-month,No,Mailed check,65.6,3493.68,Yes
9377-HCYGD,Female,0,Yes,No,11,Yes,No,Fiber optic,No,No,No,No,No,Yes,Month-to-month,No,Mailed check,77.76,862.89,Yes
4297-YMNVT,Male,1,Yes,No,65,Yes,No,Fiber optic,No,No,Yes,No,No,No,Month-to-month,Yes,Bank transfer (automatic),112.93,7357.15,No
5654-RIBCD,Male,1,No,No,5,Yes,No,Fiber optic,No,No,No,No,No,Yes,Month-to-month,Yes,Bank transfer (automatic),99.47,499.11,No
4531-IWYVH,Male,0,Yes,No,60,Yes,No,No,No internet service,No internet service,No internet service,No internet service,No internet service,No internet service,Month-to-month,No,Credit card (automatic),18.65,1108.44,No
8984-PVOSL,Female,0,Yes,Yes,58,Yes,No,DSL,No,Yes,Yes,No,No,Yes,Month-to-month,Yes,Credit card (automatic),44.79,2591.37,Yes
2383-CZEAU,Female,0,Yes,No,4,Yes,No,Fiber optic,Yes,No,No,No,No,No,Month-to-month,Yes,Credit card (automatic),90.63,377.06,No
2837-TDAAK,Female,1,No,Yes,51,Yes,Yes,DSL,Yes,No,No,Yes,Yes,Yes,Two year,No,Electronic check,40.54,2073.29,No
1604-NLEQE,Female,0,No,Yes,63,Yes,No,DSL,No,No,No,No,No,No,Two year,No,Credit card (automatic),62.43,3924.24,No
7284-WXOMO,Female,0,No,Yes,51,Yes,No,DSL,No,No,No,No,No,No,Two year,Yes,Credit card (automatic),69.85,3565.45,No
3800-ZAUTF,Female,0,Yes,No,33,Yes,No,Fiber optic,No,Yes,No,Yes,Yes,No,Month-to-month,Yes,Credit card (automatic),96.35,3186.11,No
2201-TVYFG,Female,0,Yes,No,14,Yes,No,Fiber optic,No,No,No,Yes,Yes,No,Two year,No,Electronic check,87.49,1244.79,No
9791-DYISO,Male,0,Yes,Yes,12,No,No phone service,DSL,No,Yes,Yes,No,No,No,Month-to-month,Yes,Credit card (automatic),46.13,553.82,Yes
1415-PVRRD,Female,0,Yes,No,69,Yes,Yes,Fiber optic,No,No,No,No,No,No,One year,Yes,Bank transfer (automatic),113.09,7819.26,No
2204-ZQDPM,Male,0,Yes,Yes,54,Yes,No,Fiber optic,No,No,No,No,No,Yes,Two year,Yes,Mailed check,103.31,5572.33,No
3362-YAKWQ,Male,0,Yes,No,14,Yes,Yes,DSL,No,No,No,Yes,No,No,Two year,Yes,Mailed check,42.37,598.71,No
8649-QKQTA,Female,0,Yes,No,31,Yes,No,DSL,No,No,No,Yes,No,Yes,One year,Yes,Electronic check,40.15,1256.34,No
2427-IABER,Female,0,Yes,Yes,9,Yes,Yes,DSL,No,No,Yes,No,Yes,Yes,Month-to-month,Yes,Mailed check,50.14,468.5,No
2647-VVEFR,Male,0,Yes,Yes,3,Yes,No,Fiber optic,Yes,No,Yes,No,Yes,No,Month-to-month,Yes,Electronic check,95.85,286.84,Yes
9678-ISLAR,Male,0,No,No,71,Yes,Yes,Fiber optic,No,No,No,No,No,No,One year,Yes,Bank transfer (automatic),87.53,6228.83,No
7161-RWKYF,Female,1,No,No,8,Yes,Yes,Fiber optic,No,Yes,No,Yes,Yes,No,Two year,Yes,Mailed check,104.38,836.01,No
3046-ICSEV,Female,0,No,Yes,21,Yes,No,DSL,No,No,Yes,No,Yes,Yes,One year,Yes,Credit card (automatic),52.4,1106.33,No
7810-QAOQB,Male,0,Yes,No,12,Yes,No,No,No internet service,No internet service,No internet service,No internet service,No internet service,No internet service,Month-to-month,Yes,Bank transfer (automatic),20.37,234.11,Yes
6772-QSWID,Female,0,Yes,No,54,No,No phone service,Fiber optic,Yes,No,No,No,Yes,No,Month-to-month,No,Bank transfer (automatic),111.12,6013.45,No
6469-DCITL,Female,1,No,No,0,No,No phone service,Fiber optic,No,No,No,No,No,Yes,Month-to-month,Yes,Credit card (automatic),81.64,18.73,Yes
3534-KXHBS,Female,0,Yes,No,10,Yes,No,DSL,No,Yes,No,Yes,No,Yes,Two year,Yes,Electronic check,57.92,590.33,Yes
1000-TNBVH,Male,0,No,No,61,Yes,Yes,Fiber optic,No,Yes,No,No,Yes,Yes,Month-to-month,Yes,Credit card (automatic),80.09,4876.28,Yes
7818-YNOGN,Male,1,No,No,71,Yes,No,Fiber optic,Yes,No,Yes,No,No,Yes,One year,No,Electronic check,85.51,6054.15,No
6533-SZAPG,Male,0,No,No,5,Yes,Yes,Fiber optic,No,No,No,No,No,Yes,Two year,Yes,Electronic check,97.64,470.54,No
2695-VYTLC,Female,0,No,No,69,No,No phone service,Fiber optic,Yes,No,No,Yes,No,Yes,Month-to-month,Yes,Mailed check,77.11,5329.2,No
7374-KEYJD,Female,0,No,Yes,59,Yes,Yes,Fiber optic,No,No,No,No,Yes,No,Two year,Yes,Mailed check,80.45,4758.04,No
5412-JGJIH,Male,0,No,No,10,No,No phone service,DSL,Yes,No,Yes,No,Yes,Yes,Two year,Yes,Credit card (automatic),48.14,488.03,Yes
2541-EJOJX,Male,1,Yes,Yes,7,Yes,No,No,No internet service,No internet service,No internet service,No internet service,No internet service,No internet service,Month-to-month,No,Mailed check,22.74,165.91,No
8012-SAKXJ,Male,0,Yes,Yes,69,Yes,No,DSL,No,No,Yes,No,Yes,No,Month-to-month,No,Mailed check,49.2,3411.56,Yes
6877-VHLSZ,Female,0,Yes,No,8,Yes,Yes,DSL,No,Yes,No,No,Yes,Yes,One year,Yes,Credit card (automatic),49.21,391.48,No
9378-IPVBY,Male,0,Yes,No,55,Yes,Yes,DSL,No,No,Yes,No,No,Yes,Month-to-month,No,Electronic check,46.19,2540.21,No
3926-PNECP,Male,0,Yes,Yes,62,Yes,No,DSL,No,No,No,No,Yes,No,Month-to-month,Yes,Credit card (automatic),42.54,2627.27,Yes
1319-FGYKV,Female,0,Yes,No,62,Yes,No,DSL,No,No,No,No,No,No,One year,Yes,Electronic check,50.65,3160.29,No
7615-WRLXG,Female,0,No,No,60,Yes,No,Fiber optic,No,No,No,No,Yes,Yes,Month-to-month,Yes,Mailed check,104.19,6269.17,Yes
7453-SRUKZ,Female,0,Yes,No,0,Yes,Yes,Fiber optic,No,Yes,No,No,No,Yes,Month-to-month,No,Credit card (automatic),98.02,0.0,Yes
5844-ZALJQ,Male,0,Yes,Yes,69,No,No phone service,DSL,Yes,No,No,No,No,Yes,Month-to-month,Yes,Mailed check,49.06,3374.25,No
9979-CMQRM,Female,0,Yes,No,5,Yes,Yes,No,No internet service,No internet service,No internet service,No internet service,No internet service,No internet service,Month-to-month,Yes,Credit card (automatic),18.78,104.81,No
1030-RUUQN,Female,0,No,No,25,Yes,No,Fiber optic,Yes,No,No,Yes,No,No,Month-to-month,Yes,Mailed check,105.32,2620.43,Yes
1455-QENGC,Male,0,Yes,No,4,Yes,No,Fiber optic,No,No,No,No,No,No,One year,Yes,Electronic check,80.32,309.35,No
3325-HEJHR,Female,0,No,No,61,No,No phone service,Fiber optic,Yes,Yes,No,No,No,Yes,Month-to-month,No,Bank transfer (automatic),113.65,6946.86,Yes
7126-UNTDZ,Male,0,No,No,8,No,No phone service,Fiber optic,Yes,Yes,Yes,No,Yes,No,One year,No,Electronic check,87.04,700.08,No
5282-WFPPF,Male,0,No,No,63,Yes,Yes,DSL,No,No,Yes,No,Yes,No,Month-to-month,No,Bank transfer (automatic),44.96,2823.68,Yes
1163-NEEKQ,Female,0,Yes,No,67,Yes,No,Fiber optic,No,No,No,No,Yes,No,Two year,Yes,Bank transfer (automatic),99.99,6695.4,No
1568-EGHCZ,Female,0,No,No,18,Yes,No,No,No internet service,No internet service,No internet service,No internet service,No internet service,No internet service,Month-to-month,No,Credit card (automatic),22.61,393.84,No
1235-GWYYE,Female,0,No,No,65,Yes,No,DSL,Yes,No,No,Yes,Yes,No,Month-to-month,Yes,Mailed check,56.96,3706.12,No
4119-YNTHB,Female,1,Yes,Yes,3,No,No phone service,No,No internet service,No internet service,No internet service,No internet service,No internet service,No internet service,One year,No,Credit card (automatic),23.58,56.97,No
3864-NFRYM,Female,0,Yes,No,15,Yes,No,Fiber optic,Yes,No,No,No,No,Yes,One year,No,Bank transfer (automatic),85.04,1268.37,No
3402-QVWFO,Female,0,Yes,No,1,No,No phone service,DSL,No,No,No,No,Yes,Yes,Month-to-month,Yes,Electronic check,57.35,76.11,No
7501-FGLZH,Male,0,No,Yes,57,Yes,No,No,No internet service,No internet service,No internet service,No internet service,No internet service,No internet service,Month-to-month,Yes,Bank transfer (automatic),18.55,1060.07,No
2628-XGBQN,Male,0,Yes,No,6,Yes,Yes,DSL,Yes,No,No,No,No,No,Month-to-month,Yes,Bank transfer (automatic),43.65,255.8,No
2593-PPVSG,Female,0,No,No,56,Yes,No,DSL,Yes,No,Yes,No,Yes,No,Month-to-month,No,Credit card (automatic),54.56,3072.38,No
6376-SWBJX,Male,1,Yes,No,60,Yes,No,No,No internet service,No internet service,No internet service,No internet service,No internet service,No internet service,Month-to-month,Yes,Mailed check,26.61,1591.4,Yes
8970-HXODH,Female,0,No,Yes,1,No,No phone service,Fiber optic,No,No,No,No,No,Yes,Month-to-month,No,Mailed check,111.55,120.56,Yes
9707-BGYQB,Male,0,No,No,9,Yes,No,Fiber optic,Yes,No,No,No,No,Yes,Two year,Yes,Bank transfer (automatic),80.27,715.59,No
6938-MRZLI,Male,0,Yes,No,26,Yes,No,Fiber optic,Yes,Yes,Yes,No,Yes,Yes,Two year,Yes,Bank transfer (automatic),91.42,2369.04,No
3726-CZOXT,Male,0,Yes,No,3,Yes,No,DSL,No,Yes,No,Yes,No,No,Month-to-month,No,Bank transfer (automatic),58.52,174.5,Yes
7378-LINQT,Female,0,Yes,Yes,9,Yes,No,DSL,No,No,No,Yes,No,No,Two year,No,Mailed check,63.48,573.6,No
7613-WXATH,Male,0,Yes,No,0,Yes,No,No,No internet service,No internet service,No internet service,No internet service,No internet service,No internet service,Month-to-month,No,Bank transfer (automatic),23.77,0.0,Yes
7839-ISDHJ,Female,0,No,No,65,Yes,No,DSL,No,No,No,No,No,No,Month-to-month,Yes,Electronic check,69.7,4543.8,No
1191-RGZPA,Male,0,Yes,No,70,Yes,Yes,Fiber optic,No,No,No,No,Yes,No,One year,Yes,Electronic check,73.73,5168.79,No
7321-XWXBS,Male,0,No,Yes,68,Yes,Yes,DSL,Yes,No,No,No,Yes,Yes,Month-to-month,No,Credit card (automatic),43.34,2965.61,No
1427-TQWLW,Male,0,Yes,No,64,Yes,Yes,No,No internet service,No internet service,No internet service,No internet service,No internet service,No internet service,Month-to-month,No,Credit card (automatic),19.02,1212.6,Yes
5048-NNHVA,Male,0,Yes,No,7,Yes,Yes,No,No internet service,No internet service,No internet service,No internet service,No internet service,No internet service,Month-to-month,Yes,Bank transfer (automatic),22.39,158.38,No
6135-ECVDW,Male,0,No,Yes,0,Yes,No,DSL,No,No,No,Yes,No,No,Month-to-month,Yes,Electronic check,66.14,14.67,Yes
5771-BUVZD,Female,0,No,Yes,50,Yes,No,Fiber optic,No,No,No,Yes,Yes,No,Month-to-month,Yes,Bank transfer (automatic),91.92,4586.97,No
2171-MFZDE,Female,1,Yes,Yes,26,Yes,Yes,No,No internet service,No internet service,No internet service,No internet service,No internet service,No internet service,Two year,No,Electronic check,27.88,734.84,No
1805-KWPBQ,Male,0,No,Yes,2,Yes,No,No,No internet service,No internet service,No internet service,No internet service,No internet service,No internet service,Month-to-month,Yes,Mailed check,22.24,48.12,No
2790-AJIHN,Male,1,Yes,No,9,Yes,No,Fiber optic,No,No,No,Yes,Yes,Yes,Month-to-month,No,Electronic check,105.38,952.09,No
4006-VFVOJ,Male,1,No,No,16,No,No phone service,DSL,No,Yes,Yes,No,No,Yes,Month-to-month,No,Electronic check,51.48,814.17,Yes
1309-PBBQZ,Male,1,Yes,Yes,66,Yes,Yes,Fiber optic,No,No,No,No,No,No,Two year,No,Electronic check,96.42,6354.52,No
5410-IWYAZ,Female,0,Yes,No,51,No,No phone service,Fiber optic,No,No,Yes,Yes,No,Yes,Month-to-month,Yes,Credit card (automatic),113.15,5787.91,No
7641-IIDNR,Male,0,No,No,17,Yes,No,No,No internet service,No internet service,No internet service,No internet service,No internet service,No internet service,Month-to-month,No,Electronic check,20.55,330.98,No
6245-RWKHI,Female,0,Yes,Yes,59,Yes,Yes,Fiber optic,No,No,No,Yes,No,No,Two year,No,Electronic check,103.21,6091.18,No
8779-TEMVD,Male,0,Yes,No,66,Yes,Yes,DSL,No,No,No,No,Yes,No,Month-to-month,No,Electronic check,56.55,3739.92,No
5505-CAOAV,Female,0,Yes,Yes,58,Yes,No,DSL,Yes,No,No,Yes,Yes,No,Month-to-month,No,Mailed check,42.63,2459.79,No
5087-XYEVO,Male,0,No,No,3,Yes,Yes,No,No internet service,No internet service,No internet service,No internet service,No internet service,No internet service,One year,Yes,Electronic check,23.16,70.79,No
3416-CCIVV,Male,0,No,Yes,12,Yes,No,Fiber optic,Yes,No,No,No,Yes,Yes,Month-to-month,No,Mailed check,101.87,1238.58,Yes
4780-YXHXS,Female,0,No,No,53,Yes,Yes,Fiber optic,No,No,No,No,Yes,No,Month-to-month,Yes,Bank transfer (automatic),78.1,4151.71,Yes
8002-TQLWK,Male,1,No,Yes,5,Yes,No,Fiber optic,No,No,Yes,No,Yes,Yes,Month-to-month,Yes,Mailed check,95.94,494.94,Yes
1893-TBLTR,Male,1,No,No,1,Yes,No,No,No internet service,No internet service,No internet service,No internet service,No internet service,No internet service,Month-to-month,Yes,Bank transfer (automatic),18.4,15.05,No
9807-YZBTW,Male,1,Yes,No,67,Yes,No,DSL,Yes,No,Yes,No,Yes,No,Two year,No,Mailed check,64.31,4313.44,No
6690-KGGOO,Female,0,Yes,No,5,Yes,Yes,Fiber optic,Yes,Yes,Yes,No,No,No,Month-to-month,Yes,Electronic check,100.08,487.83,Yes
2892-KDUNC,Male,1,No,No,23,Yes,Yes,No,No internet service,No internet service,No internet service,No internet service,No internet service,No internet service,Month-to-month,No,Bank transfer (automatic),19.46,462.15,Yes
6657-LVTWI,Male,0,Yes,Yes,21,Yes,No,Fiber optic,Yes,No,Yes,No,Yes,No,Two year,No,Electronic check,111.54,2328.41,Yes
1763-JEQWC,Female,0,Yes,No,6,Yes,Yes,DSL,No,No,No,No,Yes,Yes,Month-to-month,Yes,Mailed check,67.47,389.65,Yes
8888-JTTQF,Female,0,No,No,67,Yes,No,DSL,Yes,No,No,No,No,Yes,Month-to-month,No,Credit card (automatic),59.27,3983.68,No
6740-EFLIG,Female,1,No,No,10,Yes,No,DSL,No,No,No,Yes,Yes,No,Month-to-month,Yes,Electronic check,69.45,688.82,Yes
9628-YMYPE,Male,1,Yes,Yes,51,Yes,No,No,No internet service,No internet service,No internet service,No internet service,No internet service,No internet service,One year,No,Credit card (automatic),19.81,1019.77,No
9879-XRCXQ,Male,0,Yes,Yes,22,Yes,Yes,DSL,Yes,No,No,No,Yes,No,One year,No,Mailed check,42.53,954.6,No
6439-RTJKT,Male,0,No,No,9,Yes,No,No,No internet service,No internet service,No internet service,No internet service,No internet service,No internet service,Month-to-month,Yes,Credit card (automatic),18.01,155.77,No
4410-NYGUB,Female,0,No,Yes,64,No,No phone service,DSL,No,Yes,Yes,Yes,No,No,Two year,No,Credit card (automatic),48.93,3149.38,No
9629-LCFTW,Male,0,Yes,No,4,Yes,Yes,DSL,Yes,Yes,No,Yes,No,Yes,Month-to-month,No,Bank transfer (automatic),61.47,236.32,No
9891-QJEJP,Male,1,Yes,Yes,2,No,No phone service,No,No internet service,No internet service,No internet service,No internet service,No internet service,No internet service,Month-to-month,No,Electronic check,28.57,68.11,Yes
1298-GAEZW,Female,1,No,No,2,Yes,Yes,No,No internet service,No internet service,No internet service,No internet service,No internet service,No internet service,Month-to-month,Yes,Credit card (automatic),19.37,40.95,No
5437-RRCAF,Female,0,Yes,No,7,Yes,No,DSL,No,Yes,No,No,Yes,No,Two year,Yes,Credit card (automatic),51.69,372.79,No
1413-HRFBT,Female,0,No,Yes,68,Yes,No,DSL,No,Yes,Yes,No,No,No,One year,Yes,Credit card (automatic),52.11,3533.11,Yes
3740-SRMYN,Female,0,Yes,No,55,Yes,No,Fiber optic,No,No,No,Yes,No,No,One year,Yes,Credit card (automatic),112.88,6219.71,No
8293-BROOV,Female,0,Yes,No,4,Yes,No,DSL,No,No,Yes,No,No,Yes,One year,Yes,Mailed check,48.37,202.37,No
7504-ZKHDZ,Male,0,Yes,No,16,Yes,No,No,No internet service,No internet service,No internet service,No internet service,No internet service,No internet service,Month-to-month,No,Electronic check,21.91,334.74,No
1461-BMUJT,Female,0,No,No,61,Yes,No,Fiber optic,No,Yes,Yes,No,No,No,Month-to-month,Yes,Mailed check,108.51,6623.98,Yes
3625-BRDVY,Male,0,No,Yes,9,Yes,No,Fiber optic,No,No,Yes,No,No,Yes,Month-to-month,Yes,Electronic check,95.99,859.31,Yes
5969-HKPIG,Male,0,Yes,Yes,60,Yes,No,DSL,Yes,Yes,No,No,Yes,Yes,Month-to-month,Yes,Mailed check,55.66,3354.54,No
5056-OJHOX,Female,0,No,No,54,No,No phone service,DSL,Yes,No,No,No,Yes,No,Month-to-month,No,Mailed check,62.27,3355.94,Yes
6441-VFCOT,Female,0,Yes,No,7,Yes,Yes,Fiber optic,No,No,Yes,No,No,Yes,Two year,Yes,Bank transfer (automatic),106.52,754.07,Yes
9904-IJWZV,Female,0,No,No,8,Yes,Yes,DSL,No,No,No,No,Yes,Yes,One year,No,Electronic check,69.93,563.18,No
5045-UFVET,Male,0,Yes,Yes,28,Yes,No,Fiber optic,No,Yes,No,No,No,Yes,Month-to-month,No,Credit card (automatic),78.51,2203.01,Yes
8765-WNNPL,Female,0,No,No,3,Yes,No,No,No internet service,No internet service,No internet service,No internet service,No internet service,No internet service,Two year,No,Mailed check,25.92,63.27,No
3140-PHETO,Female,1,Yes,No,63,Yes,Yes,DSL,No,No,No,Yes,No,Yes,One year,Yes,Bank transfer (automatic),68.98,4335.28,No
5423-DEWRL,Female,0,No,Yes,51,Yes,No,Fiber optic,No,No,No,Yes,No,Yes,Month-to-month,Yes,Electronic check,75.32,3847.19,Yes
8588-WPMIL,Female,1,No,No,68,Yes,No,No,No internet service,No internet service,No internet service,No internet service,No internet service,No internet service,Month-to-month,No,Bank transfer (automatic),23.26,1563.1,No
1321-GCAKH,Female,1,Yes,No,55,Yes,No,Fiber optic,No,Yes,No,No,No,No,Month-to-month,Yes,Mailed check,104.38,5756.81,No
7183-HGTOP,Male,0,Yes,No,34,Yes,Yes,No,No internet service,No internet service,No internet service,No internet service,No internet service,No internet service,Month-to-month,No,Bank transfer (automatic),23.5,807.76,No
5097-SZMTS,Male,0,Yes,No,6,Yes,No,DSL,No,No,Yes,No,Yes,No,Month-to-month,No,Credit card (automatic),53.74,305.48,No
5270-UKOUS,Male,0,No,No,6,Yes,No,DSL,Yes,No,Yes,No,No,No,Two year,Yes,Bank transfer (automatic),61.64,373.23,No
5741-HNGJI,Female,1,Yes,Yes,16,Yes,Yes,DSL,Yes,Yes,Yes,No,No,Yes,Month-to-month,Yes,Bank transfer (automatic),62.39,1018.05,No
4170-REFGV,Female,1,No,No,65,Yes,No,No,No internet service,No internet service,No internet service,No internet service,No internet service,No internet service,Two year,Yes,Bank transfer (automatic),29.42,1895.82,No
1636-SXGXS,Female,0,No,Yes,2,Yes,No,DSL,No,No,No,Yes,No,No,Month-to-month,Yes,Bank transfer (automatic),64.17,109.27,Yes
4243-DAKDZ,Male,0,Yes,No,60,Yes,No,Fiber optic,No,Yes,No,No,No,No,Month-to-month,No,Mailed check,114.79,6881.76,No
8294-PSIJX,Female,0,Yes,No,7,Yes,No,No,No internet service,No internet service,No internet service,No internet service,No internet service,No internet service,Two year,Yes,Credit card (automatic),26.53,184.58,No
1752-NORWL,Female,0,No,No,6,Yes,No,No,No internet service,No internet service,No internet service,No internet service,No internet service,No internet service,Month-to-month,No,Mailed check,28.09,170.86,No
6041-UOKCA,Female,0,No,No,67,Yes,Yes,No,No internet service,No internet service,No internet service,No internet service,No internet service,No internet service,Two year,Yes,Bank transfer (automatic),21.5,1438.66,No
4694-ITBBJ,Male,0,No,No,2,Yes,Yes,Fiber optic,No,No,No,No,No,No,Month-to-month,Yes,Mailed check,92.92,191.75,No
7814-EHXZB,Female,0,Yes,Yes,20,No,No phone service,Fiber optic,No,No,No,No,No,No,Two year,No,Credit card (automatic),100.53,2021.67,Yes
7915-TYWND,Male,0,Yes,Yes,66,Yes,No,Fiber optic,Yes,No,No,No,Yes,Yes,Month-to-month,No,Mailed check,103.29,6799.56,No
5546-AVPUG,Female,0,No,No,56,Yes,Yes,Fiber optic,No,No,No,Yes,No,No,Month-to-month,Yes,Electronic check,78.26,4379.37,No
9512-OXYPV,Male,0,No,No,59,Yes,Yes,DSL,No,No,Yes,No,No,No,One year,Yes,Electronic check,52.79,3100.47,Yes
5118-OKIEY,Male,1,No,No,70,Yes,No,Fiber optic,No,Yes,Yes,No,Yes,No,Two year,Yes,Electronic check,112.84,7904.87,No
6960-XVYYG,Male,0,Yes,No,68,Yes,No,DSL,No,No,Yes,No,No,No,Month-to-month,Yes,Electronic check,43.35,2954.68,No
8704-EZPXK,Female,0,Yes,No,68,Yes,No,No,No internet service,No internet service,No internet service,No internet service,No internet service,No internet service,Two year,No,Credit card (automatic),28.97,1982.56,No
1808-XWWCS,Female,0,Yes,Yes,59,Yes,No,DSL,No,No,No,Yes,No,No,One year,Yes,Bank transfer (automatic),61.95,3669.16,No
6897-IZMBJ,Male,0,No,No,60,Yes,Yes,Fiber optic,No,Yes,Yes,No,Yes,No,Month-to-month,Yes,Electronic check,83.7,5041.86,No
3739-GMVUD,Male,0,Yes,No,67,Yes,No,Fiber optic,No,No,No,Yes,No,No,Month-to-month,No,Credit card (automatic),72.97,4871.72,Yes
1388-SAEKC,Female,0,No,No,9,Yes,Yes,DSL,No,No,Yes,No,No,No,Month-to-month,No,Mailed check,65.5,603.6,Yes
8995-LYFBP,Female,0,No,No,0,Yes,No,DSL,No,No,No,No,Yes,No,Month-to-month,Yes,Electronic check,46.12,17.29,No
3510-LFINB,Male,1,Yes,Yes,3,Yes,Yes,DSL,No,No,No,No,No,Yes,Month-to-month,No,Mailed check,47.76,160.87,Yes
4625-PARUF,Female,0,Yes,No,64,Yes,Yes,No,No internet service,No internet service,No internet service,No internet service,No internet service,No internet service,Two year,No,Mailed check,24.01,1518.1,No
4361-SRBLR,Female,1,No,No,25,Yes,Yes,No,No internet service,No internet service,No internet service,No internet service,No internet service,No internet service,One year,Yes,Electronic check,20.66,522.87,Yes
1189-EXORO,Female,0,Yes,Yes,10,Yes,No,DSL,No,No,Yes,No,No,No,Month-to-month,No,Mailed check,48.39,498.35,Yes
5608-BYZUC,Female,0,Yes,No,6,Yes,No,Fiber optic,No,Yes,No,Yes,No,No,Month-to-month,Yes,Bank transfer (automatic),83.1,486.12,Yes
1622-FXOVR,Male,0,Yes,No,62,Yes,Yes,Fiber optic,No,No,No,Yes,Yes,No,Two year,Yes,Mailed check,106.84,6627.13,No
8160-TZVPU,Female,0,No,No,4,Yes,No,Fiber optic,No,No,No,No,No,Yes,Month-to-month,No,Electronic check,70.06,278.71,Yes
7325-QFJCP,Female,0,No,No,66,Yes,No,DSL,No,No,Yes,No,Yes,No,Month-to-month,Yes,Bank transfer (automatic),64.18,4223.22,No
5532-TJGCJ,Male,0,No,No,3,Yes,No,No,No internet service,No internet service,No internet service,No internet service,No internet service,No internet service,One year,Yes,Credit card (automatic),19.29,53.53,No
3444-HDBQQ,Male,0,No,Yes,1,Yes,No,No,No internet service,No internet service,No internet service,No internet service,No internet service,No internet service,Two year,Yes,Credit card (automatic),29.17,21.24,No
5159-MZBHH,Female,0,No,Yes,64,Yes,Yes,DSL,No,No,No,No,Yes,No,Two year,No,Credit card (automatic),47.85,3076.39,No
4405-YCNDX,Female,0,No,No,6,Yes,Yes,Fiber optic,No,No,No,Yes,No,No,Two year,Yes,Mailed check,113.53,690.51,Yes
7755-KZEGL,Female,0,No,Yes,51,Yes,Yes,DSL,No,No,No,No,No,No,Two year,Yes,Electronic check,51.75,2619.51,No
6686-VYMAH,Female,1,Yes,No,51,Yes,No,Fiber optic,No,No,No,No,Yes,No,Month-to-month,No,Bank transfer (automatic),76.44,3900.72,No
6507-ZAYXB,Male,1,Yes,No,24,Yes,Yes,No,No internet service,No internet service,No internet service,No internet service,No internet service,No internet service,Month-to-month,No,Bank transfer (automatic),24.67,573.35,No
5540-JCASX,Male,0,No,No,71,Yes,Yes,Fiber optic,No,No,No,No,Yes,Yes,One year,No,Credit card (automatic),106.19,7556.38,No
6608-BKOPQ,Male,1,No,No,60,Yes,No,Fiber optic,Yes,No,No,No,No,Yes,Month-to-month,Yes,Mailed check,90.66,5421.14,No
1301-EYNES,Female,0,Yes,Yes,10,Yes,Yes,No,No internet service,No internet service,No internet service,No internet service,No internet service,No internet service,Month-to-month,Yes,Credit card (automatic),28.55,272.85,No
1291-BQGUG,Female,0,No,No,0,Yes,No,Fiber optic,No,Yes,No,No,Yes,No,Month-to-month,No,Electronic check,90.59,0.0,No
6347-HNTNX,Female,0,Yes,No,2,Yes,No,DSL,No,No,Yes,Yes,Yes,No,Month-to-month,Yes,Mailed check,45.84,103.8,No
4717-ZNWCD,Female,1,Yes,No,67,No,No phone service,Fiber optic,Yes,No,No,No,Yes,Yes,Month-to-month,Yes,Bank transfer (automatic),85.21,5707.79,No
3130-TZKHA,Male,0,No,No,5,Yes,No,Fiber optic,No,No,No,Yes,No,Yes,Month-to-month,Yes,Bank transfer (automatic),91.31,443.24,No
1263-MONDU,Male,0,Yes,Yes,52,No,No phone service,DSL,No,No,Yes,Yes,No,Yes,Month-to-month,No,Electronic check,62.75,3248.53,No
2617-RLQIQ,Female,0,No,No,22,No,No phone service,DSL,No,No,Yes,No,No,No,Two year,No,Mailed check,43.36,948.97,No
3383-QADCW,Male,0,Yes,No,2,Yes,No,No,No internet service,No internet service,No internet service,No internet service,No internet service,No internet service,One year,Yes,Electronic check,28.56,59.83,No
9260-OQBNP,Female,0,Yes,No,61,Yes,No,DSL,Yes,No,Yes,No,No,No,Two year,No,Credit card (automatic),57.34,3509.56,No
7709-FTXLP,Female,0,No,No,6,Yes,No,Fiber optic,No,No,No,No,No,No,Month-to-month,No,Mailed check,100.97,616.83,No
6332-ZYBJU,Male,0,No,Yes,14,Yes,No,DSL,No,No,No,No,No,No,Month-to-month,Yes,Credit card (automatic),54.96,751.03,No
1313-MHOJO,Female,0,Yes,No,57,Yes,Yes,No,No internet service,No internet service,No internet service,No internet service,No internet service,No internet service,Month-to-month,Yes,Mailed check,20.35,1165.91,No
5584-DVVXC,Female,0,No,Yes,68,Yes,Yes,No,No internet service,No internet service,No internet service,No internet service,No internet service,No internet service,One year,No,Electronic check,27.36,1841.12,No
7780-ZOQST,Male,0,No,No,1,Yes,No,No,No internet service,No internet service,No internet service,No internet service,No internet service,No internet service,Two year,No,Mailed check,20.91,23.72,Yes
5312-CYZLK,Female,0,Yes,No,65,Yes,Yes,DSL,No,Yes,No,No,No,No,Month-to-month,Yes,Bank transfer (automatic),49.1,3178.54,No
1352-ABGAF,Female,0,Yes,No,50,Yes,No,Fiber optic,No,No,No,Yes,No,Yes,Two year,Yes,Credit card (automatic),96.11,4819.93,No
5190-YBVMS,Male,1,No,Yes,2,Yes,No,Fiber optic,Yes,No,No,No,No,Yes,Month-to-month,No,Electronic check,81.41,158.16,No
6240-CXMCT,Female,0,No,No,1,Yes,No,No,No internet service,No internet service,No internet service,No internet service,No internet service,No internet service,Month-to-month,No,Electronic check,21.62,35.27,No
9575-HLUEM,Male,0,Yes,No,5,Yes,No,DSL,No,No,No,Yes,Yes,Yes,One year,No,Electronic check,68.46,358.89,No
7451-YAYRA,Female,0,Yes,No,14,Yes,No,DSL,No,Yes,No,No,No,No,Month-to-month,Yes,Electronic check,45.39,631.46,No
7844-SMJXX,Male,1,Yes,Yes,69,Yes,No,DSL,No,No,No,Yes,No,No,Month-to-month,No,Bank transfer (automatic),55.26,3816.69,Yes
2521-IPMCT,Male,1,Yes,No,54,Yes,No,Fiber optic,No,Yes,No,No,No,Yes,Month-to-month,Yes,Bank transfer (automatic),73.56,3989.51,Yes
3957-RAJTK,Male,0,No,Yes,0,Yes,No,Fiber optic,No,No,Yes,No,No,No,Two year,No,Mailed check,81.43,0.0,No
2839-RLAER,Female,0,No,No,66,Yes,No,Fiber optic,No,No,Yes,No,No,No,One year,Yes,Credit card (automatic),110.06,7247.52,No
4471-VWIAB,Male,0,Yes,No,9,Yes,No,DSL,No,No,No,Yes,Yes,No,Month-to-month,Yes,Mailed check,53.72,484.19,Yes
6206-XUXLR,Male,0,No,No,67,Yes,Yes,Fiber optic,No,Yes,No,Yes,No,No,Two year,No,Mailed check,113.31,7593.81,No
3491-VBZFE,Male,0,No,Yes,1,Yes,No,Fiber optic,No,Yes,Yes,No,Yes,No,Month-to-month,Yes,Credit card (automatic),71.86,69.2,Yes
1325-WBCFT,Male,0,No,No,3,Yes,No,Fiber optic,Yes,No,No,No,Yes,Yes,Month-to-month,No,Electronic check,85.8,276.16,No
5062-PJWQX,Male,0,No,Yes,9,No,No phone service,Fiber optic,No,Yes,Yes,No,No,Yes,Month-to-month,No,Bank transfer (automatic),88.38,792.29,No
6958-HEOSR,Female,0,No,No,8,Yes,No,Fiber optic,No,No,No,No,No,Yes,Two year,Yes,Mailed check,84.94,681.81,No
4926-YSMCG,Female,0,No,No,16,Yes,No,DSL,No,No,No,Yes,No,No,Month-to-month,Yes,Mailed check,59.02,926.68,No
8653-ONFOS,Female,0,Yes,No,58,No,No phone service,No,No internet service,No internet service,No internet service,No internet service,No internet service,No internet service,One year,No,Mailed check,29.05,1666.65,No
3654-MKIUB,Female,0,No,Yes,12,No,No phone service,DSL,No,No,No,No,Yes,Yes,Two year,No,Bank transfer (automatic),46.83,565.26,No
9419-GTHRI,Female,0,No,Yes,16,Yes,No,No,No internet service,No internet service,No internet service,No internet service,No internet service,No internet service,Two year,Yes,Mailed check,19.14,322.92,No
7929-LZBXR,Female,0,Yes,No,68,Yes,No,Fiber optic,No,No,No,No,Yes,No,Month-to-month,Yes,Bank transfer (automatic),105.59,7193.02,Yes
1280-HVWUO,Female,0,Yes,No,63,Yes,Yes,Fiber optic,No,No,No,No,No,No,Two year,No,Mailed check,79.66,5021.14,No
5705-RQLUD,Male,0,Yes,No,59,Yes,Yes,DSL,Yes,Yes,Yes,Yes,No,Yes,One year,No,Mailed check,66.87,3945.39,No
2163-OZHCQ,Female,0,No,Yes,61,Yes,Yes,No,No internet service,No internet service,No internet service,No internet service,No internet service,No internet service,Month-to-month,Yes,Mailed check,21.48,1320.86,Yes
5053-DHDSM,Male,0,No,Yes,24,Yes,No,DSL,No,No,Yes,No,No,No,Month-to-month,Yes,Mailed check,68.91,1633.92,No
5752-UJJSL,Male,0,No,No,16,Yes,No,Fiber optic,No,No,No,No,Yes,No,One year,No,Credit card (automatic),96.33,1537.2,No
6716-MSUAQ,Female,0,Yes,No,7,Yes,No,No,No internet service,No internet service,No internet service,No internet service,No internet service,No internet service,Month-to-month,No,Credit card (automatic),28.1,180.6,No
3092-UDGQB,Male,0,No,No,69,Yes,Yes,DSL,No,No,No,Yes,No,No,Month-to-month,Yes,Electronic check,40.9,2821.59,No
2258-BNSNJ,Male,0,Yes,No,2,Yes,No,No,No internet service,No internet service,No internet service,No internet service,No internet service,No internet service,One year,No,Electronic check,26.92,64.81,No
4214-PCHNE,Male,0,No,No,3,Yes,No,Fiber optic,No,No,Yes,Yes,Yes,No,Two year,Yes,Electronic check,100.57,300.96,No
4388-GGUXK,Male,0,Yes,No,3,Yes,No,Fiber optic,No,No,No,No,Yes,No,Month-to-month,Yes,Electronic check,98.66,288.03,Yes
9608-UPDDU,Female,0,No,Yes,2,Yes,No,No,No internet service,No internet service,No internet service,No internet service,No internet service,No internet service,Month-to-month,No,Mailed check,27.89,54.43,No
1600-CZXVK,Female,0,No,No,3,Yes,No,Fiber optic,No,Yes,No,Yes,Yes,No,One year,Yes,Electronic check,87.3,256.01,Yes
5816-INRUO,Female,0,No,No,65,Yes,Yes,Fiber optic,Yes,Yes,No,Yes,No,No,One year,No,Bank transfer (automatic),92.63,6007.5,No
9658-NREJO,Female,1,No,No,52,Yes,Yes,Fiber optic,No,No,No,No,No,Yes,Two year,No,Bank transfer (automatic),81.16,4230.53,No
7097-PALJO,Female,0,No,No,3,Yes,No,Fiber optic,Yes,Yes,No,Yes,No,Yes,One year,Yes,Electronic check,78.94,224.8,Yes
9330-EMLKF,Female,0,Yes,No,1,Yes,Yes,DSL,Yes,Yes,Yes,No,Yes,No,One year,Yes,Electronic check,60.78,74.04,No
9461-VZRKV,Female,0,No,No,3,Yes,Yes,DSL,No,No,No,No,Yes,No,Two year,Yes,Electronic check,43.42,136.09,Yes
5646-EZQTJ,Female,0,No,No,4,Yes,No,DSL,No,Yes,No,No,No,No,Month-to-month,No,Credit card (automatic),48.45,206.4,Yes
2810-FJLQS,Female,0,Yes,No,66,Yes,Yes,DSL,Yes,Yes,No,No,No,No,Month-to-month,Yes,Credit card (automatic),52.44,3446.54,No
8506-GVTYB,Female,0,No,No,17,Yes,No,Fiber optic,No,Yes,No,No,Yes,Yes,One year,Yes,Mailed check,105.27,1785.16,Yes
8978-WUWDA,Male,1,No,No,61,Yes,Yes,DSL,Yes,No,Yes,No,No,Yes,Month-to-month,No,Mailed check,59.13,3592.12,No
2514-LWOMQ,Female,0,No,Yes,62,Yes,No,DSL,No,No,Yes,Yes,Yes,Yes,Month-to-month,Yes,Mailed check,60.8,3749.62,No
2318-JECBP,Male,0,No,Yes,27,Yes,Yes,Fiber optic,Yes,Yes,No,No,No,Yes,Month-to-month,Yes,Mailed check,77.61,2105.71,No
4788-EVYAG,Male,1,No,No,10,Yes,No,No,No internet service,No internet service,No internet service,No internet service,No internet service,No internet service,One year,Yes,Mailed check,29.04,309.51,No
4792-BFRFM,Male,0,No,No,60,Yes,Yes,DSL,Yes,Yes,Yes,Yes,No,No,Two year,No,Electronic check,44.66,2685.31,No
7807-ZGVYL,Male,0,No,No,15,Yes,No,No,No internet service,No internet service,No internet service,No internet service,No internet service,No internet service,Month-to-month,Yes,Mailed check,23.26,333.26,No
5345-XYPQT,Female,0,No,No,7,Yes,No,Fiber optic,Yes,No,Yes,No,No,No,Month-to-month,Yes,Credit card (automatic),87.38,628.27,Yes
2380-HBLSD,Male,0,No,No,9,No,No phone service,DSL,No,Yes,No,Yes,Yes,Yes,Month-to-month,No,Mailed check,66.9,608.34,Yes
3037-ZXUIV,Female,0,Yes,Yes,66,Yes,Yes,DSL,No,No,No,No,No,No,One year,No,Bank transfer (automatic),61.85,4096.31,No
1389-ZZDIO,Female,0,Yes,No,1,Yes,No,Fiber optic,No,No,No,Yes,No,Yes,Month-to-month,Yes,Credit card (automatic),70.48,77.17,Yes
9173-DFWAQ,Male,0,Yes,Yes,53,No,No phone service,DSL,No,No,No,No,No,No,Two year,No,Mailed check,47.31,2507.14,No
5189-KAOZI,Female,0,No,No,11,Yes,Yes,Fiber optic,No,Yes,No,Yes,No,Yes,Month-to-month,Yes,Mailed check,105.28,1141.11,Yes
6531-ZDLFL,Male,1,No,No,53,Yes,No,Fiber optic,No,No,Yes,Yes,No,Yes,Month-to-month,Yes,Electronic check,103.24,5454.89,Yes
2899-EOSXQ,Male,0,No,No,32,Yes,Yes,Fiber optic,No,No,No,Yes,Yes,Yes,Month-to-month,Yes,Electronic check,113.4,3647.74,Yes
4167-UPUAM,Female,0,No,Yes,9,Yes,No,DSL,No,No,Yes,No,Yes,Yes,Month-to-month,No,Mailed check,53.58,466.7,Yes
2592-ATFBV,Female,0,Yes,No,53,Yes,Yes,Fiber optic,No,Yes,Yes,No,No,No,Two year,Yes,Bank transfer (automatic),107.11,5685.5,No
2856-PWXYL,Male,0,Yes,No,6,Yes,Yes,DSL,No,No,No,No,No,No,Two year,Yes,Mailed check,50.68,294.61,Yes
5143-YEWVM,Female,1,No,No,65,Yes,No,Fiber optic,No,No,Yes,No,No,Yes,Month-to-month,Yes,Electronic check,104.14,6787.94,Yes
8048-SBPLF,Female,0,Yes,Yes,66,Yes,Yes,DSL,No,Yes,No,Yes,No,Yes,Two year,Yes,Mailed check,42.75,2821.82,No
8459-EGPLM,Female,0,Yes,No,68,Yes,Yes,Fiber optic,No,No,Yes,Yes,No,Yes,Month-to-month,No,Bank transfer (automatic),72.64,4931.76,No
9914-VOTVX,Male,0,No,No,64,No,No phone service,No,No internet service,No internet service,No internet service,No internet service,No internet service,No internet service,Month-to-month,Yes,Electronic check,18.5,1176.4,No
8741-SEGON,Male,1,Yes,No,12,Yes,Yes,Fiber optic,No,Yes,Yes,No,No,No,Two year,No,Electronic check,78.33,937.35,No
4424-NYDGN,Female,0,No,Yes,1,Yes,No,DSL,Yes,Yes,Yes,Yes,No,Yes,Month-to-month,No,Electronic check,58.84,39.43,No
4899-DPQEK,Female,0,Yes,Yes,63,Yes,No,No,No internet service,No internet service,No internet service,No internet service,No internet service,No internet service,Month-to-month,Yes,Bank transfer (automatic),25.76,1616.87,No
3942-XYIFR,Female,0,No,No,60,Yes,No,Fiber optic,No,No,No,No,Yes,No,Month-to-month,No,Electronic check,83.9,5021.49,Yes
8020-RBTOW,Female,1,Yes,No,55,Yes,No,Fiber optic,No,No,No,Yes,No,No,Month-to-month,Yes,Mailed check,79.73,4404.54,No
9777-OCCMB,Female,0,Yes,No,18,Yes,No,DSL,Yes,No,No,Yes,No,No,Month-to-month,Yes,Electronic check,67.44,1207.0,No
3885-ZQTGA,Male,0,No,No,9,No,No phone service,DSL,No,No,Yes,Yes,Yes,Yes,Two year,Yes,Electronic check,57.42,503.62,No
6990-SBPQA,Female,0,No,Yes,1,Yes,Yes,Fiber optic,No,No,No,No,Yes,No,Month-to-month,Yes,Bank transfer (automatic),91.42,110.39,No
1046-JSNGI,Male,0,No,Yes,4,Yes,Yes,DSL,Yes,Yes,No,Yes,Yes,Yes,Month-to-month,Yes,Mailed check,44.1,160.66,No
5789-RJGEE,Female,0,Yes,Yes,4,Yes,No,No,No internet service,No internet service,No internet service,No internet service,No internet service,No internet service,Month-to-month,Yes,Credit card (automatic),28.6,122.33,No
9054-YBDGR,Male,1,Yes,No,7,Yes,No,Fiber optic,No,Yes,No,No,No,Yes,Month-to-month,No,Credit card (automatic),103.84,710.97,No
2669-ZIVBD,Female,1,No,No,70,No,No phone service,DSL,No,No,Yes,No,Yes,No,Two year,No,Electronic check,47.44,3301.24,No
6139-GAQNO,Male,1,Yes,Yes,54,No,No phone service,DSL,Yes,No,Yes,No,No,Yes,Two year,Yes,Bank transfer (automatic),60.04,3253.22,No
7256-GSMJH,Female,0,Yes,Yes,2,Yes,Yes,No,No internet service,No internet service,No internet service,No internet service,No internet service,No internet service,Two year,No,Electronic check,26.78,35.28,No
1071-AEEEI,Male,0,No,No,4,Yes,No,No,No internet service,No internet service,No internet service,No internet service,No internet service,No internet service,Month-to-month,Yes,Mailed check,24.08,93.06,Yes
7346-GWXJL,Male,1,Yes,No,8,Yes,No,Fiber optic,No,Yes,No,No,No,No,Two year,No,Electronic check,107.72,870.73,Yes
9315-VTERV,Male,0,Yes,No,7,Yes,No,DSL,Yes,No,Yes,No,Yes,No,Month-to-month,Yes,Bank transfer (automatic),43.19,309.61,No
5771-RQFVV,Male,0,Yes,No,69,No,No phone service,Fiber optic,No,No,No,No,No,No,Month-to-month,Yes,Electronic check,84.33,5799.82,Yes
6689-PWPJL,Male,0,No,No,1,Yes,No,No,No internet service,No internet service,No internet service,No internet service,No internet service,No internet service,Two year,Yes,Mailed check,26.53,7.65,No
9834-OJPMG,Male,1,Yes,Yes,58,Yes,Yes,DSL,No,Yes,No,No,Yes,No,Month-to-month,No,Electronic check,43.84,2537.24,No
8266-JVNOT,Female,0,No,Yes,1,Yes,No,Fiber optic,Yes,No,No,No,No,No,Month-to-month,Yes,Credit card (automatic),74.97,89.94,Yes
1791-XRFLM,Male,1,Yes,Yes,3,Yes,No,Fiber optic,No,No,No,No,No,Yes,Two year,No,Electronic check,101.41,320.28,No
9671-XZPRP,Female,0,No,Yes,5,Yes,No,No,No internet service,No internet service,No internet service,No internet service,No internet service,No internet service,Two year,No,Credit card (automatic),27.05,134.76,No
3658-NKHTH,Female,0,Yes,No,13,Yes,Yes,Fiber optic,No,No,No,No,Yes,Yes,Month-to-month,Yes,Electronic check,105.48,1357.78,Yes
7410-OHWPP,Female,0,No,No,6,Yes,No,DSL,Yes,No,Yes,Yes,No,No,Two year,Yes,Mailed check,50.04,309.93,No
5330-GWGLM,Female,0,No,Yes,57,Yes,No,DSL,No,Yes,Yes,No,No,No,Two year,Yes,Bank transfer (automatic),58.77,3342.87,No
4061-BLOAG,Female,0,No,No,1,Yes,No,DSL,No,No,Yes,No,No,No,Two year,No,Electronic check,60.66,79.68,No
2262-INFSV,Male,1,No,No,6,Yes,Yes,No,No internet service,No internet service,No internet service,No internet service,No internet service,No internet service,Month-to-month,No,Electronic check,23.11,149.84,Yes
2129-SMXPA,Male,0,No,No,2,Yes,Yes,No,No internet service,No internet service,No internet service,No internet service,No internet service,No internet service,One year,Yes,Mailed check,19.37,22.62,No
1978-POIQR,Male,0,Yes,No,51,Yes,No,Fiber optic,Yes,No,No,No,No,No,Two year,Yes,Bank transfer (automatic),95.74,4894.26,No
2897-BSOOW,Female,0,No,No,2,Yes,No,Fiber optic,No,No,Yes,No,No,No,One year,Yes,Bank transfer (automatic),110.03,233.77,Yes
7343-WIQXD,Male,0,No,Yes,3,Yes,Yes,Fiber optic,No,No,No,No,Yes,No,One year,Yes,Credit card (automatic),104.9,310.42,No
9764-BLPEB,Male,0,No,No,53,Yes,No,DSL,No,No,Yes,No,Yes,No,Month-to-month,No,Electronic check,63.5,3350.62,No
4990-UMEQB,Male,0,Yes,No,23,Yes,No,Fiber optic,No,No,No,No,Yes,No,Month-to-month,No,Electronic check,76.61,1762.99,Yes
4994-HBYDQ,Male,1,No,No,56,Yes,No,No,No internet service,No internet service,No internet service,No internet service,No internet service,No internet service,Two year,Yes,Bank transfer (automatic),19.04,1076.47,No
6537-PNDHB,Male,0,Yes,No,3,Yes,Yes,DSL,Yes,Yes,No,No,No,Yes,Month-to-month,No,Electronic check,66.83,220.39,No
5021-TTDOP,Female,0,No,No,59,Yes,No,DSL,No,No,No,No,Yes,Yes,Month-to-month,Yes,Mailed check,60.19,3567.46,No
8445-HXSAK,Male,0,Yes,No,56,Yes,No,DSL,Yes,Yes,No,No,No,No,Two year,Yes,Credit card (automatic),65.05,3659.47,No
2073-VMYVC,Female,0,Yes,No,2,Yes,No,DSL,Yes,Yes,Yes,No,No,Yes,Month-to-month,Yes,Bank transfer (automatic),46.42,102.76,Yes
2346-GSONX,Female,1,No,No,11,Yes,No,Fiber optic,No,No,No,No,No,No,Month-to-month,No,Credit card (automatic),104.15,1156.72,Yes
5574-WNLID,Female,0,No,No,71,Yes,Yes,DSL,Yes,Yes,No,No,No,Yes,Month-to-month,No,Bank transfer (automatic),48.78,3457.89,No
4071-DTWZR,Female,1,No,No,62,Yes,No,Fiber optic,Yes,Yes,No,No,No,Yes,One year,No,Mailed check,76.74,4742.98,No
4580-YWQTU,Female,0,No,No,67,Yes,Yes,Fiber optic,Yes,No,Yes,No,No,Yes,Two year,No,Electronic check,96.41,6479.4,No
2764-OVHKK,Male,0,No,Yes,54,Yes,Yes,No,No internet service,No internet service,No internet service,No internet service,No internet service,No internet service,One year,Yes,Electronic check,26.03,1386.6,No
3555-IBSDG,Male,1,No,No,2,No,No phone service,No,No internet service,No internet service,No internet service,No internet service,No internet service,No internet service,Month-to-month,No,Electronic check,28.82,58.56,Yes
4340-KJAFA,Male,0,No,No,29,Yes,Yes,Fiber optic,No,No,Yes,No,Yes,Yes,Two year,No,Bank transfer (automatic),77.65,2258.15,Yes
4728-DLEBR,Female,0,No,Yes,17,Yes,No,DSL,Yes,No,No,No,No,No,Month-to-month,No,Bank transfer (automatic),52.85,898.57,No
1281-MEPRV,Male,0,Yes,No,2,Yes,No,DSL,No,No,No,No,No,No,Month-to-month,Yes,Mailed check,47.76,95.87,Yes
4010-BJQOS,Male,0,Yes,No,1,Yes,Yes,Fiber optic,No,No,Yes,Yes,Yes,Yes,Month-to-month,Yes,Credit card (automatic),73.55,72.54,Yes
8861-TKIMV,Female,0,No,No,55,Yes,No,DSL,Yes,No,Yes,No,Yes,No,Two year,Yes,Credit card (automatic),60.83,3349.14,No
5873-WGDWU,Female,0,No,Yes,6,No,No phone service,No,No internet service,No internet service,No internet service,No internet service,No internet service,No internet service,Month-to-month,Yes,Electronic check,19.85,117.73,Yes
3923-JJHQZ,Female,0,Yes,No,13,Yes,Yes,Fiber optic,No,No,No,No,No,No,One year,Yes,Mailed check,88.57,1154.15,Yes
9369-WBWJO,Female,0,Yes,Yes,3,Yes,No,No,No internet service,No internet service,No internet service,No internet service,No internet service,No internet service,Month-to-month,No,Mailed check,26.54,62.73,No
9414-AQSGE,Male,1,No,No,57,Yes,Yes,Fiber optic,No,No,No,No,No,No,Month-to-month,No,Electronic check,89.68,5107.49,No
2417-QALCJ,Female,0,Yes,No,63,Yes,No,No,No internet service,No internet service,No internet service,No internet service,No internet service,No internet service,Two year,Yes,Bank transfer (automatic),24.93,1588.68,No
2557-UHJTW,Female,0,No,No,62,Yes,Yes,No,No internet service,No internet service,No internet service,No internet service,No internet service,No internet service,One year,Yes,Credit card (automatic),27.43,1702.34,No
6302-NEMXF,Male,1,No,No,18,Yes,No,DSL,Yes,No,No,Yes,Yes,No,One year,No,Mailed check,69.76,1274.29,No
8405-OYKGM,Male,0,Yes,Yes,3,Yes,Yes,Fiber optic,No,Yes,No,No,Yes,No,Month-to-month,Yes,Electronic check,86.9,254.88,Yes
5771-LTICN,Female,0,No,No,8,Yes,Yes,DSL,No,No,No,No,No,No,Two year,Yes,Electronic check,57.41,441.98,Yes
8502-JQECX,Male,0,No,No,62,Yes,Yes,No,No internet service,No internet service,No internet service,No internet service,No internet service,No internet service,Two year,No,Bank transfer (automatic),24.95,1527.67,No
6056-PHSNM,Female,0,No,Yes,1,Yes,No,Fiber optic,No,Yes,Yes,No,Yes,No,Month-to-month,No,Bank transfer (automatic),99.54,115.68,No
3519-DLTNH,Female,0,Yes,No,24,Yes,Yes,DSL,No,Yes,No,No,No,No,One year,No,Mailed check,52.86,1260.34,No
6562-JBSHS,Male,0,Yes,No,17,Yes,Yes,No,No internet service,No internet service,No internet service,No internet service,No internet service,No internet service,Two year,No,Bank transfer (automatic),28.96,482.79,No
7777-GZHOY,Male,0,No,No,62,Yes,Yes,DSL,No,Yes,Yes,No,No,Yes,Two year,No,Mailed check,46.22,2881.61,No
4036-ZZQRH,Female,0,Yes,Yes,18,Yes,Yes,Fiber optic,No,No,Yes,Yes,No,No,Month-to-month,Yes,Electronic check,109.04,1949.35,Yes
6075-KJRXB,Female,0,Yes,No,9,Yes,Yes,Fiber optic,No,No,Yes,No,Yes,Yes,One year,No,Electronic check,109.69,984.72,No
7389-PKQEF,Female,0,Yes,No,51,No,No phone service,No,No internet service,No internet service,No internet service,No internet service,No internet service,No internet service,Two year,No,Mailed check,26.32,1360.29,No
4267-BOEAQ,Male,0,Yes,Yes,5,Yes,No,No,No internet service,No internet service,No internet service,No internet service,No internet service,No internet service,Month-to-month,Yes,Credit card (automatic),22.18,116.33,No
8716-GRLQW,Female,1,Yes,Yes,11,Yes,Yes,Fiber optic,No,No,No,No,Yes,Yes,One year,Yes,Credit card (automatic),114.42,1277.15,Yes
3661-RVBRT,Female,0,Yes,Yes,52,No,No phone service,DSL,Yes,No,No,No,Yes,No,Two year,No,Electronic check,57.54,2981.74,No
4692-PHSSW,Female,0,No,No,64,Yes,No,DSL,No,No,No,No,No,Yes,Two year,Yes,Credit card (automatic),61.67,3938.28,No
4992-IUZQY,Female,0,No,No,58,Yes,Yes,Fiber optic,No,Yes,No,No,No,Yes,Two year,No,Electronic check,102.89,5974.67,No
6716-ZVDLM,Female,1,Yes,No,10,Yes,No,DSL,Yes,Yes,No,No,No,Yes,Month-to-month,Yes,Bank transfer (automatic),44.51,464.83,Yes
5110-PDGMU,Male,1,No,Yes,51,No,No phone service,Fiber optic,No,No,No,No,No,No,Two year,Yes,Mailed check,114.55,5849.19,No
6367-CJIEK,Female,0,Yes,No,68,Yes,No,Fiber optic,No,Yes,No,No,Yes,Yes,One year,Yes,Bank transfer (automatic),105.09,7155.06,No
1010-EMFSS,Female,0,No,No,64,Yes,No,Fiber optic,Yes,No,No,No,No,No,Month-to-month,No,Mailed check,84.42,5390.16,No
2413-LDHXH,Female,0,Yes,Yes,13,Yes,Yes,DSL,Yes,Yes,Yes,No,No,No,One year,Yes,Mailed check,63.72,841.05,No
3507-UJRRE,Female,0,Yes,No,53,No,No phone service,Fiber optic,No,Yes,No,No,No,No,Two year,No,Electronic check,91.77,4872.51,No
7333-ZUZQC,Male,0,No,Yes,65,Yes,No,DSL,No,Yes,No,Yes,No,No,Month-to-month,No,Electronic check,49.31,3203.81,No
1190-BXRVZ,Male,0,Yes,No,52,Yes,No,Fiber optic,No,No,No,No,Yes,No,Two year,Yes,Electronic check,91.37,4754.02,No
5516-UNCSP,Male,0,No,No,3,Yes,Yes,Fiber optic,No,No,Yes,No,No,No,Two year,No,Bank transfer (automatic),110.53,336.53,No
2909-XKGRX,Female,0,Yes,No,25,Yes,No,Fiber optic,Yes,Yes,No,Yes,Yes,No,Month-to-month,Yes,Bank transfer (automatic),85.3,2115.74,Yes
2827-KMCNS,Female,0,Yes,No,71,No,No phone service,DSL,No,Yes,Yes,No,Yes,No,Two year,No,Mailed check,40.89,2921.94,No
9314-FRNSI,Male,0,No,No,2,Yes,Yes,Fiber optic,Yes,No,No,No,No,Yes,Two year,No,Mailed check,113.77,231.97,No
1598-DPQQP,Male,1,No,Yes,57,No,No phone service,Fiber optic,No,Yes,No,No,Yes,No,Month-to-month,No,Bank transfer (automatic),84.91,4842.16,Yes
5023-NARZD,Male,0,Yes,No,59,Yes,Yes,DSL,No,Yes,No,No,No,Yes,Month-to-month,No,Electronic check,55.21,3259.03,No
8870-GVEDD,Female,0,Yes,No,0,Yes,No,Fiber optic,No,Yes,No,No,No,No,Month-to-month,Yes,Electronic check,76.25,19.15,Yes
8860-EJUPV,Female,0,Yes,No,20,Yes,Yes,Fiber optic,No,Yes,Yes,No,No,Yes,Month-to-month,Yes,Credit card (automatic),108.61,2188.57,No
1785-ZZWCD,Male,0,No,Yes,1,Yes,No,DSL,Yes,No,No,No,No,No,One year,Yes,Bank transfer (automatic),58.61,48.54,No
9742-DSLAU,Male,0,No,Yes,69,Yes,No,DSL,No,No,No,No,No,No,Month-to-month,Yes,Electronic check,42.68,2926.31,No
2059-KVOQD,Male,0,Yes,No,53,Yes,No,DSL,No,Yes,No,Yes,No,No,Two year,Yes,Electronic check,67.98,3613.5,No
4858-PBHMD,Female,0,No,Yes,53,Yes,No,DSL,No,Yes,No,Yes,Yes,Yes,Two year,No,Electronic check,58.83,3107.04,No
2620-NRDLX,Female,1,Yes,Yes,66,Yes,No,DSL,No,No,Yes,No,No,No,Month-to-month,Yes,Mailed check,56.28,3700.18,No
9283-UVNTK,Female,0,Yes,No,17,Yes,No,DSL,No,Yes,No,No,No,No,Month-to-month,Yes,Credit card (automatic),57.35,994.92,No
2517-PQBJI,Male,1,Yes,No,1,Yes,No,DSL,Yes,No,No,Yes,No,Yes,One year,No,Bank transfer (automatic),55.85,51.97,No
2276-GIFMX,Male,0,No,No,1,Yes,No,No,No internet service,No internet service,No internet service,No internet service,No internet service,No internet service,One year,Yes,Electronic check,18.06,27.78,No
2999-AODRV,Female,1,Yes,No,4,Yes,Yes,DSL,No,Yes,No,No,No,No,Month-to-month,Yes,Bank transfer (automatic),63.02,244.81,No
7888-YXQOX,Male,0,No,No,67,Yes,Yes,Fiber optic,No,No,Yes,No,No,Yes,Month-to-month,No,Bank transfer (automatic),90.95,6074.67,No
6602-XJEEE,Female,0,No,Yes,66,No,No phone service,DSL,No,No,No,No,Yes,No,Month-to-month,No,Credit card (automatic),64.73,4261.37,Yes
5058-TCCFI,Male,0,Yes,No,1,Yes,No,No,No internet service,No internet service,No internet service,No internet service,No internet service,No internet service,Month-to-month,Yes,Mailed check,22.47,5.41,No
3244-BFKDZ,Male,0,Yes,No,63,Yes,No,Fiber optic,Yes,No,No,No,No,No,Two year,No,Credit card (automatic),72.86,4575.13,No
9684-SOBSC,Male,0,Yes,No,70,Yes,No,Fiber optic,No,Yes,Yes,No,No,Yes,Month-to-month,No,Credit card (automatic),82.91,5815.6,No
8693-PUFYG,Male,0,No,No,69,Yes,No,Fiber optic,Yes,No,Yes,No,No,No,Month-to-month,Yes,Electronic check,97.75,6761.8,Yes
4579-HGTLN,Female,0,No,Yes,8,Yes,Yes,DSL,No,Yes,No,No,No,No,One year,Yes,Credit card (automatic),54.02,450.71,Yes
1310-OQXBN,Male,0,Yes,Yes,3,Yes,No,No,No internet service,No internet service,No internet service,No internet service,No internet service,No internet service,Month-to-month,No,Electronic check,18.22,50.59,No
9826-IDOCL,Female,0,Yes,No,60,Yes,No,DSL,No,No,Yes,No,Yes,No,Month-to-month,Yes,Electronic check,53.6,3207.39,No
7593-HZQMU,Female,1,Yes,No,17,No,No phone service,Fiber optic,Yes,No,Yes,No,No,No,One year,No,Electronic check,89.47,1532.77,Yes
2586-AHXFI,Female,0,Yes,Yes,3,Yes,No,DSL,No,No,No,Yes,No,No,One year,No,Credit card (automatic),43.37,128.8,No
3847-WWPGP,Male,0,No,Yes,2,Yes,No,No,No internet service,No internet service,No internet service,No internet service,No internet service,No internet service,Month-to-month,Yes,Mailed check,19.81,52.49,Yes
3353-GKDAG,Female,0,Yes,No,57,Yes,No,DSL,No,No,No,Yes,No,Yes,Month-to-month,No,Electronic check,47.39,2714.98,No
6965-SHPFK,Female,0,Yes,No,8,Yes,No,Fiber optic,No,No,Yes,Yes,No,No,Month-to-month,No,Electronic check,101.19,828.02,Yes
8635-ZGNYI,Female,0,No,No,2,Yes,No,DSL,Yes,No,No,Yes,No,Yes,Month-to-month,Yes,Electronic check,46.01,85.47,No
5809-CROXX,Male,0,Yes,Yes,7,Yes,No,Fiber optic,No,Yes,No,Yes,No,Yes,One year,Yes,Electronic check,101.46,701.3,Yes
4800-TPZKG,Male,0,No,No,65,Yes,Yes,DSL,No,No,Yes,No,Yes,No,Month-to-month,No,Electronic check,54.74,3559.79,Yes
2250-MJNRN,Female,0,Yes,No,57,Yes,No,No,No internet service,No internet service,No internet service,No internet service,No internet service,No internet service,Month-to-month,Yes,Electronic check,20.77,1183.35,Yes
9473-XKDMZ,Male,1,No,No,70,Yes,No,DSL,No,No,No,No,No,Yes,Two year,No,Electronic check,62.6,4400.01,No
4337-BSCXR,Female,0,Yes,Yes,63,Yes,Yes,Fiber optic,No,No,No,Yes,No,No,Two year,Yes,Electronic check,101.38,6380.18,No
3084-RADYB,Female,0,No,No,5,Yes,No,Fiber optic,No,No,No,Yes,Yes,No,Two year,No,Mailed check,104.19,529.98,No
2095-MZDOJ,Male,0,Yes,No,13,Yes,No,No,No internet service,No internet service,No internet service,No internet service,No internet service,No internet service,Month-to-month,Yes,Bank transfer (automatic),21.06,268.17,No
6024-PQTQZ,Female,0,No,Yes,3,Yes,No,No,No internet service,No internet service,No internet service,No internet service,No internet service,No internet service,Month-to-month,Yes,Electronic check,23.46,51.01,Yes
6980-UPSBP,Male,0,Yes,Yes,68,Yes,Yes,No,No internet service,No internet service,No internet service,No internet service,No internet service,No internet service,Month-to-month,No,Electronic check,19.0,1274.86,No
6996-ZGEEM,Male,0,No,No,0,Yes,No,DSL,No,No,Yes,No,No,Yes,Two year,Yes,Bank transfer (automatic),52.66,0.0,No
2167-WNUQY,Female,1,Yes,No,66,Yes,No,DSL,No,Yes,Yes,No,No,Yes,Two year,Yes,Bank transfer (automatic),48.8,3217.1,No
6458-AOUMH,Male,0,No,No,59,Yes,No,Fiber optic,No,No,Yes,No,No,Yes,Month-to-month,Yes,Bank transfer (automatic),95.91,5666.09,Yes
7847-NIPVY,Male,0,No,No,7,Yes,No,Fiber optic,No,No,No,No,Yes,Yes,Month-to-month,Yes,Credit card (automatic),78.39,543.77,Yes
7190-OSCWK,Female,0,No,No,66,Yes,No,Fiber optic,No,No,Yes,No,Yes,No,Month-to-month,Yes,Electronic check,99.38,6571.6,Yes
1651-SSLGO,Female,0,No,Yes,3,Yes,Yes,Fiber optic,No,Yes,Yes,No,No,Yes,Month-to-month,No,Electronic check,78.7,253.75,Yes
1784-OLKFL,Male,0,Yes,No,70,Yes,Yes,DSL,Yes,Yes,Yes,Yes,No,No,Two year,Yes,Bank transfer (automatic),57.1,4014.06,No
9284-UGVVS,Male,0,Yes,No,53,Yes,Yes,DSL,Yes,Yes,Yes,No,Yes,No,Month-to-month,Yes,Electronic check,69.5,3664.52,No
5346-QINYN,Female,0,No,No,66,Yes,Yes,Fiber optic,No,No,Yes,No,Yes,Yes,Month-to-month,Yes,Electronic check,98.99,6514.08,No
5644-APYDL,Male,0,Yes,Yes,11,Yes,No,No,No internet service,No internet service,No internet service,No internet service,No internet service,No internet service,Two year,Yes,Mailed check,27.59,313.98,No
5390-OQTZR,Male,0,Yes,Yes,9,Yes,No,Fiber optic,No,Yes,No,No,Yes,No,Month-to-month,Yes,Bank transfer (automatic),85.85,777.65,Yes
1311-RNQUZ,Male,0,Yes,No,57,Yes,Yes,DSL,No,Yes,No,No,Yes,No,Month-to-month,No,Bank transfer (automatic),43.63,2479.2,Yes
1699-ZBYQH,Male,0,Yes,Yes,70,Yes,Yes,No,No internet service,No internet service,No internet service,No internet service,No internet service,No internet service,Month-to-month,Yes,Electronic check,20.41,1445.29,Yes
9772-BZDYQ,Male,0,No,Yes,19,Yes,Yes,Fiber optic,No,No,No,No,Yes,Yes,One year,Yes,Bank transfer (automatic),91.43,1719.08,Yes
9113-TTTNU,Male,1,No,Yes,7,Yes,No,Fiber optic,No,No,Yes,No,No,No,Month-to-month,No,Mailed check,92.36,636.71,Yes
8775-WEGHS,Male,0,No,Yes,60,Yes,No,DSL,No,Yes,No,No,No,No,Month-to-month,No,Mailed check,67.05,4013.69,No
5060-EQTSX,Female,0,Yes,No,51,Yes,Yes,Fiber optic,Yes,No,Yes,No,No,No,Month-to-month,Yes,Bank transfer (automatic),108.81,5533.47,No
8391-YLKMC,Female,0,No,No,67,No,No phone service,DSL,No,No,No,No,No,No,One year,Yes,Electronic check,63.74,4273.13,No
9844-UDXWS,Female,0,No,Yes,0,Yes,No,No,No internet service,No internet service,No internet service,No internet service,No internet service,No internet service,Month-to-month,Yes,Mailed check,26.41,0.0,Yes
5710-JMHKL,Female,0,No,No,28,Yes,No,Fiber optic,No,Yes,Yes,No,Yes,Yes,Two year,Yes,Mailed check,81.05,2275.82,No
9986-QSWBH,Female,0,No,No,6,No,No phone service,Fiber optic,Yes,No,Yes,Yes,No,No,Month-to-month,Yes,Electronic check,70.68,431.43,Yes
8579-SVRRG,Male,0,No,No,13,Yes,No,Fiber optic,No,No,Yes,No,No,Yes,Month-to-month,No,Credit card (automatic),93.3,1218.81,Yes
6153-NRSFQ,Male,1,Yes,No,57,No,No phone service,DSL,No,Yes,No,No,Yes,No,One year,Yes,Bank transfer (automatic),57.75,3301.54,No
5946-XOVAA,Male,1,Yes,No,14,Yes,Yes,Fiber optic,No,No,No,Yes,Yes,No,Month-to-month,No,Bank transfer (automatic),90.08,1280.9,No
5129-CFUWU,Male,0,Yes,Yes,51,Yes,No,Fiber optic,No,Yes,No,Yes,No,Yes,Month-to-month,Yes,Bank transfer (automatic),84.09,4300.84,No
7980-IHPOJ,Female,0,No,No,66,Yes,Yes,Fiber optic,No,Yes,No,No,No,Yes,Two year,Yes,Electronic check,83.8,5529.17,No
5589-ORNQH,Male,0,No,No,59,Yes,No,DSL,No,No,No,No,Yes,No,Month-to-month,No,Electronic check,48.79,2870.23,No
1316-GEEGI,Male,0,No,No,13,Yes,No,No,No internet service,No internet service,No internet service,No internet service,No internet service,No internet service,One year,No,Bank transfer (automatic),28.9,364.43,No
9794-MCQIW,Female,0,No,No,63,Yes,No,Fiber optic,No,Yes,No,No,Yes,Yes,Month-to-month,Yes,Credit card (automatic),102.94,6498.92,Yes
1411-DEZLR,Male,0,No,No,30,Yes,No,DSL,No,Yes,No,Yes,Yes,No,Two year,Yes,Bank transfer (automatic),67.07,2023.44,No
3938-BGEYU,Male,0,No,No,55,Yes,Yes,Fiber optic,No,No,No,No,Yes,Yes,Two year,Yes,Electronic check,98.26,5388.76,Yes
8150-NQYWK,Female,0,No,No,3,Yes,Yes,No,No internet service,No internet service,No internet service,No internet service,No internet service,No internet service,Month-to-month,Yes,Credit card (automatic),20.31,78.66,No
4246-WJLAE,Male,0,Yes,No,64,No,No phone service,Fiber optic,No,Yes,No,No,Yes,Yes,Month-to-month,No,Bank transfer (automatic),82.98,5311.95,No
3587-CNFOR,Male,0,Yes,Yes,65,Yes,Yes,Fiber optic,No,Yes,No,No,No,No,Month-to-month,Yes,Bank transfer (automatic),74.09,4800.56,No
8492-AFWAT,Male,0,Yes,Yes,23,Yes,Yes,Fiber optic,Yes,No,No,No,Yes,Yes,Two year,Yes,Mailed check,103.09,2389.73,No
1838-MATNM,Male,0,Yes,No,5,Yes,Yes,DSL,Yes,No,No,Yes,No,Yes,Month-to-month,No,Bank transfer (automatic),42.42,208.79,No
6121-RXXRX,Male,0,No,Yes,58,Yes,Yes,Fiber optic,No,Yes,Yes,No,No,No,One year,Yes,Credit card (automatic),85.44,4954.51,No
4824-UNWJP,Female,0,Yes,No,4,Yes,No,Fiber optic,Yes,Yes,Yes,No,Yes,No,One year,No,Mailed check,112.37,457.15,No
7407-WAZCR,Female,0,No,No,51,Yes,No,DSL,Yes,No,Yes,No,Yes,Yes,Month-to-month,Yes,Bank transfer (automatic),52.34,2663.15,No
8890-QYPTD,Female,0,Yes,No,15,Yes,No,DSL,No,No,No,Yes,No,No,Month-to-month,No,Credit card (automatic),57.29,841.01,No
5943-GMULR,Female,0,Yes,No,61,Yes,No,DSL,No,No,Yes,No,Yes,No,Month-to-month,No,Credit card (automatic),45.77,2798.59,No
3447-GSYYM,Female,0,No,No,57,Yes,Yes,Fiber optic,No,Yes,No,No,Yes,Yes,Two year,No,Credit card (automatic),105.29,5995.89,No
9142-UBISK,Female,0,No,Yes,59,Yes,Yes,DSL,No,Yes,No,Yes,No,No,Month-to-month,Yes,Mailed check,54.38,3213.67,No
4647-RATJH,Male,0,Yes,No,4,Yes,Yes,No,No internet service,No internet service,No internet service,No internet service,No internet service,No internet service,One year,Yes,Credit card (automatic),24.54,108.88,No
1055-ZRZJB,Female,0,No,No,3,Yes,Yes,Fiber optic,Yes,Yes,Yes,No,No,No,Month-to-month,Yes,Electronic check,79.77,220.62,Yes
1959-UZQFE,Female,0,Yes,No,2,Yes,No,Fiber optic,No,Yes,No,No,Yes,No,Month-to-month,No,Electronic check,103.94,213.75,No
1286-ZLACK,Male,0,No,No,1,Yes,No,Fiber optic,No,No,No,No,Yes,No,Month-to-month,No,Electronic check,76.7,89.8,Yes
9412-DHDXO,Male,0,No,No,27,Yes,No,DSL,Yes,Yes,No,No,No,No,Two year,Yes,Mailed check,56.57,1507.89,No
2534-JWIHZ,Female,1,Yes,No,0,Yes,No,DSL,No,No,No,Yes,No,Yes,One year,No,Bank transfer (automatic),65.38,0.0,No
3010-JLIFR,Male,0,No,No,57,Yes,No,Fiber optic,No,No,Yes,No,No,No,Two year,Yes,Mailed check,73.4,4191.39,No
2558-MDRSZ,Female,0,No,No,2,Yes,No,Fiber optic,Yes,No,Yes,Yes,No,No,One year,No,Credit card (automatic),90.48,194.62,No
6008-VAUQW,Male,0,No,No,57,Yes,No,Fiber optic,No,Yes,No,No,No,Yes,One year,No,Electronic check,79.55,4542.14,No
7720-OKHJB,Female,0,No,Yes,51,Yes,No,DSL,No,Yes,No,No,Yes,No,Month-to-month,No,Credit card (automatic),63.0,3226.18,Yes
2741-GYBXM,Male,0,Yes,No,69,Yes,No,DSL,No,Yes,Yes,No,Yes,No,Two year,No,Bank transfer (automatic),56.28,3897.35,No
9251-XSXGE,Male,0,No,No,65,Yes,Yes,No,No internet service,No internet service,No internet service,No internet service,No internet service,No internet service,Month-to-month,No,Electronic check,26.76,1751.12,No
3413-EXXLG,Female,0,No,No,1,Yes,Yes,DSL,No,Yes,Yes,Yes,No,Yes,One year,Yes,Mailed check,58.05,50.83,No
6686-AGDBU,Female,0,No,Yes,9,Yes,No,DSL,Yes,No,No,No,No,Yes,Month-to-month,Yes,Bank transfer (automatic),44.53,390.42,Yes
9722-ALXNM,Female,0,Yes,No,12,Yes,Yes,DSL,No,No,No,Yes,Yes,Yes,Month-to-month,No,Credit card (automatic),63.01,755.33,No
9450-YSQFJ,Female,0,No,No,71,Yes,No,Fiber optic,No,No,No,No,No,No,Month-to-month,Yes,Bank transfer (automatic),97.78,6945.33,No
2057-OBRNZ,Female,1,No,No,17,No,No phone service,No,No internet service,No internet service,No internet service,No internet service,No internet service,No internet service,Month-to-month,No,Credit card (automatic),26.56,432.73,Yes
1435-PYHWD,Male,0,No,No,66,Yes,No,DSL,No,Yes,No,No,No,Yes,One year,Yes,Bank transfer (automatic),51.55,3418.61,No
7787-CYGLE,Female,0,Yes,Yes,1,Yes,Yes,Fiber optic,No,Yes,No,No,Yes,No,Month-to-month,No,Mailed check,98.71,93.62,No
8810-YHFFD,Female,0,Yes,No,10,Yes,Yes,Fiber optic,Yes,No,Yes,Yes,Yes,No,Month-to-month,Yes,Bank transfer (automatic),108.26,1069.06,No
6513-TQMHC,Male,0,Yes,No,1,Yes,No,No,No internet service,No internet service,No internet service,No internet service,No internet service,No internet service,Two year,No,Bank transfer (automatic),25.32,13.7,No
8807-FNGMN,Male,1,Yes,No,51,Yes,No,Fiber optic,Yes,No,No,No,Yes,No,One year,Yes,Mailed check,102.18,5203.58,No
7408-SMTHM,Female,1,No,No,1,Yes,Yes,No,No internet service,No internet service,No internet service,No internet service,No internet service,No internet service,Month-to-month,Yes,Electronic check,24.96,19.39,Yes
1783-UZUAK,Male,0,No,Yes,51,Yes,No,Fiber optic,No,No,Yes,No,No,Yes,Two year,No,Bank transfer (automatic),73.04,3741.59,Yes
2145-OJSMH,Male,0,No,No,36,Yes,No,Fiber optic,No,No,Yes,Yes,No,No,Month-to-month,Yes,Credit card (automatic),72.17,2592.29,No
7999-PCMWC,Female,0,No,No,5,Yes,No,Fiber optic,No,No,No,No,No,No,One year,No,Credit card (automatic),91.8,448.33,No
3916-YHKUP,Male,0,Yes,Yes,1,Yes,No,No,No internet service,No internet service,No internet service,No internet service,No internet service,No internet service,Month-to-month,Yes,Mailed check,21.82,17.29,Yes
9081-UWRCJ,Male,0,Yes,No,10,Yes,Yes,Fiber optic,No,No,Yes,No,No,Yes,Month-to-month,No,Bank transfer (automatic),87.85,865.61,No
1110-BIOJU,Female,1,No,No,12,Yes,No,Fiber optic,Yes,Yes,No,No,Yes,No,Month-to-month,Yes,Credit card (automatic),107.04,1283.91,No
7930-BCBRP,Female,1,No,No,29,Yes,No,DSL,No,No,No,No,No,No,Month-to-month,No,Bank transfer (automatic),64.93,1900.13,No
3074-QVNKQ,Male,1,No,No,52,Yes,No,Fiber optic,No,No,No,No,No,No,Month-to-month,Yes,Mailed check,77.2,4024.32,No
2752-USAWZ,Male,0,Yes,No,5,Yes,No,Fiber optic,No,No,No,No,No,Yes,Month-to-month,Yes,Bank transfer (automatic),73.19,381.53,No
8610-PSXGO,Female,0,No,No,1,Yes,No,Fiber optic,Yes,Yes,Yes,No,No,No,Two year,Yes,Credit card (automatic),84.0,103.12,No
3789-KJOAL,Male,0,Yes,No,1,Yes,No,Fiber optic,No,Yes,Yes,No,No,No,Month-to-month,Yes,Bank transfer (automatic),78.75,74.1,Yes
1911-SINBK,Male,0,No,Yes,50,No,No phone service,DSL,No,No,Yes,No,No,No,Two year,Yes,Bank transfer (automatic),55.77,2775.74,No
5292-PFBVG,Male,0,No,No,50,Yes,No,Fiber optic,No,No,No,No,No,No,Month-to-month,No,Electronic check,93.98,4705.1,No
1089-RXKPS,Female,0,No,No,6,Yes,Yes,DSL,No,No,No,No,Yes,Yes,One year,No,Bank transfer (automatic),49.46,303.53,No
7632-PBKTC,Male,0,Yes,Yes,57,Yes,No,DSL,No,No,No,No,No,Yes,Month-to-month,No,Electronic check,50.46,2882.02,No
6214-CHEUA,Male,0,No,No,2,Yes,No,No,No internet service,No internet service,No internet service,No internet service,No internet service,No internet service,Month-to-month,No,Credit card (automatic),22.21,55.12,No
6102-KEBHI,Female,1,Yes,No,54,Yes,Yes,DSL,Yes,Yes,No,No,Yes,Yes,Month-to-month,No,Electronic check,40.82,2192.37,No
6924-ANTUM,Male,1,Yes,No,51,Yes,No,Fiber optic,No,Yes,No,Yes,No,No,Two year,No,Electronic check,96.93,4923.95,No
6864-IDULT,Male,1,No,Yes,61,Yes,Yes,No,No internet service,No internet service,No internet service,No internet service,No internet service,No internet service,Month-to-month,No,Electronic check,26.69,1628.11,No
3539-IYRBP,Female,0,Yes,No,14,Yes,No,DSL,No,No,No,No,No,Yes,Month-to-month,Yes,Mailed check,66.87,922.06,Yes
5363-ZVTRV,Female,0,No,No,61,Yes,Yes,DSL,No,Yes,No,No,No,Yes,Month-to-month,Yes,Electronic check,52.39,3176.91,No
1848-GEAWF,Female,0,Yes,No,58,Yes,No,Fiber optic,No,Yes,No,No,Yes,Yes,Month-to-month,No,Electronic check,73.41,4256.15,No
2001-WGZZZ,Female,0,No,No,0,Yes,No,DSL,No,No,No,No,No,Yes,One year,Yes,Mailed check,48.18,7.16,No
6420-HLOFG,Male,1,No,No,0,Yes,No,No,No internet service,No internet service,No internet service,No internet service,No internet service,No internet service,One year,Yes,Mailed check,25.67,1.51,No
6861-CAQSS,Male,1,Yes,Yes,51,No,No phone service,DSL,No,No,No,Yes,No,No,Month-to-month,No,Electronic check,45.56,2304.82,No
1170-ELGWI,Female,0,No,No,24,Yes,No,No,No internet service,No internet service,No internet service,No internet service,No internet service,No internet service,Month-to-month,No,Electronic check,18.92,441.85,No
8836-RAFVT,Female,0,No,Yes,66,Yes,Yes,DSL,No,No,Yes,Yes,Yes,No,Month-to-month,No,Mailed check,43.24,2851.02,No
5548-WZTAV,Male,0,No,No,69,Yes,Yes,No,No internet service,No internet service,No internet service,No internet service,No internet service,No internet service,Two year,No,Credit card (automatic),24.66,1714.19,No
5780-RGOLN,Female,0,No,Yes,58,Yes,Yes,No,No internet service,No internet service,No internet service,No internet service,No internet service,No internet service,Month-to-month,Yes,Mailed check,21.37,1231.28,No
8951-FMKEY,Male,1,No,No,1,Yes,No,Fiber optic,No,No,No,No,No,Yes,Month-to-month,No,Mailed check,73.47,87.69,No
7329-PRFWW,Female,0,Yes,No,0,Yes,No,Fiber optic,No,No,No,No,No,No,Month-to-month,Yes,Mailed check,71.77,13.48,No
1216-DHDWS,Male,0,Yes,No,1,No,No phone service,DSL,No,Yes,No,No,No,Yes,Month-to-month,No,Electronic check,67.27,72.26,Yes
2265-BPUIB,Female,0,Yes,No,18,Yes,Yes,DSL,No,No,No,No,No,Yes,Two year,Yes,Credit card (automatic),42.73,782.96,No
1632-LCQKY,Female,0,No,Yes,11,Yes,Yes,Fiber optic,No,No,No,No,Yes,Yes,Month-to-month,Yes,Electronic check,103.75,1147.49,Yes
5558-WMKVI,Male,0,No,No,1,Yes,Yes,Fiber optic,No,Yes,Yes,Yes,Yes,No,One year,Yes,Electronic check,83.88,71.44,Yes
1357-FXMHA,Female,1,No,No,61,Yes,Yes,No,No internet service,No internet service,No internet service,No internet service,No internet service,No internet service,Month-to-month,No,Electronic check,19.76,1185.83,Yes
2095-WTCHI,Male,0,No,No,19,Yes,No,Fiber optic,No,No,Yes,Yes,No,No,One year,No,Credit card (automatic),95.98,1827.47,No
3730-CQCWP,Male,0,No,Yes,2,Yes,Yes,Fiber optic,No,No,Yes,No,No,Yes,Month-to-month,Yes,Mailed check,109.43,207.08,Yes
7019-JRFHC,Male,0,Yes,Yes,9,Yes,No,Fiber optic,No,Yes,No,No,No,No,Two year,No,Bank transfer (automatic),104.35,943.56,No
6755-WHAYK,Male,0,Yes,No,1,No,No phone service,No,No internet service,No internet service,No internet service,No internet service,No internet service,No internet service,Month-to-month,No,Electronic check,24.85,13.56,Yes
5482-WWSUO,Male,0,No,No,26,Yes,Yes,Fiber optic,Yes,No,No,Yes,No,Yes,One year,Yes,Bank transfer (automatic),70.69,1823.03,No
8395-DMJOZ,Female,0,Yes,No,50,Yes,No,No,No internet service,No internet service,No internet service,No internet service,No internet service,No internet service,Two year,Yes,Electronic check,29.62,1477.84,No
5060-FXYQA,Female,0,No,Yes,23,Yes,No,DSL,Yes,No,No,No,No,No,Month-to-month,Yes,Electronic check,46.71,1084.29,Yes
9022-KEUTB,Male,0,Yes,No,53,Yes,No,DSL,No,No,No,No,Yes,No,Month-to-month,Yes,Bank transfer (automatic),44.51,2348.46,No
4153-ZOFAO,Female,0,Yes,No,23,Yes,Yes,No,No internet service,No internet service,No internet service,No internet service,No internet service,No internet service,Two year,Yes,Electronic check,22.44,529.67,No
5882-KQIWB,Male,0,No,Yes,1,Yes,No,No,No internet service,No internet service,No internet service,No internet service,No internet service,No internet service,Month-to-month,No,Mailed check,29.76,45.47,No
6268-QYEEW,Female,0,Yes,No,61,No,No phone service,DSL,No,No,No,No,No,No,Two year,No,Mailed check,68.45,4165.69,No
7284-EZBSW,Female,0,No,No,50,Yes,No,No,No internet service,No internet service,No internet service,No internet service,No internet service,No internet service,Month-to-month,No,Bank transfer (automatic),18.84,932.37,No
7090-BFZPJ,Female,0,Yes,No,71,Yes,No,No,No internet service,No internet service,No internet service,No internet service,No internet service,No internet service,Month-to-month,Yes,Bank transfer (automatic),27.97,1980.13,No
9373-HQZME,Female,0,No,Yes,4,Yes,Yes,DSL,Yes,Yes,No,Yes,Yes,No,Month-to-month,No,Credit card (automatic),60.81,251.72,Yes
7870-VFBDJ,Male,0,No,No,7,Yes,Yes,No,No internet service,No internet service,No internet service,No internet service,No internet service,No internet service,Month-to-month,Yes,Bank transfer (automatic),20.22,126.45,No
1639-BHQZA,Male,0,No,Yes,5,Yes,No,No,No internet service,No internet service,No internet service,No internet service,No internet service,No internet service,Month-to-month,Yes,Mailed check,28.0,151.77,No
6156-HYHNN,Female,1,No,No,59,Yes,Yes,DSL,Yes,No,No,No,No,Yes,Month-to-month,Yes,Electronic check,58.34,3442.73,No
1888-OVSIO,Female,0,Yes,No,60,Yes,Yes,Fiber optic,No,Yes,No,Yes,Yes,No,Two year,Yes,Mailed check,102.07,6128.12,No
3827-TUMHH,Male,0,Yes,No,57,Yes,Yes,No,No internet service,No internet service,No internet service,No internet service,No internet service,No internet service,Two year,Yes,Electronic check,28.18,1618.83,No
5662-PQZZW,Female,1,Yes,Yes,5,Yes,No,Fiber optic,No,Yes,No,No,No,No,Month-to-month,Yes,Electronic check,113.24,550.23,No
6642-JTHOD,Male,0,No,No,2,Yes,No,No,No internet service,No internet service,No internet service,No internet service,No internet service,No internet service,Month-to-month,Yes,Electronic check,18.09,50.82,No
8068-ULDTX,Male,0,No,Yes,10,Yes,No,DSL,No,No,Yes,No,Yes,No,One year,Yes,Mailed check,51.96,537.32,No
8776-OYWGA,Male,0,Yes,No,2,Yes,No,Fiber optic,Yes,No,No,Yes,Yes,No,Month-to-month,No,Mailed check,105.75,218.93,Yes
2834-BGJXE,Female,0,No,Yes,10,Yes,No,DSL,No,No,Yes,No,Yes,No,Two year,No,Bank transfer (automatic),47.43,485.05,No
6773-DARFM,Male,0,Yes,No,1,Yes,No,DSL,No,No,No,Yes,Yes,No,Month-to-month,Yes,Credit card (automatic),69.49,54.62,No
4851-HLCBG,Female,0,Yes,No,55,Yes,Yes,Fiber optic,No,No,No,No,No,No,One year,No,Credit card (automatic),73.07,4019.55,Yes
5135-YUCFU,Male,0,No,Yes,53,Yes,Yes,Fiber optic,Yes,No,No,Yes,No,Yes,One year,Yes,Mailed check,103.12,5455.31,No
6892-VHGHP,Female,1,Yes,No,61,Yes,No,Fiber optic,No,Yes,Yes,No,No,No,One year,No,Bank transfer (automatic),74.74,4570.88,No
5932-IDGBE,Female,0,Yes,No,56,Yes,No,No,No internet service,No internet service,No internet service,No internet service,No internet service,No internet service,Month-to-month,Yes,Mailed check,26.48,1494.63,Yes
1660-KYTDA,Female,0,No,No,59,Yes,No,Fiber optic,No,Yes,Yes,No,No,No,Month-to-month,No,Bank transfer (automatic),75.47,4447.96,No
3904-ZKHNR,Male,0,No,Yes,58,Yes,Yes,DSL,No,No,No,No,No,No,Month-to-month,Yes,Bank transfer (automatic),45.85,2667.82,Yes
6045-KEMRU,Male,0,Yes,No,61,Yes,No,No,No internet service,No internet service,No internet service,No internet service,No internet service,No internet service,One year,No,Electronic check,20.19,1232.42,No
5427-HGAFY,Female,0,No,Yes,0,Yes,Yes,DSL,No,Yes,No,Yes,Yes,Yes,Month-to-month,Yes,Electronic check,55.31,0.51,No
2448-STYYW,Female,0,No,No,2,No,No phone service,Fiber optic,No,No,Yes,No,No,Yes,Two year,No,Electronic check,83.21,173.13,No
2743-FEXRD,Female,0,Yes,No,66,Yes,No,DSL,No,No,No,No,Yes,No,Month-to-month,Yes,Electronic check,52.5,3468.44,No
2855-ZHKYY,Male,0,No,No,15,Yes,Yes,No,No internet service,No internet service,No internet service,No internet service,No internet service,No internet service,Month-to-month,Yes,Electronic check,22.95,330.91,No
2128-VTNUZ,Male,1,Yes,No,63,Yes,No,DSL,No,Yes,Yes,Yes,Yes,No,Month-to-month,Yes,Mailed check,63.01,3974.52,No
8399-BKUAU,Male,0,Yes,No,68,Yes,No,Fiber optic,No,No,No,No,No,No,One year,No,Bank transfer (automatic),73.55,4998.57,No
8748-RTFUC,Male,0,Yes,Yes,19,Yes,No,Fiber optic,Yes,No,Yes,No,Yes,Yes,Two year,Yes,Bank transfer (automatic),99.26,1883.96,No
4986-IDIPE,Female,0,No,No,62,Yes,No,DSL,No,No,Yes,Yes,Yes,No,Two year,No,Electronic check,67.21,4178.94,No
7806-PJAKY,Female,0,Yes,No,2,Yes,No,Fiber optic,No,Yes,No,No,Yes,Yes,Two year,Yes,Electronic check,77.11,164.29,No
6679-MXEOS,Male,0,Yes,No,1,Yes,Yes,DSL,Yes,Yes,No,No,Yes,Yes,Two year,Yes,Bank transfer (automatic),56.04,64.78,Yes
1961-BGBBJ,Male,0,Yes,Yes,65,No,No phone service,No,No internet service,No internet service,No internet service,No internet service,No internet service,No internet service,Two year,No,Bank transfer (automatic),23.03,1510.42,No
6572-JOYJF,Female,0,Yes,No,54,Yes,Yes,No,No internet service,No internet service,No internet service,No internet service,No internet service,No internet service,Month-to-month,No,Credit card (automatic),21.5,1148.95,No
4896-SPXVD,Male,0,No,No,18,Yes,Yes,No,No internet service,No internet service,No internet service,No internet service,No internet service,No internet service,Month-to-month,Yes,Mailed check,22.12,398.14,No
4548-TXGPL,Male,0,Yes,No,17,Yes,Yes,Fiber optic,No,Yes,No,No,Yes,No,Month-to-month,Yes,Mailed check,84.64,1457.3,No
5947-MEHXB,Male,0,No,No,3,Yes,No,DSL,No,Yes,No,No,Yes,No,Two year,Yes,Bank transfer (automatic),52.75,142.29,No
3844-JJFEK,Male,0,No,No,56,Yes,No,DSL,No,No,Yes,No,Yes,No,Month-to-month,No,Electronic check,64.06,3604.84,Yes
8323-JZFIE,Male,0,No,No,9,Yes,Yes,Fiber optic,No,No,No,No,No,Yes,Month-to-month,No,Electronic check,102.65,909.64,Yes
4768-DKHBR,Male,0,No,No,61,Yes,Yes,Fiber optic,No,Yes,Yes,Yes,No,No,Two year,No,Mailed check,80.72,4905.56,No
9541-SLKUX,Female,0,Yes,No,8,Yes,Yes,No,No internet service,No internet service,No internet service,No internet service,No internet service,No internet service,Month-to-month,Yes,Credit card (automatic),25.94,195.25,No
5493-JHQNC,Male,0,Yes,Yes,68,Yes,No,Fiber optic,No,No,No,No,No,No,One year,No,Mailed check,111.62,7588.2,No
2253-IHLAR,Male,0,No,No,61,Yes,Yes,No,No internet service,No internet service,No internet service,No internet service,No internet service,No internet service,Two year,Yes,Electronic check,18.74,1133.98,No
2931-BCDRJ,Female,0,Yes,No,55,Yes,No,Fiber optic,Yes,No,No,No,Yes,No,Two year,Yes,Credit card (automatic),73.99,4067.56,No
7772-SRSVN,Female,0,No,No,13,Yes,No,Fiber optic,No,No,No,No,No,Yes,Two year,Yes,Credit card (automatic),99.99,1298.73,No
1876-PTLUT,Female,0,Yes,No,57,Yes,No,DSL,Yes,No,Yes,Yes,Yes,No,Two year,No,Bank transfer (automatic),67.17,3848.38,No
5415-NHBZG,Male,0,Yes,Yes,0,Yes,No,DSL,No,No,Yes,No,No,No,One year,Yes,Mailed check,68.55,2.12,No
4221-XYFBB,Female,0,Yes,No,61,Yes,Yes,Fiber optic,No,No,No,No,No,No,Month-to-month,Yes,Credit card (automatic),90.26,5516.62,No
7785-IRRSW,Male,1,Yes,No,10,Yes,Yes,Fiber optic,No,No,No,No,No,No,One year,No,Bank transfer (automatic),80.53,789.03,No
2358-ZXBJN,Male,1,No,No,1,Yes,No,Fiber optic,Yes,No,No,No,Yes,No,Two year,Yes,Electronic check,95.8,99.9,No
8921-EFMAR,Male,0,Yes,No,64,Yes,No,DSL,No,Yes,No,No,No,Yes,Month-to-month,Yes,Credit card (automatic),69.29,4425.64,Yes
2540-HQWFA,Female,0,No,Yes,4,Yes,No,Fiber optic,No,No,Yes,No,No,No,Month-to-month,No,Bank transfer (automatic),73.88,286.06,Yes
2059-MIIRF,Female,0,No,Yes,71,Yes,No,DSL,No,No,No,No,No,Yes,Month-to-month,No,Electronic check,56.19,4009.29,No
6810-APFSM,Female,0,No,No,3,Yes,No,Fiber optic,No,Yes,No,Yes,Yes,Yes,One year,Yes,Electronic check,108.84,319.06,Yes
2740-VYSHO,Female,0,Yes,Yes,1,Yes,Yes,DSL,No,Yes,No,No,Yes,Yes,Month-to-month,Yes,Bank transfer (automatic),68.38,83.24,Yes
5142-FKQUL,Female,0,No,Yes,6,No,No phone service,Fiber optic,No,No,Yes,No,Yes,No,Two year,No,Credit card (automatic),70.52,421.56,No
6037-XPQLK,Male,1,Yes,No,54,Yes,Yes,Fiber optic,No,No,No,No,Yes,No,Month-to-month,No,Credit card (automatic),92.95,5014.55,Yes
7683-ETRFS,Male,1,No,No,2,Yes,No,Fiber optic,Yes,No,No,No,No,No,Month-to-month,No,Electronic check,70.95,127.54,No
9569-DCSWB,Male,0,Yes,Yes,55,Yes,Yes,Fiber optic,No,Yes,Yes,No,Yes,No,Month-to-month,Yes,Credit card (automatic),110.84,6102.72,Yes
3030-QORMA,Male,0,Yes,Yes,16,Yes,Yes,Fiber optic,Yes,No,No,No,Yes,Yes,One year,No,Electronic check,90.05,1442.18,No
3805-PXGZW,Female,0,No,No,1,Yes,No,Fiber optic,No,No,Yes,Yes,Yes,Yes,Month-to-month,No,Bank transfer (automatic),70.82,75.59,Yes
8576-QEVBH,Female,0,No,Yes,13,Yes,Yes,No,No internet service,No internet service,No internet service,No internet service,No internet service,No internet service,Month-to-month,No,Electronic check,18.75,257.09,No
6150-VRRCF,Male,0,Yes,No,68,Yes,Yes,Fiber optic,No,No,No,Yes,Yes,Yes,Two year,Yes,Mailed check,95.94,6535.74,No
2926-FPAXL,Female,0,Yes,No,65,Yes,No,Fiber optic,Yes,No,No,No,No,No,Two year,Yes,Mailed check,110.8,7186.04,No
1568-DKTHE,Female,0,No,No,61,No,No phone service,No,No internet service,No internet service,No internet service,No internet service,No internet service,No internet service,Two year,Yes,Credit card (automatic),21.02,1264.12,No
3622-KOOLT,Male,0,No,No,8,Yes,No,DSL,Yes,No,No,No,Yes,Yes,One year,Yes,Mailed check,61.21,490.7,No
9177-CTQPG,Male,0,Yes,Yes,15,Yes,No,Fiber optic,No,Yes,Yes,No,No,No,Two year,Yes,Bank transfer (automatic),94.01,1395.14,No
6264-KGVLO,Female,1,No,Yes,50,Yes,No,Fiber optic,No,Yes,No,No,No,No,Two year,Yes,Credit card (automatic),74.84,3760.93,Yes
3057-PKGOK,Female,0,No,No,26,Yes,Yes,No,No internet service,No internet service,No internet service,No internet service,No internet service,No internet service,Two year,No,Electronic check,26.88,705.51,No
7241-HDAGP,Male,0,No,No,10,Yes,No,Fiber optic,No,No,Yes,No,Yes,No,Month-to-month,No,Electronic check,83.84,853.43,No
2833-YMCJQ,Male,0,No,No,2,Yes,No,DSL,No,No,Yes,Yes,No,No,Month-to-month,No,Electronic check,67.67,116.43,No
8163-RJRUV,Male,0,Yes,Yes,3,Yes,No,DSL,No,No,No,No,No,No,Month-to-month,Yes,Electronic check,45.54,134.94,Yes
8653-GHJFS,Female,0,No,No,52,Yes,Yes,No,No internet service,No internet service,No internet service,No internet service,No internet service,No internet service,Two year,Yes,Mailed check,23.22,1205.87,Yes
3209-MFCVD,Male,0,Yes,No,50,Yes,Yes,Fiber optic,Yes,No,Yes,No,No,No,One year,Yes,Electronic check,75.32,3755.74,No
9952-WVTDI,Male,1,Yes,No,6,Yes,Yes,DSL,No,Yes,Yes,No,No,No,Month-to-month,Yes,Electronic check,65.75,377.92,No
6418-IGAEH,Female,0,No,Yes,3,Yes,No,Fiber optic,No,No,No,No,No,Yes,Month-to-month,Yes,Electronic check,107.29,313.01,No
7949-JXOBN,Female,0,Yes,No,3,Yes,Yes,DSL,Yes,No,Yes,No,Yes,No,Two year,Yes,Electronic check,66.57,206.99,No
5312-WUJMQ,Female,0,No,Yes,6,Yes,No,DSL,No,Yes,No,No,No,Yes,Two year,Yes,Mailed check,55.2,312.57,No
8026-LAJJP,Female,1,Yes,No,0,Yes,No,Fiber optic,No,No,Yes,No,No,No,One year,Yes,Bank transfer (automatic),94.22,0.0,No
2460-DBNFT,Female,0,Yes,No,18,Yes,No,Fiber optic,No,No,Yes,No,No,No,One year,Yes,Credit card (automatic),106.92,1922.28,No
1543-QPMXN,Male,0,No,No,11,Yes,No,No,No internet service,No internet service,No internet service,No internet service,No internet service,No internet service,Month-to-month,Yes,Electronic check,23.42,248.15,Yes
7526-CKJOL,Male,0,Yes,No,64,Yes,Yes,Fiber optic,No,Yes,Yes,Yes,No,No,Month-to-month,Yes,Bank transfer (automatic),79.6,5086.3,No
6768-NILTL,Female,0,Yes,No,13,Yes,No,No,No internet service,No internet service,No internet service,No internet service,No internet service,No internet service,Two year,No,Mailed check,23.53,294.6,No
2947-XYFAB,Female,0,No,Yes,51,Yes,No,No,No internet service,No internet service,No internet service,No internet service,No internet service,No internet service,Two year,No,Credit card (automatic),21.49,1101.9,No
8427-YKCDC,Female,0,Yes,Yes,56,Yes,Yes,Fiber optic,No,No,No,No,Yes,No,One year,No,Electronic check,111.35,6234.44,No
1617-ERKLJ,Female,0,Yes,Yes,16,Yes,Yes,No,No internet service,No internet service,No internet service,No internet service,No internet service,No internet service,Month-to-month,No,Electronic check,19.92,329.74,Yes
2944-GXYYC,Female,0,No,Yes,5,Yes,No,No,No internet service,No internet service,No internet service,No internet service,No internet service,No internet service,Month-to-month,Yes,Mailed check,23.57,126.02,Yes
5537-HYLQY,Male,0,Yes,Yes,3,Yes,No,No,No internet service,No internet service,No internet service,No internet service,No internet service,No internet service,Month-to-month,Yes,Credit card (automatic),26.23,80.78,Yes
3637-TFDDT,Male,0,No,No,64,Yes,No,DSL,No,No,No,No,No,No,One year,Yes,Mailed check,47.28,3044.74,No
1801-LACWV,Male,0,Yes,No,53,Yes,No,No,No internet service,No internet service,No internet service,No internet service,No internet service,No internet service,Month-to-month,Yes,Electronic check,21.97,1160.1,Yes
4365-PEBIC,Male,0,Yes,Yes,2,Yes,No,DSL,No,No,No,No,Yes,Yes,Two year,No,Bank transfer (automatic),54.25,123.52,Yes
3133-BXLYE,Female,0,Yes,Yes,50,Yes,Yes,Fiber optic,Yes,No,No,Yes,No,Yes,One year,Yes,Credit card (automatic),104.12,5205.08,Yes
2079-PVYTJ,Male,0,Yes,No,64,Yes,No,Fiber optic,No,No,No,No,No,Yes,Month-to-month,No,Credit card (automatic),85.12,5436.57,No
7592-UAPVJ,Female,1,Yes,No,71,Yes,No,No,No internet service,No internet service,No internet service,No internet service,No internet service,No internet service,Month-to-month,Yes,Credit card (automatic),22.1,1574.6,No
6401-KRIIC,Female,1,Yes,Yes,18,Yes,Yes,Fiber optic,No,Yes,Yes,No,No,Yes,Two year,Yes,Electronic check,110.91,1996.16,No
1190-LICTV,Female,0,Yes,No,60,Yes,No,Fiber optic,Yes,No,No,No,No,No,Month-to-month,Yes,Electronic check,71.88,4306.37,No
9348-DBFJG,Male,0,Yes,No,62,Yes,No,Fiber optic,Yes,Yes,No,No,No,No,One year,No,Credit card (automatic),103.41,6425.33,No
8666-UTXBY,Female,0,No,No,71,Yes,No,DSL,No,No,No,No,Yes,Yes,One year,Yes,Mailed check,44.95,3174.12,No
4643-CJPUI,Male,1,No,No,50,Yes,No,Fiber optic,Yes,Yes,No,No,Yes,No,Month-to-month,Yes,Mailed check,102.51,5118.42,No
2365-ADDKQ,Male,0,Yes,No,9,Yes,No,Fiber optic,No,No,Yes,Yes,Yes,Yes,Month-to-month,No,Mailed check,109.7,996.53,Yes
7435-YKAYP,Female,0,No,Yes,55,Yes,Yes,Fiber optic,No,No,No,No,No,No,Month-to-month,No,Electronic check,82.36,4517.0,No
9254-RNOFW,Female,0,No,Yes,53,Yes,No,DSL,Yes,No,No,No,No,Yes,Month-to-month,Yes,Credit card (automatic),42.59,2257.11,No
2591-WQPIV,Female,1,No,No,3,Yes,Yes,DSL,No,No,Yes,No,Yes,No,One year,Yes,Bank transfer (automatic),68.21,199.13,No
2492-PANIX,Male,0,No,No,63,Yes,Yes,DSL,No,No,No,No,No,No,One year,Yes,Electronic check,47.3,2973.06,No
6234-KJGSD,Female,0,No,No,70,Yes,Yes,No,No internet service,No internet service,No internet service,No internet service,No internet service,No internet service,Two year,No,Bank transfer (automatic),22.22,1552.0,No
3139-TQNMX,Male,0,Yes,Yes,1,Yes,No,Fiber optic,No,No,No,No,Yes,No,Two year,Yes,Mailed check,72.86,74.45,No
3006-CIBMT,Female,0,No,No,52,Yes,No,Fiber optic,No,No,Yes,No,Yes,No,Month-to-month,No,Mailed check,75.9,3939.07,Yes
8238-YJHDA,Female,0,No,No,51,Yes,No,Fiber optic,No,Yes,No,No,Yes,Yes,Month-to-month,No,Credit card (automatic),114.95,5858.58,Yes
7733-PPMXG,Male,0,Yes,No,4,Yes,No,Fiber optic,Yes,No,Yes,No,No,No,One year,Yes,Mailed check,97.64,395.48,No
4840-QDIPN,Male,0,Yes,No,0,No,No phone service,DSL,Yes,No,Yes,No,No,Yes,Month-to-month,Yes,Bank transfer (automatic),49.16,0.0,Yes
5033-KZBVV,Male,1,No,No,64,Yes,No,DSL,Yes,No,No,No,No,Yes,Two year,Yes,Electronic check,46.67,3001.65,No
7457-CHMLW,Male,0,No,No,31,Yes,Yes,Fiber optic,No,No,Yes,No,No,No,Month-to-month,Yes,Mailed check,87.21,2715.63,Yes
9530-UGOFL,Male,0,Yes,No,9,Yes,Yes,Fiber optic,Yes,Yes,No,Yes,No,No,Two year,No,Bank transfer (automatic),73.25,644.93,No
7414-CKLDV,Male,0,Yes,No,8,Yes,Yes,No,No internet service,No internet service,No internet service,No internet service,No internet service,No internet service,Two year,No,Credit card (automatic),22.42,193.29,No
6003-FYZLZ,Female,0,No,Yes,57,Yes,Yes,DSL,No,Yes,No,No,No,No,One year,No,Credit card (automatic),60.53,3437.43,No
7367-XMFBN,Female,0,Yes,No,5,Yes,Yes,No,No internet service,No internet service,No internet service,No internet service,No internet service,No internet service,Month-to-month,No,Credit card (automatic),23.6,102.64,No
3334-YGEPQ,Male,0,No,Yes,56,Yes,No,DSL,No,No,No,No,Yes,No,One year,Yes,Credit card (automatic),48.65,2743.48,No
4641-FXUAV,Female,0,Yes,No,12,Yes,Yes,DSL,No,No,Yes,Yes,No,Yes,One year,Yes,Electronic check,43.15,519.8,Yes
3405-VGXTW,Male,1,Yes,No,9,Yes,Yes,DSL,No,Yes,No,No,Yes,Yes,Two year,Yes,Credit card (automatic),63.42,585.53,No
9617-SKSIR,Female,1,Yes,Yes,1,Yes,Yes,No,No internet service,No internet service,No internet service,No internet service,No internet service,No internet service,Month-to-month,No,Credit card (automatic),29.24,19.11,No
8718-XTRHH,Female,1,Yes,Yes,4,Yes,No,Fiber optic,Yes,No,Yes,Yes,No,Yes,Month-to-month,Yes,Electronic check,93.23,390.71,Yes
7922-HUDWY,Male,0,Yes,No,56,Yes,No,Fiber optic,No,No,Yes,No,No,Yes,Two year,Yes,Mailed check,73.16,4112.96,No
1640-NHIGU,Male,0,No,No,5,Yes,No,Fiber optic,No,Yes,No,No,No,No,Two year,No,Mailed check,72.38,363.41,No
2004-QIMMR,Male,0,No,Yes,3,Yes,No,Fiber optic,No,No,Yes,Yes,Yes,Yes,Month-to-month,Yes,Bank transfer (automatic),104.33,326.68,Yes
6021-NTOCP,Female,0,Yes,Yes,60,Yes,No,DSL,No,No,Yes,No,No,Yes,Two year,No,Electronic check,48.49,2904.76,No
3349-BIUGT,Male,0,No,No,3,Yes,No,DSL,No,Yes,No,No,No,No,Month-to-month,Yes,Bank transfer (automatic),56.82,174.54,Yes
6756-ZNIYA,Female,0,No,No,16,No,No phone service,No,No internet service,No internet service,No internet service,No internet service,No internet service,No internet service,Two year,No,Credit card (automatic),19.06,311.57,No
7994-MKODO,Male,0,Yes,No,63,Yes,No,DSL,No,No,Yes,Yes,No,No,Month-to-month,Yes,Electronic check,62.02,3921.13,No
1395-XWECW,Female,0,Yes,No,7,Yes,No,Fiber optic,No,Yes,No,Yes,Yes,Yes,Two year,No,Electronic check,105.96,747.79,No
8672-OEFNL,Female,0,Yes,No,9,No,No phone service,DSL,No,No,No,No,No,Yes,One year,Yes,Electronic check,52.2,488.95,Yes
4526-UMRIG,Male,0,No,Yes,63,Yes,No,DSL,No,Yes,No,No,No,Yes,Month-to-month,Yes,Credit card (automatic),65.53,4108.88,No
1062-JYQRC,Female,0,No,No,61,Yes,Yes,No,No internet service,No internet service,No internet service,No internet service,No internet service,No internet service,Month-to-month,No,Electronic check,25.21,1551.2,Yes
3387-LVOND,Female,0,Yes,No,0,Yes,No,No,No internet service,No internet service,No internet service,No internet service,No internet service,No internet service,Month-to-month,Yes,Credit card (automatic),22.12,0.0,No
2839-YDOOK,Male,0,No,Yes,0,Yes,Yes,Fiber optic,No,No,No,No,Yes,No,One year,Yes,Mailed check,92.74,0.0,Yes
5796-ZNBAV,Female,0,Yes,No,63,No,No phone service,Fiber optic,No,No,Yes,Yes,No,No,Two year,Yes,Electronic check,95.06,5977.38,Yes
6688-BAKYA,Male,1,Yes,No,53,Yes,Yes,Fiber optic,No,Yes,Yes,Yes,Yes,Yes,One year,No,Electronic check,72.52,3855.41,No
9589-CCUFC,Male,0,Yes,No,1,Yes,No,Fiber optic,No,No,No,No,Yes,Yes,Two year,No,Electronic check,101.97,97.94,No
3869-YVGDI,Male,1,No,No,18,Yes,No,Fiber optic,Yes,No,No,No,No,No,Two year,Yes,Electronic check,103.59,1871.16,No
4235-BEKPJ,Male,0,Yes,No,2,Yes,No,Fiber optic,No,Yes,No,No,No,No,Two year,Yes,Electronic check,99.99,206.3,No
6288-RPGVM,Female,0,No,No,51,Yes,No,No,No internet service,No internet service,No internet service,No internet service,No internet service,No internet service,One year,No,Credit card (automatic),22.9,1161.79,No
7258-XBKDC,Female,0,Yes,No,0,No,No phone service,Fiber optic,No,Yes,No,No,Yes,Yes,Month-to-month,No,Electronic check,71.12,1.25,Yes
7853-KZKXR,Female,0,Yes,No,71,Yes,No,No,No internet service,No internet service,No internet service,No internet service,No internet service,No internet service,Two year,Yes,Electronic check,23.22,1648.92,No
6287-VQNCL,Male,0,No,No,4,Yes,No,DSL,No,Yes,No,No,Yes,No,Month-to-month,Yes,Credit card (automatic),64.07,253.63,No
7489-PKZMS,Female,0,No,No,71,Yes,No,DSL,No,No,No,No,No,Yes,Two year,Yes,Bank transfer (automatic),68.29,4838.48,No
7534-LNQTA,Female,0,No,No,70,Yes,No,Fiber optic,No,No,Yes,Yes,Yes,No,Month-to-month,Yes,Electronic check,88.43,6188.54,No
3156-QOGLU,Male,0,No,Yes,61,Yes,Yes,DSL,No,No,No,No,No,No,Month-to-month,No,Electronic check,54.93,3333.71,No
3802-GXHCT,Male,0,No,Yes,65,Yes,No,Fiber optic,No,No,No,No,No,No,Month-to-month,No,Electronic check,99.0,6443.41,Yes
7062-NWSPS,Female,0,Yes,No,57,Yes,Yes,Fiber optic,No,No,No,Yes,No,Yes,One year,Yes,Credit card (automatic),104.93,5980.71,No
5488-MTKFI,Male,0,Yes,No,59,Yes,Yes,Fiber optic,No,No,No,No,No,No,Month-to-month,Yes,Mailed check,96.97,5733.16,Yes
9569-DUGVL,Male,0,No,Yes,0,Yes,Yes,DSL,No,Yes,No,No,Yes,Yes,Two year,No,Bank transfer (automatic),52.44,0.0,Yes
4915-OOVBW,Male,0,No,Yes,6,Yes,No,No,No internet service,No internet service,No internet service,No internet service,No internet service,No internet service,Month-to-month,No,Bank transfer (automatic),27.45,160.7,No
3871-ZAZAV,Male,0,No,No,54,No,No phone service,DSL,No,No,No,No,No,No,Month-to-month,Yes,Mailed check,56.2,3051.55,Yes
7894-ORBHE,Female,0,Yes,No,65,Yes,No,No,No internet service,No internet service,No internet service,No internet service,No internet service,No internet service,Month-to-month,Yes,Electronic check,24.14,1570.05,No
8214-BBMTH,Male,0,Yes,No,50,Yes,Yes,DSL,No,No,No,No,Yes,No,Month-to-month,Yes,Credit card (automatic),48.05,2419.01,No
3275-GDBJP,Male,1,No,Yes,15,Yes,No,Fiber optic,No,No,Yes,No,Yes,Yes,Month-to-month,Yes,Mailed check,75.22,1124.2,Yes
8421-ZAJBZ,Male,0,Yes,No,6,No,No phone service,No,No internet service,No internet service,No internet service,No internet service,No internet service,No internet service,Month-to-month,Yes,Electronic check,29.76,195.72,No
3360-BGZFB,Male,0,Yes,No,71,Yes,No,No,No internet service,No internet service,No internet service,No internet service,No internet service,No internet service,Month-to-month,Yes,Bank transfer (automatic),24.14,1713.67,No
3932-JIIOU,Male,0,Yes,Yes,56,Yes,No,No,No internet service,No internet service,No internet service,No internet service,No internet service,No internet service,Month-to-month,Yes,Credit card (automatic),27.0,1499.85,Yes
4156-RIQJT,Male,0,Yes,No,70,Yes,Yes,No,No internet service,No internet service,No internet service,No internet service,No internet service,No internet service,Month-to-month,Yes,Bank transfer (automatic),29.72,2080.8,No
8919-MFAMQ,Male,0,No,No,71,Yes,No,Fiber optic,Yes,No,No,No,Yes,No,Two year,Yes,Mailed check,72.41,5147.82,No
6832-QIBID,Male,0,No,Yes,69,Yes,No,Fiber optic,Yes,No,No,Yes,Yes,No,Month-to-month,Yes,Credit card (automatic),92.77,6409.3,No
2650-IVYIZ,Female,0,Yes,No,4,Yes,No,Fiber optic,Yes,Yes,Yes,No,No,No,Month-to-month,Yes,Electronic check,75.38,302.1,Yes
9431-FQKCQ,Male,0,Yes,No,57,Yes,No,No,No internet service,No internet service,No internet service,No internet service,No internet service,No internet service,Month-to-month,Yes,Electronic check,20.26,1155.0,Yes
1034-UHFTL,Female,0,No,Yes,2,Yes,No,No,No internet service,No internet service,No internet service,No internet service,No internet service,No internet service,One year,Yes,Electronic check,26.15,41.76,No
2048-GMZBI,Male,0,Yes,Yes,2,Yes,Yes,No,No internet service,No internet service,No internet service,No internet service,No internet service,No internet service,Month-to-month,Yes,Electronic check,28.82,40.72,Yes
7902-REYON,Male,0,No,Yes,57,Yes,Yes,Fiber optic,No,No,No,No,Yes,Yes,One year,No,Mailed check,70.24,3985.97,No
5985-VVTMN,Male,0,No,No,56,Yes,No,Fiber optic,No,No,No,Yes,No,No,Two year,Yes,Bank transfer (automatic),87.03,4868.97,No
6081-ENEEM,Male,1,No,Yes,55,Yes,Yes,No,No internet service,No internet service,No internet service,No internet service,No internet service,No internet service,Month-to-month,No,Electronic check,20.24,1104.36,No
6402-SZJYD,Female,0,No,No,3,Yes,No,DSL,No,No,No,No,No,No,Month-to-month,Yes,Electronic check,63.41,206.03,Yes
2295-SDEXE,Male,0,Yes,No,4,Yes,Yes,DSL,No,No,Yes,No,No,No,Month-to-month,No,Mailed check,63.26,234.6,No
8733-LXHCP,Male,0,No,No,61,Yes,Yes,No,No internet service,No internet service,No internet service,No internet service,No internet service,No internet service,Month-to-month,No,Mailed check,20.06,1236.43,Yes
3039-KIXMY,Female,1,Yes,No,13,Yes,No,Fiber optic,Yes,No,Yes,No,Yes,No,Month-to-month,Yes,Credit card (automatic),105.24,1368.57,No
5294-EMRDW,Female,0,Yes,No,8,No,No phone service,Fiber optic,Yes,No,No,No,No,Yes,Month-to-month,No,Electronic check,94.53,768.0,Yes
1181-NKWEN,Male,0,Yes,No,18,No,No phone service,No,No internet service,No internet service,No internet service,No internet service,No internet service,No internet service,Two year,Yes,Mailed check,25.52,445.44,Yes
6590-TMJHO,Female,0,Yes,No,2,Yes,Yes,No,No internet service,No internet service,No internet service,No internet service,No internet service,No internet service,Month-to-month,No,Electronic check,18.34,52.67,No
6686-XOBFF,Female,0,Yes,No,5,Yes,Yes,DSL,Yes,No,No,No,Yes,Yes,Month-to-month,No,Electronic check,50.68,247.38,Yes
6111-EAVGC,Female,0,Yes,No,53,Yes,No,DSL,No,No,No,No,Yes,No,Two year,Yes,Electronic check,58.14,3100.53,No
8349-YOQHY,Male,0,No,No,70,No,No phone service,No,No internet service,No internet service,No internet service,No internet service,No internet service,No internet service,Month-to-month,Yes,Credit card (automatic),20.16,1421.8,No
1093-XFOPZ,Male,1,No,No,3,Yes,Yes,No,No internet service,No internet service,No internet service,No internet service,No internet service,No internet service,Month-to-month,No,Electronic check,22.7,82.02,Yes
5821-PTOMS,Male,0,Yes,No,59,Yes,No,DSL,No,No,Yes,No,Yes,Yes,One year,Yes,Credit card (automatic),69.51,4082.44,No
9644-ZOEYG,Female,0,No,No,20,Yes,No,No,No internet service,No internet service,No internet service,No internet service,No internet service,No internet service,Month-to-month,Yes,Bank transfer (automatic),19.17,363.73,No
2404-UJZHE,Male,0,Yes,No,1,No,No phone service,Fiber optic,Yes,Yes,No,No,Yes,No,Two year,No,Electronic check,105.45,92.93,No
2389-EWDME,Female,0,No,No,59,Yes,Yes,Fiber optic,No,No,No,No,No,Yes,Month-to-month,Yes,Electronic check,78.11,4616.49,No
2187-GVMSJ,Male,1,Yes,Yes,3,Yes,Yes,No,No internet service,No internet service,No internet service,No internet service,No internet service,No internet service,Month-to-month,Yes,Electronic check,23.79,75.8,Yes
2740-OQCSA,Male,0,No,No,22,Yes,Yes,Fiber optic,No,No,Yes,Yes,No,Yes,One year,Yes,Electronic check,74.64,1653.79,No
3661-TWAFI,Female,0,Yes,Yes,67,Yes,No,DSL,No,No,No,No,No,No,Month-to-month,Yes,Bank transfer (automatic),52.32,3517.42,No
6537-ZTZCN,Male,0,No,Yes,22,Yes,Yes,DSL,Yes,No,Yes,No,Yes,Yes,Month-to-month,No,Electronic check,68.7,1524.45,No
8533-OPVCR,Female,0,Yes,No,53,No,No phone service,DSL,Yes,No,No,No,No,No,Month-to-month,No,Electronic check,69.3,3692.67,No
2472-JHMFM,Female,0,Yes,No,20,Yes,Yes,No,No internet service,No internet service,No internet service,No internet service,No internet service,No internet service,Two year,Yes,Bank transfer (automatic),22.94,464.56,No
8786-ROBQR,Male,1,Yes,No,6,Yes,No,DSL,No,Yes,No,No,Yes,No,One year,Yes,Bank transfer (automatic),68.01,408.28,No
6098-PXYNP,Female,1,Yes,No,70,Yes,No,Fiber optic,No,No,Yes,No,Yes,No,Month-to-month,No,Credit card (automatic),81.06,5669.27,No
9457-MMLTL,Male,0,No,Yes,18,Yes,No,Fiber optic,No,Yes,No,No,No,Yes,One year,Yes,Electronic check,97.39,1771.69,No
7536-ELTFK,Male,0,No,No,70,Yes,Yes,DSL,No,No,No,No,Yes,No,One year,Yes,Mailed check,68.31,4787.71,No
6784-BLJKS,Female,0,Yes,No,65,Yes,No,Fiber optic,Yes,No,Yes,Yes,Yes,No,Two year,Yes,Electronic check,83.97,5466.43,No
3150-YBVUC,Male,1,No,Yes,67,Yes,No,DSL,No,Yes,No,Yes,No,Yes,Month-to-month,Yes,Electronic check,58.9,3955.62,No
6667-OGOJR,Female,0,Yes,No,57,No,No phone service,DSL,No,No,Yes,No,Yes,No,Two year,No,Credit card (automatic),66.35,3773.27,No
8587-BPNUY,Male,0,No,No,68,Yes,No,No,No internet service,No internet service,No internet service,No internet service,No internet service,No internet service,Month-to-month,No,Electronic check,29.59,2020.98,No
8092-CLXWH,Male,0,Yes,No,64,Yes,Yes,Fiber optic,No,No,Yes,No,No,Yes,Two year,Yes,Mailed check,87.33,5578.35,No
9440-VCNKQ,Male,0,No,No,53,Yes,No,Fiber optic,No,No,No,No,No,Yes,Month-to-month,No,Credit card (automatic),110.64,5864.78,No
1455-BDROP,Male,1,Yes,No,2,Yes,No,No,No internet service,No internet service,No internet service,No internet service,No internet service,No internet service,Month-to-month,Yes,Electronic check,18.98,23.41,Yes
7854-QADUY,Male,0,No,No,0,Yes,Yes,Fiber optic,No,Yes,Yes,No,No,No,Two year,Yes,Electronic check,97.61,1.09,No
7602-OGIWS,Female,0,Yes,No,51,Yes,Yes,Fiber optic,Yes,No,Yes,No,No,No,Two year,Yes,Electronic check,81.88,4191.76,No
2552-SKNPV,Female,0,No,No,63,No,No phone service,Fiber optic,No,No,Yes,No,Yes,Yes,Month-to-month,Yes,Credit card (automatic),104.91,6604.14,No
3141-KBGJE,Female,0,No,No,2,Yes,Yes,Fiber optic,No,Yes,No,No,No,Yes,One year,Yes,Credit card (automatic),114.48,226.88,No
4057-AUEHV,Female,0,Yes,No,50,Yes,No,Fiber optic,No,No,No,Yes,No,Yes,Month-to-month,Yes,Electronic check,113.82,5695.64,No
6914-TFTGV,Female,0,No,Yes,0,No,No phone service,Fiber optic,No,Yes,No,Yes,No,No,Month-to-month,No,Bank transfer (automatic),75.33,19.96,No
8357-DNKXR,Female,0,No,No,68,Yes,Yes,No,No internet service,No internet service,No internet service,No internet service,No internet service,No internet service,Month-to-month,No,Credit card (automatic),18.37,1266.05,No
8832-JXQUB,Male,0,No,No,64,No,No phone service,DSL,Yes,No,No,No,No,No,Month-to-month,Yes,Electronic check,61.26,3917.04,No
5186-RZVSS,Male,0,No,No,68,Yes,Yes,DSL,No,No,No,No,Yes,Yes,One year,Yes,Bank transfer (automatic),46.56,3185.42,No
3602-OTDCM,Female,0,No,No,2,Yes,Yes,DSL,Yes,No,No,No,Yes,No,Month-to-month,Yes,Electronic check,61.14,132.13,Yes
6870-HJFCO,Female,0,No,No,1,Yes,No,Fiber optic,Yes,No,Yes,Yes,Yes,No,Month-to-month,Yes,Bank transfer (automatic),85.64,69.9,No
4925-XELVC,Male,0,No,No,57,Yes,No,No,No internet service,No internet service,No internet service,No internet service,No internet service,No internet service,Two year,Yes,Electronic check,22.87,1322.97,No
5369-PDCRF,Male,0,Yes,No,7,Yes,Yes,No,No internet service,No internet service,No internet service,No internet service,No internet service,No internet service,Month-to-month,Yes,Bank transfer (automatic),29.68,215.85,No
7834-SJMGP,Male,0,No,No,56,Yes,Yes,DSL,No,No,Yes,No,Yes,No,One year,Yes,Bank transfer (automatic),46.45,2606.8,No
8555-HONJV,Female,0,No,No,58,Yes,No,No,No internet service,No internet service,No internet service,No internet service,No internet service,No internet service,Two year,Yes,Bank transfer (automatic),26.56,1559.16,No
6426-MBKRS,Female,0,No,No,8,No,No phone service,No,No internet service,No internet service,No internet service,No internet service,No internet service,No internet service,Month-to-month,No,Credit card (automatic),20.84,167.07,No
4776-WJEPS,Female,1,Yes,No,70,Yes,No,Fiber optic,Yes,No,No,Yes,No,Yes,Month-to-month,Yes,Electronic check,99.66,6963.74,No
7143-JNNPX,Male,0,Yes,No,2,Yes,Yes,Fiber optic,No,No,No,No,Yes,No,One year,Yes,Electronic check,73.97,139.3,No
9416-FCOGW,Male,0,No,No,9,Yes,No,No,No internet service,No internet service,No internet service,No internet service,No internet service,No internet service,Month-to-month,Yes,Electronic check,24.18,220.94,No
7492-FJRUC,Female,0,No,Yes,64,Yes,Yes,No,No internet service,No internet service,No internet service,No internet service,No internet service,No internet service,Month-to-month,Yes,Mailed check,28.52,1814.23,No
5994-PKNRG,Female,0,Yes,Yes,70,Yes,No,No,No internet service,No internet service,No internet service,No internet service,No internet service,No internet service,One year,Yes,Mailed check,23.02,1602.53,No
5772-YRVGC,Male,1,Yes,No,2,Yes,No,DSL,No,Yes,No,No,No,No,Two year,No,Electronic check,41.3,99.3,No
7094-SJUHN,Male,0,Yes,No,55,No,No phone service,Fiber optic,No,Yes,No,No,Yes,No,Month-to-month,Yes,Credit card (automatic),114.51,6294.32,Yes
4717-BBFKU,Male,1,No,No,15,Yes,No,No,No internet service,No internet service,No internet service,No internet service,No internet service,No internet service,Two year,Yes,Bank transfer (automatic),27.82,428.86,No
8423-WRTIW,Male,0,Yes,No,0,Yes,Yes,DSL,No,No,Yes,No,Yes,No,Month-to-month,No,Electronic check,44.07,0.0,No
4126-IMXUA,Female,1,No,No,16,Yes,No,DSL,No,Yes,No,Yes,Yes,Yes,Month-to-month,No,Mailed check,53.25,856.44,Yes
2235-ZULAS,Male,1,No,No,58,Yes,No,No,No internet service,No internet service,No internet service,No internet service,No internet service,No internet service,Month-to-month,No,Credit card (automatic),19.51,1150.54,No
2564-EBJSI,Male,1,No,Yes,55,Yes,No,Fiber optic,No,No,No,No,No,No,Month-to-month,Yes,Electronic check,82.31,4507.72,Yes
8444-ACXZV,Male,0,Yes,No,56,Yes,No,Fiber optic,No,Yes,No,No,Yes,Yes,Two year,Yes,Mailed check,111.87,6247.59,Yes
5872-VLIGX,Female,0,No,No,65,Yes,Yes,Fiber optic,No,No,No,No,Yes,Yes,Month-to-month,No,Bank transfer (automatic),93.89,6093.92,No
4737-MRXKB,Female,0,No,No,2,Yes,Yes,DSL,No,No,No,No,No,No,Month-to-month,Yes,Electronic check,53.52,107.24,Yes
2472-RGBMI,Male,0,Yes,No,8,Yes,No,No,No internet service,No internet service,No internet service,No internet service,No internet service,No internet service,Month-to-month,Yes,Credit card (automatic),29.61,255.39,Yes
5471-LCFBB,Male,1,No,Yes,55,Yes,Yes,No,No internet service,No internet service,No internet service,No internet service,No internet service,No internet service,Month-to-month,Yes,Electronic check,24.92,1365.78,No
9049-FBBMN,Male,0,No,No,63,Yes,No,DSL,No,No,No,No,Yes,Yes,Two year,Yes,Mailed check,57.95,3647.81,No
1030-MAELM,Female,1,No,Yes,8,Yes,No,DSL,No,No,No,No,No,No,Two year,Yes,Credit card (automatic),52.75,428.02,Yes
5614-AQQRJ,Female,0,No,No,8,Yes,No,Fiber optic,Yes,No,No,Yes,No,No,Two year,No,Mailed check,97.86,802.14,No
8429-PPQNS,Female,0,Yes,No,20,Yes,Yes,Fiber optic,No,Yes,Yes,Yes,No,No,One year,No,Credit card (automatic),74.01,1470.83,No
5100-PWCZW,Male,0,Yes,No,56,Yes,No,DSL,No,No,No,No,Yes,Yes,Month-to-month,Yes,Credit card (automatic),57.39,3219.07,Yes
7217-XEVAL,Female,0,Yes,No,14,Yes,Yes,No,No internet service,No internet service,No internet service,No internet service,No internet service,No internet service,Month-to-month,No,Mailed check,26.31,379.24,No
2778-RKYCC,Male,0,No,No,7,Yes,No,No,No internet service,No internet service,No internet service,No internet service,No internet service,No internet service,One year,Yes,Credit card (automatic),22.66,146.68,No
4545-SVFBQ,Male,0,No,Yes,0,No,No phone service,No,No internet service,No internet service,No internet service,No internet service,No internet service,No internet service,Month-to-month,Yes,Electronic check,25.56,0.0,No
2174-MPLTW,Male,1,Yes,No,6,Yes,No,No,No internet service,No internet service,No internet service,No internet service,No internet service,No internet service,Two year,Yes,Mailed check,24.27,150.1,No
3356-FGTIX,Female,0,Yes,No,67,Yes,Yes,Fiber optic,No,Yes,No,No,No,No,Two year,No,Credit card (automatic),88.51,5941.31,No
3468-DJWPT,Male,0,No,Yes,53,Yes,No,Fiber optic,Yes,No,No,No,No,Yes,Two year,Yes,Mailed check,109.78,5813.07,No
2388-DLIAM,Female,0,No,No,2,Yes,Yes,No,No internet service,No internet service,No internet service,No internet service,No internet service,No internet service,Month-to-month,Yes,Bank transfer (automatic),22.28,58.81,Yes
4165-QGRYU,Female,0,Yes,No,6,Yes,Yes,Fiber optic,No,Yes,No,No,No,Yes,Month-to-month,Yes,Electronic check,96.25,575.46,Yes
7037-TJIXM,Male,0,No,No,52,Yes,Yes,Fiber optic,No,Yes,No,No,No,No,Two year,Yes,Bank transfer (automatic),95.59,4969.97,No
5167-SRLVN,Male,0,No,No,20,Yes,Yes,No,No internet service,No internet service,No internet service,No internet service,No internet service,No internet service,One year,No,Credit card (automatic),23.8,470.11,No
3193-WJVIY,Female,0,Yes,No,50,Yes,Yes,DSL,No,No,No,No,Yes,No,One year,No,Bank transfer (automatic),46.92,2335.23,No
9690-XLHPO,Male,0,Yes,Yes,3,No,No phone service,No,No internet service,No internet service,No internet service,No internet service,No internet service,No internet service,Month-to-month,No,Credit card (automatic),25.59,66.57,Yes
5398-EKXWD,Female,0,Yes,Yes,1,Yes,Yes,DSL,No,Yes,No,Yes,No,Yes,Two year,Yes,Bank transfer (automatic),54.71,62.81,No
5865-RUDJH,Male,1,Yes,No,58,Yes,No,Fiber optic,Yes,No,Yes,No,No,No,One year,Yes,Electronic check,102.25,5927.42,No
6265-KGGPW,Female,0,No,No,22,Yes,No,DSL,No,No,Yes,No,Yes,Yes,Month-to-month,Yes,Electronic check,54.27,1185.14,No
8398-JHTPM,Female,0,Yes,Yes,8,Yes,No,No,No internet service,No internet service,No internet service,No internet service,No internet service,No internet service,Two year,No,Bank transfer (automatic),21.86,175.16,No
5382-GSIDS,Female,0,Yes,Yes,55,No,No phone service,No,No internet service,No internet service,No internet service,No internet service,No internet service,No internet service,Month-to-month,Yes,Electronic check,24.82,1346.45,Yes
3054-OJJIU,Female,0,No,No,0,Yes,Yes,Fiber optic,Yes,No,No,Yes,No,Yes,One year,Yes,Mailed check,72.83,0.48,No
2279-VBKBI,Male,0,Yes,No,66,Yes,No,No,No internet service,No internet service,No internet service,No internet service,No internet service,No internet service,Month-to-month,Yes,Mailed check,26.6,1759.39,No
5498-GUFVJ,Male,0,No,No,4,Yes,Yes,DSL,No,No,No,No,No,Yes,One year,No,Bank transfer (automatic),46.8,204.73,Yes
6611-DSUJN,Female,0,Yes,Yes,50,Yes,No,DSL,Yes,No,No,No,No,No,Month-to-month,No,Electronic check,65.65,3290.09,Yes
9455-MNUYL,Female,0,No,No,22,Yes,No,DSL,No,No,No,No,No,No,Month-to-month,No,Credit card (automatic),48.19,1058.44,Yes
3812-NPINP,Male,0,No,No,63,Yes,No,DSL,No,No,No,No,Yes,Yes,One year,Yes,Credit card (automatic),57.81,3644.21,No
8977-EJJQV,Male,0,Yes,No,54,Yes,No,Fiber optic,Yes,No,No,Yes,No,No,Month-to-month,Yes,Bank transfer (automatic),86.21,4674.61,No
4824-RMCDL,Male,0,No,No,68,Yes,No,No,No internet service,No internet service,No internet service,No internet service,No internet service,No internet service,Two year,Yes,Bank transfer (automatic),25.69,1733.19,No
6835-TLHME,Male,0,Yes,Yes,68,Yes,No,DSL,No,Yes,No,No,No,No,Month-to-month,Yes,Electronic check,45.18,3078.69,No
2428-XIHEL,Male,0,No,No,59,Yes,No,DSL,No,No,Yes,No,No,Yes,Two year,Yes,Electronic check,60.61,3585.36,No
6939-LPUNL,Male,0,No,No,1,Yes,Yes,DSL,No,Yes,No,Yes,No,Yes,Month-to-month,No,Electronic check,59.1,54.75,Yes
3970-RBJFW,Female,0,Yes,No,56,Yes,No,DSL,Yes,Yes,Yes,No,No,No,One year,Yes,Mailed check,61.73,3447.64,No
6430-WNTWV,Male,0,No,Yes,1,Yes,Yes,DSL,No,No,No,Yes,No,Yes,Month-to-month,Yes,Credit card (automatic),40.58,32.46,No
5163-NKUKI,Male,0,Yes,No,29,Yes,Yes,DSL,No,No,No,Yes,Yes,Yes,Month-to-month,Yes,Electronic check,60.48,1748.71,No
8048-WKAYU,Female,1,No,No,67,Yes,No,Fiber optic,No,No,No,No,No,Yes,Two year,No,Electronic check,112.86,7550.51,No
6243-WWKQD,Male,0,Yes,Yes,52,Yes,No,No,No internet service,No internet service,No internet service,No internet service,No internet service,No internet service,Month-to-month,Yes,Electronic check,26.35,1365.8,No
5943-QZCVF,Male,0,No,No,8,Yes,Yes,DSL,No,No,No,No,No,Yes,Two year,Yes,Electronic check,54.71,448.01,No
8475-CRAAJ,Male,0,Yes,No,0,Yes,Yes,No,No internet service,No internet service,No internet service,No internet service,No internet service,No internet service,Month-to-month,Yes,Bank transfer (automatic),28.96,3.89,No
6853-AEMOL,Male,0,No,No,0,Yes,No,Fiber optic,Yes,No,No,Yes,Yes,No,Two year,Yes,Mailed check,102.81,9.94,No
2688-KHDCL,Male,0,No,Yes,0,Yes,Yes,Fiber optic,Yes,No,No,Yes,No,No,Month-to-month,No,Mailed check,95.13,18.07,No
6460-EBKHJ,Female,0,No,No,3,Yes,Yes,No,No internet service,No internet service,No internet service,No internet service,No internet service,No internet service,One year,No,Bank transfer (automatic),20.46,51.24,No
1958-DEKAW,Male,0,Yes,Yes,6,Yes,No,DSL,Yes,Yes,No,No,No,Yes,Month-to-month,Yes,Bank transfer (automatic),62.18,366.33,Yes
2620-ZZLMP,Female,1,No,Yes,5,Yes,No,No,No internet service,No internet service,No internet service,No internet service,No internet service,No internet service,Month-to-month,Yes,Mailed check,23.58,110.73,No
7291-GYMUL,Female,0,Yes,No,69,Yes,No,DSL,No,Yes,No,No,Yes,Yes,Month-to-month,Yes,Electronic check,66.87,4621.04,No
4155-PMCFH,Male,0,Yes,No,4,No,No phone service,Fiber optic,Yes,No,Yes,Yes,No,No,Month-to-month,No,Credit card (automatic),111.62,442.76,Yes
5150-SGMLX,Female,0,Yes,Yes,33,Yes,No,DSL,Yes,No,No,No,Yes,No,One year,Yes,Electronic check,67.55,2220.36,Yes
6367-WEKLV,Male,0,Yes,No,59,Yes,No,Fiber optic,No,No,Yes,No,No,No,One year,Yes,Credit card (automatic),102.83,6072.18,No
4644-JPXTJ,Female,0,No,Yes,15,Yes,No,Fiber optic,Yes,Yes,Yes,No,Yes,No,Two year,Yes,Bank transfer (automatic),76.93,1170.33,No
8011-WYAYG,Female,0,Yes,No,1,Yes,No,No,No internet service,No internet service,No internet service,No internet service,No internet service,No internet service,Month-to-month,Yes,Credit card (automatic),26.13,18.31,Yes
8054-CKEOD,Male,0,No,Yes,18,Yes,No,Fiber optic,No,No,No,No,Yes,No,Month-to-month,Yes,Credit card (automatic),104.9,1896.45,Yes
9734-PEIPZ,Male,0,Yes,No,4,Yes,No,Fiber optic,Yes,Yes,Yes,No,Yes,No,Month-to-month,No,Electronic check,85.18,337.24,Yes
5116-IBIPL,Male,0,Yes,No,59,Yes,No,No,No internet service,No internet service,No internet service,No internet service,No internet service,No internet service,Two year,No,Mailed check,29.43,1751.96,No
1306-MPNBD,Male,0,No,No,0,No,No phone service,Fiber optic,No,No,No,No,No,Yes,Month-to-month,Yes,Electronic check,92.11,3.13,No
2098-RUUNH,Male,1,Yes,No,3,Yes,Yes,Fiber optic,No,Yes,No,No,Yes,No,One year,No,Electronic check,105.91,313.49,No
9650-RFTDA,Female,0,Yes,No,59,No,No phone service,No,No internet service,No internet service,No internet service,No internet service,No internet service,No internet service,Month-to-month,Yes,Electronic check,22.09,1315.24,No
4962-BAEVK,Female,0,Yes,No,4,Yes,Yes,No,No internet service,No internet service,No internet service,No internet service,No internet service,No internet service,Month-to-month,No,Bank transfer (automatic),29.35,118.14,No
6722-IWSYZ,Female,0,No,Yes,59,No,No phone service,No,No internet service,No internet service,No internet service,No internet service,No internet service,No internet service,One year,No,Bank transfer (automatic),23.35,1384.44,No
4853-YGQFB,Female,0,No,Yes,58,Yes,Yes,Fiber optic,No,Yes,No,No,No,Yes,Month-to-month,Yes,Mailed check,86.59,5030.13,No
2229-DVEDI,Female,0,Yes,No,3,Yes,Yes,Fiber optic,No,No,No,No,Yes,Yes,Month-to-month,No,Electronic check,81.83,262.91,No
8999-HLIDA,Female,0,Yes,Yes,7,Yes,No,DSL,No,No,No,No,No,No,One year,Yes,Electronic check,41.32,271.99,No
4098-OYSIP,Female,0,No,No,69,Yes,Yes,No,No internet service,No internet service,No internet service,No internet service,No internet service,No internet service,Month-to-month,Yes,Electronic check,27.1,1868.74,No
1227-PMAML,Male,0,No,No,5,Yes,No,No,No internet service,No internet service,No internet service,No internet service,No internet service,No internet service,Month-to-month,Yes,Electronic check,27.75,141.39,Yes
1887-BQSWX,Male,0,Yes,No,51,Yes,No,DSL,No,Yes,Yes,No,No,No,One year,No,Mailed check,57.91,2969.95,No
4638-NSUGP,Female,0,No,No,0,Yes,Yes,DSL,No,Yes,Yes,No,No,No,Month-to-month,No,Bank transfer (automatic),45.42,0.0,No
1281-GVYAT,Female,0,Yes,Yes,63,Yes,Yes,DSL,No,Yes,No,No,No,No,Month-to-month,Yes,Credit card (automatic),56.1,3523.79,No
8154-RJWUR,Male,0,Yes,Yes,54,Yes,Yes,Fiber optic,No,No,No,No,No,No,One year,Yes,Electronic check,100.08,5421.76,Yes
6368-QKFXU,Male,1,Yes,Yes,6,Yes,Yes,DSL,Yes,No,Yes,Yes,No,No,One year,Yes,Electronic check,65.72,393.6,No
8482-FUHES,Male,0,No,Yes,59,Yes,No,Fiber optic,No,Yes,No,No,Yes,No,Month-to-month,Yes,Bank transfer (automatic),106.66,6299.41,Yes
4532-FIDVJ,Male,1,Yes,No,71,No,No phone service,Fiber optic,Yes,Yes,Yes,No,Yes,No,One year,Yes,Mailed check,74.91,5320.78,No
6681-HNOJV,Female,0,No,No,6,Yes,No,No,No internet service,No internet service,No internet service,No internet service,No internet service,No internet service,Month-to-month,Yes,Mailed check,25.57,169.4,No
8123-RBDSX,Male,0,Yes,No,68,Yes,No,Fiber optic,No,No,No,Yes,Yes,No,Month-to-month,No,Bank transfer (automatic),110.05,7467.05,No
9782-NNEZM,Female,0,Yes,No,67,Yes,Yes,Fiber optic,Yes,No,No,Yes,No,No,One year,No,Mailed check,111.23,7434.46,No
8581-ROCAN,Female,0,No,Yes,3,Yes,No,Fiber optic,No,No,Yes,Yes,No,No,One year,Yes,Bank transfer (automatic),87.97,262.23,No
5440-OTVVP,Female,0,Yes,Yes,6,Yes,No,DSL,No,No,Yes,Yes,No,Yes,Two year,Yes,Electronic check,46.41,294.44,No
7628-EHMSO,Male,0,Yes,No,13,Yes,No,Fiber optic,Yes,No,No,No,Yes,No,One year,Yes,Electronic check,95.65,1247.5,No
1734-MCNTP,Male,0,Yes,Yes,50,Yes,Yes,Fiber optic,Yes,Yes,Yes,Yes,No,No,Month-to-month,Yes,Credit card (automatic),114.84,5750.02,No
5249-JAGCE,Female,1,Yes,No,66,Yes,Yes,No,No internet service,No internet service,No internet service,No internet service,No internet service,No internet service,Month-to-month,No,Bank transfer (automatic),23.06,1537.52,No
2282-FVSBK,Female,0,Yes,No,51,Yes,Yes,DSL,No,No,No,Yes,No,No,Two year,No,Electronic check,67.68,3437.49,No
5230-VMIKS,Female,0,Yes,No,58,Yes,Yes,No,No internet service,No internet service,No internet service,No internet service,No internet service,No internet service,Two year,No,Credit card (automatic),19.65,1144.7,No
8057-BIPUU,Male,0,Yes,No,0,Yes,No,DSL,No,No,No,No,No,No,Month-to-month,Yes,Electronic check,41.17,0.0,Yes
2841-KTNIX,Female,0,Yes,Yes,15,Yes,Yes,No,No internet service,No internet service,No internet service,No internet service,No internet service,No internet service,Month-to-month,Yes,Mailed check,22.4,347.45,No
8478-ZGXGY,Male,0,No,No,36,Yes,No,Fiber optic,Yes,No,Yes,No,No,Yes,One year,Yes,Credit card (automatic),108.13,3903.38,No
2758-JIXPX,Female,0,Yes,No,3,Yes,No,DSL,Yes,Yes,No,Yes,No,Yes,One year,No,Credit card (automatic),55.88,150.8,No
6272-KJTFY,Female,0,Yes,Yes,59,Yes,Yes,Fiber optic,No,Yes,No,Yes,No,No,Month-to-month,Yes,Mailed check,108.78,6435.77,No
2628-FZACV,Female,0,No,No,58,Yes,Yes,No,No internet service,No internet service,No internet service,No internet service,No internet service,No internet service,One year,No,Bank transfer (automatic),23.88,1380.89,No
1806-BIVEF,Male,0,No,Yes,66,Yes,No,DSL,Yes,No,Yes,Yes,Yes,No,Month-to-month,No,Mailed check,56.38,3705.91,Yes
2938-HOWTA,Male,1,Yes,No,2,Yes,No,DSL,No,No,No,No,No,Yes,Month-to-month,Yes,Mailed check,41.41,72.3,No
4817-YRCZV,Female,0,Yes,No,0,No,No phone service,No,No internet service,No internet service,No internet service,No internet service,No internet service,No internet service,Month-to-month,No,Bank transfer (automatic),24.83,16.24,Yes
5962-UHIEN,Male,0,No,Yes,54,Yes,No,Fiber optic,No,No,No,No,Yes,No,Month-to-month,No,Mailed check,101.89,5501.62,Yes
8641-RPRRK,Female,0,Yes,Yes,62,Yes,Yes,No,No internet service,No internet service,No internet service,No internet service,No internet service,No internet service,Two year,Yes,Bank transfer (automatic),26.67,1660.54,No
7787-IJJNB,Male,1,No,Yes,3,Yes,Yes,DSL,No,No,No,Yes,No,No,Month-to-month,Yes,Mailed check,59.45,176.36,Yes
2146-NVWDN,Male,0,No,Yes,3,Yes,Yes,No,No internet service,No internet service,No internet service,No internet service,No internet service,No internet service,Month-to-month,Yes,Electronic check,22.46,51.36,No
1129-EOHFZ,Male,1,No,Yes,51,Yes,No,Fiber optic,No,No,No,Yes,No,Yes,Two year,No,Electronic check,99.45,5077.93,No
1569-QGYEQ,Female,1,Yes,Yes,0,Yes,No,No,No internet service,No internet service,No internet service,No internet service,No internet service,No internet service,Month-to-month,No,Credit card (automatic),21.55,19.95,Yes
8493-WLTLD,Male,1,No,Yes,65,Yes,Yes,DSL,No,Yes,No,No,No,Yes,Two year,No,Bank transfer (automatic),57.41,3732.35,No
2190-QKUWP,Male,0,No,No,3,Yes,Yes,No,No internet service,No internet service,No internet service,No internet service,No internet service,No internet service,Two year,Yes,Credit card (automatic),18.75,45.11,No
2916-OCTYX,Female,0,No,No,62,Yes,No,Fiber optic,No,No,Yes,No,Yes,No,Month-to-month,No,Credit card (automatic),110.34,6832.0,Yes
4846-ZMABQ,Female,0,Yes,No,0,Yes,No,Fiber optic,No,No,No,No,Yes,No,Month-to-month,No,Electronic check,108.25,0.0,Yes
1901-BQJKG,Female,0,No,Yes,19,Yes,No,DSL,No,Yes,No,No,Yes,No,Two year,Yes,Electronic check,60.86,1174.12,No
4070-RPZVT,Female,0,No,Yes,71,Yes,Yes,Fiber optic,No,No,No,No,No,No,One year,No,Mailed check,82.55,5879.15,No
8172-OQRFJ,Male,0,No,No,62,Yes,No,Fiber optic,No,No,No,No,No,No,Month-to-month,Yes,Electronic check,92.4,5720.23,Yes
4987-ASVET,Male,0,No,No,69,Yes,No,Fiber optic,No,Yes,No,No,Yes,Yes,Two year,No,Electronic check,112.37,7733.81,No
4956-RENCH,Male,0,Yes,No,2,Yes,No,Fiber optic,No,Yes,No,No,No,No,Month-to-month,Yes,Credit card (automatic),109.22,211.09,No
5028-TCUHQ,Male,0,No,Yes,9,Yes,Yes,Fiber optic,No,Yes,No,No,No,No,Month-to-month,No,Credit card (automatic),101.37,915.06,Yes
6162-DFUTG,Male,0,Yes,No,71,Yes,Yes,DSL,No,No,No,No,No,No,One year,Yes,Electronic check,52.08,3710.44,No
7721-OSBCW,Female,0,No,No,63,Yes,Yes,No,No internet service,No internet service,No internet service,No internet service,No internet service,No internet service,One year,Yes,Mailed check,20.78,1305.85,No
7791-ELZYL,Male,0,Yes,No,6,Yes,No,No,No internet service,No internet service,No internet service,No internet service,No internet service,No internet service,Month-to-month,No,Credit card (automatic),19.73,117.74,No
7908-KVYGQ,Male,0,Yes,No,2,Yes,No,DSL,No,Yes,No,No,No,Yes,Month-to-month,Yes,Bank transfer (automatic),48.61,82.28,No
5488-UCGQB,Male,1,No,No,57,No,No phone service,Fiber optic,No,No,No,No,Yes,No,One year,No,Mailed check,78.5,4477.41,No
7500-FYFKY,Female,0,Yes,No,2,Yes,Yes,DSL,No,No,No,Yes,No,No,One year,No,Mailed check,69.27,143.15,No
4945-UVBVS,Female,0,No,No,17,Yes,Yes,No,No internet service,No internet service,No internet service,No internet service,No internet service,No internet service,Two year,Yes,Electronic check,22.46,367.35,No
6937-WOANF,Male,0,No,Yes,7,Yes,Yes,DSL,No,No,Yes,Yes,No,No,Month-to-month,No,Electronic check,47.22,323.23,Yes
6709-NKJPG,Female,0,Yes,Yes,11,Yes,No,No,No internet service,No internet service,No internet service,No internet service,No internet service,No internet service,One year,Yes,Credit card (automatic),24.23,257.93,No
9972-GUYTC,Female,0,Yes,No,70,Yes,No,Fiber optic,No,No,No,No,No,No,Month-to-month,Yes,Electronic check,80.0,5615.36,No
4283-JPGEI,Female,0,No,Yes,3,Yes,No,DSL,No,Yes,Yes,No,Yes,No,Two year,Yes,Electronic check,42.35,129.93,No
1744-KWNDG,Female,0,Yes,No,62,Yes,No,No,No internet service,No internet service,No internet service,No internet service,No internet service,No internet service,Month-to-month,Yes,Electronic check,24.92,1553.35,Yes
5360-MTZIX,Female,0,No,No,39,Yes,Yes,Fiber optic,No,No,No,No,Yes,Yes,One year,No,Mailed check,100.39,3911.66,No
1675-AMLON,Female,0,No,No,2,No,No phone service,Fiber optic,No,No,No,Yes,Yes,No,Two year,Yes,Bank transfer (automatic),88.56,172.79,No
9015-LNWYM,Female,0,No,No,52,Yes,Yes,DSL,No,Yes,No,Yes,No,No,Two year,No,Mailed check,65.95,3421.87,No
9100-BLHFJ,Male,0,No,No,69,Yes,No,DSL,Yes,No,Yes,No,No,No,One year,No,Electronic check,51.17,3520.73,No
5937-CAUYL,Male,0,No,No,71,Yes,No,No,No internet service,No internet service,No internet service,No internet service,No internet service,No internet service,One year,Yes,Mailed check,21.63,1554.29,No
3581-ONBBB,Female,0,No,No,54,Yes,Yes,Fiber optic,No,No,No,Yes,No,No,Two year,No,Mailed check,83.47,4504.77,No
5138-UWJCY,Male,0,No,No,3,No,No phone service,DSL,Yes,No,No,No,Yes,No,Two year,No,Electronic check,58.84,170.26,Yes
6501-JAXOX,Male,0,No,No,6,Yes,Yes,DSL,No,No,Yes,No,Yes,No,One year,Yes,Bank transfer (automatic),51.08,300.85,Yes
8313-FUDSG,Female,1,Yes,No,6,Yes,Yes,Fiber optic,Yes,No,No,Yes,No,No,One year,Yes,Credit card (automatic),89.88,533.8,No
1759-EOWRV,Male,0,Yes,No,59,Yes,No,DSL,No,No,No,No,No,Yes,Month-to-month,No,Bank transfer (automatic),52.23,3068.7,No
8018-GVWJK,Female,0,No,No,57,Yes,No,DSL,No,No,No,No,No,Yes,Month-to-month,No,Electronic check,51.53,2925.38,Yes
6597-WGCDD,Female,1,No,No,1,Yes,No,DSL,No,No,No,Yes,No,No,Month-to-month,No,Bank transfer (automatic),44.93,51.56,Yes
5147-LGIAM,Female,0,Yes,No,0,No,No phone service,Fiber optic,No,Yes,No,Yes,No,Yes,Month-to-month,No,Electronic check,85.22,0.0,Yes
8010-YQBWY,Male,0,Yes,No,55,No,No phone service,DSL,No,Yes,No,No,No,No,One year,Yes,Mailed check,44.07,2433.07,No
8202-TZEDR,Male,1,No,Yes,8,Yes,Yes,Fiber optic,No,No,No,Yes,No,Yes,Month-to-month,Yes,Credit card (automatic),87.16,684.18,No
1896-JUCKW,Male,0,Yes,No,66,Yes,Yes,DSL,No,No,Yes,No,No,No,Month-to-month,Yes,Credit card (automatic),41.78,2768.97,No
4554-XZXAM,Male,0,Yes,No,9,No,No phone service,Fiber optic,No,Yes,No,Yes,No,No,Month-to-month,Yes,Credit card (automatic),114.21,1021.63,Yes
7876-HULMJ,Female,0,Yes,No,6,Yes,No,Fiber optic,Yes,No,Yes,No,Yes,No,Month-to-month,No,Mailed check,93.38,545.72,No
1777-EUPNE,Female,0,No,No,0,Yes,No,No,No internet service,No internet service,No internet service,No internet service,No internet service,No internet service,Month-to-month,Yes,Bank transfer (automatic),23.98,10.43,No
9876-FHCMK,Male,0,No,No,10,Yes,Yes,Fiber optic,Yes,No,No,No,No,Yes,Two year,Yes,Electronic check,106.93,1067.57,No
1140-CPJLD,Female,1,Yes,No,4,Yes,Yes,Fiber optic,No,Yes,Yes,Yes,No,No,One year,No,Credit card (automatic),93.04,359.15,Yes
5113-GEHJR,Female,0,Yes,No,2,Yes,No,Fiber optic,No,Yes,No,Yes,No,No,Month-to-month,No,Mailed check,90.19,184.78,Yes
5044-TJRFN,Male,0,No,Yes,2,Yes,No,Fiber optic,No,Yes,No,No,No,No,Month-to-month,Yes,Mailed check,96.41,196.96,Yes
1616-DJGXC,Female,1,No,No,12,Yes,No,DSL,No,Yes,No,No,No,No,One year,No,Mailed check,49.1,594.21,No
4765-JRWYY,Male,1,No,Yes,52,Yes,No,DSL,No,Yes,No,Yes,No,No,One year,Yes,Mailed check,65.35,3389.31,No
5663-LODUV,Female,0,Yes,No,11,Yes,Yes,DSL,Yes,Yes,Yes,No,Yes,Yes,Month-to-month,No,Mailed check,65.76,703.5,Yes
1434-JTLBW,Male,0,Yes,Yes,10,No,No phone service,Fiber optic,No,Yes,No,Yes,Yes,No,Month-to-month,Yes,Mailed check,112.07,1130.86,Yes
9596-ZPSCK,Female,0,No,No,53,Yes,Yes,No,No internet service,No internet service,No internet service,No internet service,No internet service,No internet service,Month-to-month,Yes,Credit card (automatic),28.39,1485.21,No
3685-GSPJD,Female,0,Yes,Yes,8,No,No phone service,DSL,No,No,No,Yes,Yes,No,Month-to-month,No,Credit card (automatic),44.92,351.6,Yes
9969-EMITG,Male,0,No,No,13,Yes,Yes,Fiber optic,Yes,No,No,No,No,No,Month-to-month,No,Electronic check,107.0,1383.52,No
4841-SJWTX,Male,1,Yes,No,3,Yes,No,Fiber optic,No,Yes,No,No,No,No,Two year,No,Electronic check,74.39,212.43,No
2287-CYNWH,Male,1,Yes,No,17,Yes,No,Fiber optic,No,Yes,No,No,No,Yes,Two year,No,Mailed check,75.26,1274.06,No
5841-QRRPT,Male,0,Yes,No,67,No,No phone service,DSL,No,No,No,Yes,No,Yes,Month-to-month,Yes,Electronic check,47.08,3165.05,No
4108-XBEWC,Female,0,No,No,56,Yes,Yes,DSL,No,No,Yes,No,Yes,No,Two year,No,Bank transfer (automatic),55.57,3122.94,No
2022-LERWK,Female,0,Yes,Yes,65,Yes,No,DSL,No,No,No,No,Yes,No,Two year,Yes,Electronic check,40.8,2637.08,No
3032-EAQED,Male,0,Yes,Yes,6,No,No phone service,No,No internet service,No internet service,No internet service,No internet service,No internet service,No internet service,One year,No,Electronic check,29.05,186.35,No
4072-DKWZG,Female,0,Yes,Yes,11,Yes,No,DSL,No,No,Yes,No,No,No,One year,Yes,Electronic check,67.74,730.22,No
9456-NESKO,Male,0,Yes,No,0,Yes,No,Fiber optic,No,No,No,No,No,No,Two year,Yes,Credit card (automatic),103.54,11.88,No
4478-SJHWB,Male,0,Yes,Yes,22,Yes,Yes,No,No internet service,No internet service,No internet service,No internet service,No internet service,No internet service,Month-to-month,No,Credit card (automatic),18.62,402.54,No
8763-TQWJQ,Female,0,Yes,Yes,6,Yes,No,Fiber optic,No,No,No,No,Yes,Yes,Month-to-month,Yes,Electronic check,82.59,477.9,Yes
7890-WDIUB,Female,0,Yes,No,60,Yes,No,Fiber optic,No,Yes,Yes,No,Yes,Yes,Two year,No,Mailed check,74.53,4489.36,No
6306-KJEIL,Male,0,No,Yes,10,Yes,Yes,Fiber optic,No,No,No,Yes,Yes,No,Month-to-month,Yes,Credit card (automatic),77.15,778.46,No
2104-MJJIZ,Male,0,No,Yes,63,Yes,No,Fiber optic,No,Yes,No,No,Yes,No,Two year,No,Mailed check,88.04,5544.1,No
6069-DPNIX,Male,0,Yes,No,9,Yes,No,Fiber optic,No,No,Yes,No,Yes,Yes,Two year,Yes,Electronic check,113.06,1002.71,No
5895-LLLNQ,Female,0,Yes,No,59,Yes,No,Fiber optic,No,No,No,Yes,Yes,No,Month-to-month,No,Electronic check,87.2,5127.08,Yes
3254-JMZAD,Female,0,No,No,4,Yes,No,Fiber optic,Yes,No,Yes,No,No,Yes,Month-to-month,No,Electronic check,110.41,450.87,No
4795-PWOBB,Female,0,Yes,Yes,10,Yes,Yes,Fiber optic,No,Yes,No,No,Yes,Yes,Month-to-month,No,Electronic check,106.31,1080.75,Yes
1257-GLTJN,Female,0,Yes,No,64,No,No phone service,No,No internet service,No internet service,No internet service,No internet service,No internet service,No internet service,Month-to-month,Yes,Electronic check,25.7,1660.16,No
7506-EAMRH,Male,0,No,Yes,2,Yes,Yes,No,No internet service,No internet service,No internet service,No internet service,No internet service,No internet service,Month-to-month,No,Credit card (automatic),20.93,41.24,No
5680-MUEYM,Male,0,No,No,8,Yes,Yes,Fiber optic,No,Yes,Yes,No,Yes,Yes,Month-to-month,No,Credit card (automatic),102.5,811.85,No
1187-CXYWX,Male,0,Yes,No,2,Yes,Yes,Fiber optic,Yes,Yes,Yes,No,No,No,Month-to-month,No,Credit card (automatic),101.22,188.14,Yes
3300-MNJKO,Male,0,Yes,No,20,Yes,Yes,Fiber optic,No,No,No,Yes,No,No,Month-to-month,Yes,Bank transfer (automatic),90.84,1809.76,Yes
5275-TLBAN,Male,0,No,No,53,Yes,Yes,No,No internet service,No internet service,No internet service,No internet service,No internet service,No internet service,Month-to-month,No,Bank transfer (automatic),21.96,1176.41,No
1906-KMIKZ,Male,1,Yes,No,26,No,No phone service,DSL,Yes,Yes,No,Yes,Yes,No,One year,No,Bank transfer (automatic),42.88,1123.84,No
8132-NFWNC,Female,0,No,No,64,Yes,No,Fiber optic,No,No,Yes,No,No,No,Two year,Yes,Credit card (automatic),86.3,5540.74,No
1746-FJENL,Female,1,Yes,No,12,Yes,Yes,DSL,No,Yes,No,Yes,Yes,No,One year,Yes,Electronic check,65.62,775.1,No
8314-OHTNX,Male,0,Yes,No,4,Yes,No,Fiber optic,Yes,Yes,Yes,No,Yes,Yes,Month-to-month,No,Bank transfer (automatic),77.88,298.14,Yes
9682-WPDGC,Male,0,No,Yes,35,Yes,No,No,No internet service,No internet service,No internet service,No internet service,No internet service,No internet service,Two year,Yes,Credit card (automatic),23.66,831.71,No
3430-HUGLY,Female,0,No,No,9,Yes,No,DSL,Yes,No,No,No,No,No,Month-to-month,Yes,Bank transfer (automatic),40.37,371.31,Yes
7424-IFFKI,Female,0,No,Yes,5,Yes,No,DSL,Yes,No,No,Yes,No,No,Month-to-month,No,Credit card (automatic),46.52,226.82,No
2985-MHFTC,Female,0,Yes,No,69,Yes,No,DSL,No,No,No,No,No,No,Month-to-month,Yes,Electronic check,45.95,3175.67,No
6544-KRLHJ,Female,0,No,No,20,Yes,No,Fiber optic,No,No,No,No,No,Yes,Month-to-month,Yes,Mailed check,92.03,1851.33,No
1909-WIQUZ,Male,0,No,No,54,No,No phone service,DSL,Yes,No,No,No,No,No,Month-to-month,Yes,Bank transfer (automatic),66.76,3613.57,No
9322-DNPSJ,Male,0,No,No,30,Yes,Yes,Fiber optic,Yes,No,No,Yes,No,No,Month-to-month,Yes,Electronic check,93.18,2783.88,No
5907-EGUCP,Male,0,No,No,1,Yes,No,Fiber optic,Yes,Yes,No,No,No,Yes,Month-to-month,Yes,Electronic check,94.86,98.07,Yes
4067-WATLN,Male,1,Yes,Yes,57,Yes,No,No,No internet service,No internet service,No internet service,No internet service,No internet service,No internet service,Month-to-month,No,Credit card (automatic),26.45,1509.57,No
6920-MCSWC,Male,1,Yes,No,55,Yes,Yes,DSL,No,No,No,Yes,No,No,Month-to-month,Yes,Bank transfer (automatic),56.66,3120.63,No
4230-LBWVB,Female,0,No,No,0,Yes,No,Fiber optic,Yes,No,No,No,No,Yes,One year,Yes,Electronic check,107.33,0.0,No
4610-XBXCS,Male,0,No,No,24,Yes,Yes,DSL,No,No,No,No,No,Yes,Month-to-month,No,Electronic check,51.45,1237.72,Yes
1011-LCNEW,Female,1,Yes,No,54,Yes,No,Fiber optic,No,No,Yes,No,Yes,Yes,Month-to-month,Yes,Mailed check,71.18,3839.9,No
3062-KDQWU,Male,0,Yes,Yes,20,Yes,Yes,No,No internet service,No internet service,No internet service,No internet service,No internet service,No internet service,Two year,Yes,Credit card (automatic),20.89,431.72,No
7647-USSHO,Male,0,No,No,18,Yes,No,DSL,No,No,No,Yes,No,No,Month-to-month,Yes,Credit card (automatic),55.41,987.72,No
7952-QXYTY,Male,0,No,No,55,Yes,No,DSL,No,No,No,No,Yes,Yes,Month-to-month,No,Mailed check,43.72,2388.36,Yes
1897-FPHPH,Male,0,No,Yes,17,Yes,No,DSL,No,No,No,No,No,Yes,Month-to-month,Yes,Mailed check,54.65,916.66,No
2155-FWSML,Male,0,Yes,No,0,Yes,No,No,No internet service,No internet service,No internet service,No internet service,No internet service,No internet service,Two year,Yes,Bank transfer (automatic),24.05,7.59,No
4143-PPCBO,Female,1,No,No,55,Yes,No,DSL,No,No,No,No,No,Yes,One year,No,Bank transfer (automatic),66.26,3636.48,No
3742-RNLEZ,Female,0,Yes,Yes,0,Yes,No,DSL,No,Yes,No,No,Yes,No,Month-to-month,No,Electronic check,44.85,0.0,Yes
9879-LHLDH,Female,0,Yes,No,5,No,No phone service,Fiber optic,No,Yes,No,No,No,Yes,Month-to-month,No,Electronic check,84.02,410.74,Yes
2683-QBQPH,Male,1,Yes,Yes,64,Yes,No,DSL,No,Yes,Yes,No,Yes,No,Month-to-month,No,Credit card (automatic),64.05,4081.99,No
3554-IVWMB,Male,1,No,Yes,63,Yes,Yes,DSL,Yes,Yes,No,No,No,No,One year,Yes,Mailed check,42.45,2692.44,No
5510-VBPLG,Female,0,No,No,52,Yes,Yes,DSL,No,No,Yes,No,No,Yes,Two year,Yes,Electronic check,56.7,2942.2,No
9227-FBHHV,Male,0,No,No,11,Yes,Yes,Fiber optic,No,No,No,Yes,No,Yes,One year,No,Credit card (automatic),72.61,804.49,No
4874-VUBUB,Male,0,Yes,Yes,54,Yes,No,Fiber optic,No,No,No,Yes,Yes,No,Month-to-month,No,Bank transfer (automatic),93.7,5068.88,Yes
5892-UAANQ,Female,0,No,No,57,Yes,Yes,Fiber optic,Yes,No,Yes,Yes,No,No,Month-to-month,No,Bank transfer (automatic),104.76,5966.38,Yes
3537-EHZSC,Male,0,No,Yes,53,Yes,No,DSL,Yes,No,Yes,Yes,Yes,No,Month-to-month,Yes,Bank transfer (automatic),50.09,2669.73,No
3110-WYYXV,Female,0,No,No,13,Yes,Yes,Fiber optic,No,Yes,No,No,Yes,No,One year,Yes,Mailed check,99.42,1300.99,No
3624-MPCRX,Male,1,No,No,6,No,No phone service,Fiber optic,No,Yes,No,No,No,Yes,Month-to-month,Yes,Credit card (automatic),74.17,427.4,Yes
9663-UGFYD,Female,0,Yes,No,14,Yes,No,DSL,No,No,No,No,Yes,No,Month-to-month,Yes,Mailed check,69.59,987.07,No
9314-LKZPQ,Male,0,No,Yes,0,No,No phone service,Fiber optic,No,Yes,No,No,No,Yes,One year,Yes,Electronic check,81.84,0.0,Yes
1243-USTGO,Male,0,No,No,57,Yes,Yes,Fiber optic,No,Yes,No,Yes,No,No,Month-to-month,Yes,Mailed check,104.58,5956.93,Yes
8648-QSJOU,Female,0,No,Yes,52,Yes,Yes,No,No internet service,No internet service,No internet service,No internet service,No internet service,No internet service,One year,Yes,Mailed check,26.2,1382.0,No
2024-SVANV,Male,0,No,No,31,Yes,No,Fiber optic,No,Yes,No,No,Yes,No,One year,No,Electronic check,97.41,3010.12,No
1475-PWNNK,Male,1,Yes,No,0,Yes,No,No,No internet service,No internet service,No internet service,No internet service,No internet service,No internet service,Month-to-month,Yes,Electronic check,29.95,17.3,Yes
8910-CDLCC,Female,0,No,Yes,50,Yes,No,No,No internet service,No internet service,No internet service,No internet service,No internet service,No internet service,Two year,No,Mailed check,28.7,1446.07,No
8418-HNJTA,Male,0,No,No,23,Yes,Yes,No,No internet service,No internet service,No internet service,No internet service,No internet service,No internet service,One year,Yes,Credit card (automatic),22.46,525.58,No
7677-LAEMJ,Female,0,Yes,Yes,11,Yes,No,Fiber optic,No,No,No,Yes,No,Yes,Month-to-month,Yes,Mailed check,92.83,1040.77,No
4482-XBDYV,Male,0,No,No,55,Yes,No,DSL,No,Yes,Yes,No,No,Yes,Two year,No,Credit card (automatic),54.91,3035.89,No
3510-DDKDH,Male,0,Yes,Yes,3,Yes,No,DSL,No,Yes,Yes,No,Yes,Yes,One year,Yes,Bank transfer (automatic),67.67,217.04,Yes
6844-UTUIO,Male,0,Yes,No,16,Yes,No,No,No internet service,No internet service,No internet service,No internet service,No internet service,No internet service,Two year,Yes,Credit card (automatic),29.49,453.99,No
2508-CHGTJ,Male,0,No,No,26,Yes,No,Fiber optic,No,No,No,No,Yes,Yes,One year,Yes,Credit card (automatic),89.31,2317.24,No
3222-OPUAJ,Female,0,No,No,3,Yes,Yes,DSL,No,No,No,Yes,No,No,Month-to-month,No,Electronic check,62.28,180.29,Yes
2572-HUIVQ,Male,0,Yes,Yes,68,Yes,Yes,Fiber optic,No,No,No,Yes,Yes,No,Month-to-month,Yes,Credit card (automatic),106.53,7226.78,No
9055-MUMVR,Female,0,Yes,Yes,25,Yes,No,No,No internet service,No internet service,No internet service,No internet service,No internet service,No internet service,One year,No,Electronic check,18.8,454.63,No
1891-XWATO,Male,0,Yes,Yes,63,Yes,No,Fiber optic,No,No,No,No,No,Yes,Month-to-month,Yes,Mailed check,105.99,6684.76,No
5268-MBYLH,Male,0,Yes,Yes,59,Yes,No,Fiber optic,Yes,No,No,No,Yes,Yes,Two year,No,Electronic check,108.78,6430.38,No
8489-HYUGA,Male,0,Yes,Yes,61,Yes,No,Fiber optic,No,Yes,No,Yes,Yes,No,Month-to-month,No,Mailed check,82.09,5012.15,No
6453-AMBPM,Male,0,Yes,No,2,Yes,Yes,DSL,Yes,No,Yes,Yes,No,No,One year,Yes,Electronic check,62.77,136.76,Yes
7107-CALGG,Female,0,Yes,No,0,Yes,No,DSL,No,Yes,Yes,No,Yes,Yes,Month-to-month,Yes,Credit card (automatic),53.27,4.11,No
3832-UJWZQ,Female,0,No,No,66,Yes,Yes,No,No internet service,No internet service,No internet service,No internet service,No internet service,No internet service,Month-to-month,Yes,Bank transfer (automatic),20.54,1364.21,No
8300-ROSFF,Female,0,No,No,13,No,No phone service,No,No internet service,No internet service,No internet service,No internet service,No internet service,No internet service,One year,Yes,Electronic check,27.74,369.57,No
4339-REXKR,Female,1,No,No,57,No,No phone service,No,No internet service,No internet service,No internet service,No internet service,No internet service,No internet service,One year,No,Electronic check,27.04,1553.69,No
8139-VGWJY,Male,0,No,No,52,Yes,No,Fiber optic,Yes,Yes,Yes,No,Yes,Yes,Month-to-month,Yes,Electronic check,108.54,5636.55,Yes
4705-KBRKL,Female,0,Yes,No,0,Yes,No,DSL,No,Yes,Yes,Yes,Yes,Yes,Month-to-month,Yes,Bank transfer (automatic),43.65,11.61,No
8996-CLWHJ,Female,0,No,No,51,Yes,No,No,No internet service,No internet service,No internet service,No internet service,No internet service,No internet service,Two year,Yes,Mailed check,27.47,1400.98,No
4892-PNLJB,Male,1,No,No,55,Yes,Yes,No,No internet service,No internet service,No internet service,No internet service,No internet service,No internet service,Two year,Yes,Credit card (automatic),29.73,1653.62,No
2065-NPFHR,Male,0,Yes,No,15,No,No phone service,No,No internet service,No internet service,No internet service,No internet service,No internet service,No internet service,Month-to-month,Yes,Electronic check,19.67,281.63,No
1818-AKIFQ,Male,0,Yes,No,9,Yes,Yes,DSL,No,No,No,Yes,No,No,Month-to-month,Yes,Mailed check,44.98,424.3,No
5265-NETWY,Male,1,Yes,No,6,Yes,Yes,Fiber optic,Yes,No,Yes,No,No,No,Month-to-month,No,Mailed check,71.85,414.76,No
2011-LLVKR,Female,1,No,No,0,Yes,Yes,Fiber optic,No,No,No,No,No,No,Two year,Yes,Credit card (automatic),91.15,3.93,Yes
8303-AYABP,Female,0,Yes,No,6,Yes,No,Fiber optic,Yes,No,No,Yes,No,No,Month-to-month,Yes,Bank transfer (automatic),100.57,610.71,No
8044-JBCLL,Male,0,No,No,22,Yes,No,Fiber optic,No,No,No,Yes,No,Yes,Month-to-month,Yes,Mailed check,92.4,2048.81,No
8033-TLXYY,Male,1,Yes,No,52,Yes,Yes,Fiber optic,Yes,No,No,No,No,Yes,Month-to-month,Yes,Bank transfer (automatic),78.71,4103.31,No
5872-TJIPR,Male,0,Yes,No,63,Yes,Yes,Fiber optic,No,No,No,No,No,No,One year,No,Bank transfer (automatic),91.66,5758.4,Yes
6360-BOLXO,Female,0,No,No,1,Yes,No,DSL,No,No,No,Yes,No,Yes,Two year,Yes,Credit card (automatic),69.21,73.89,No
2804-YYOPE,Female,0,No,Yes,60,Yes,No,Fiber optic,No,No,Yes,No,No,No,Month-to-month,Yes,Electronic check,111.06,6671.66,Yes
1881-RDROT,Male,0,Yes,No,16,Yes,Yes,No,No internet service,No internet service,No internet service,No internet service,No internet service,No internet service,Month-to-month,No,Electronic check,29.8,464.94,No
6125-EMCNB,Male,0,No,No,67,Yes,No,DSL,No,No,No,No,Yes,No,One year,No,Electronic check,42.31,2841.07,No
7328-XSJPN,Female,0,Yes,Yes,51,Yes,No,No,No internet service,No internet service,No internet service,No internet service,No internet service,No internet service,Month-to-month,Yes,Mailed check,22.19,1115.35,No
1263-QYQFL,Male,1,No,No,57,Yes,No,No,No internet service,No internet service,No internet service,No internet service,No internet service,No internet service,Month-to-month,Yes,Mailed check,23.21,1308.62,Yes
6537-NNFXC,Male,0,No,No,5,Yes,No,No,No internet service,No internet service,No internet service,No internet service,No internet service,No internet service,Two year,Yes,Electronic check,24.63,117.62,No
2748-HUHTG,Female,0,No,No,15,Yes,Yes,DSL,No,Yes,No,No,No,No,Two year,No,Bank transfer (automatic),40.06,588.74,No
6286-NWNTD,Male,0,Yes,No,67,Yes,No,DSL,No,No,No,No,Yes,No,Two year,Yes,Credit card (automatic),46.1,3068.84,No
2925-GGKIZ,Female,1,Yes,No,57,Yes,Yes,DSL,Yes,Yes,No,Yes,No,Yes,Month-to-month,Yes,Electronic check,68.61,3915.61,No
2397-YDCOR,Male,0,No,No,7,Yes,No,Fiber optic,Yes,No,No,Yes,No,No,Month-to-month,No,Mailed check,90.32,630.75,No
7432-TGNIK,Male,0,Yes,No,27,Yes,Yes,DSL,No,No,No,No,No,No,Two year,Yes,Credit card (automatic),67.45,1810.07,No
5370-WBNWW,Female,0,No,No,2,Yes,Yes,DSL,No,No,Yes,No,No,No,Month-to-month,Yes,Electronic check,44.25,76.99,Yes
8948-VZXKH,Female,0,No,Yes,55,Yes,Yes,DSL,No,Yes,Yes,No,Yes,Yes,Month-to-month,No,Electronic check,56.31,3100.77,Yes
1381-OQUAY,Male,1,Yes,No,19,Yes,Yes,Fiber optic,No,Yes,No,No,No,No,Month-to-month,No,Mailed check,80.58,1515.32,Yes
1367-EQKQE,Female,0,No,No,64,Yes,Yes,Fiber optic,No,Yes,No,No,No,No,Two year,No,Electronic check,112.7,7202.74,No
6652-KXFBU,Male,0,Yes,No,8,Yes,No,Fiber optic,No,Yes,No,No,No,No,One year,No,Mailed check,79.05,614.04,No
8132-AQYAK,Male,0,No,Yes,66,Yes,No,DSL,Yes,Yes,No,No,No,No,Month-to-month,No,Credit card (automatic),68.98,4563.33,Yes
8120-UQGQV,Female,0,No,Yes,23,Yes,No,No,No internet service,No internet service,No internet service,No internet service,No internet service,No internet service,Month-to-month,Yes,Mailed check,18.86,452.83,Yes
9576-SZVSE,Male,0,No,No,54,Yes,No,Fiber optic,No,Yes,No,No,No,No,Two year,Yes,Electronic check,72.9,3927.23,No
5048-FHBHD,Male,0,Yes,No,70,No,No phone service,DSL,No,No,Yes,Yes,No,No,Two year,Yes,Bank transfer (automatic),67.46,4720.78,No
7198-TOAPP,Female,0,No,No,54,Yes,No,DSL,No,No,No,No,Yes,No,One year,Yes,Credit card (automatic),44.76,2414.53,No
4160-DOTTH,Female,0,No,No,61,Yes,No,DSL,No,No,No,No,No,Yes,Month-to-month,No,Credit card (automatic),60.18,3672.65,Yes
3229-LLSVD,Male,0,Yes,Yes,4,Yes,No,DSL,Yes,No,Yes,Yes,No,Yes,Month-to-month,Yes,Bank transfer (automatic),67.74,265.96,No
4631-SSFVV,Female,0,Yes,No,61,Yes,No,Fiber optic,No,No,Yes,Yes,Yes,Yes,One year,No,Bank transfer (automatic),94.87,5772.36,No
9301-IMUGI,Female,0,Yes,No,3,Yes,No,No,No internet service,No internet service,No internet service,No internet service,No internet service,No internet service,Two year,Yes,Electronic check,22.7,58.03,No
8336-ZZCAM,Female,0,No,No,5,Yes,No,DSL,No,No,No,No,No,No,Month-to-month,Yes,Mailed check,58.23,303.03,No
2557-XAQPI,Female,0,No,No,6,Yes,No,No,No internet service,No internet service,No internet service,No internet service,No internet service,No internet service,Month-to-month,Yes,Mailed check,18.73,116.3,No
4711-VIRUM,Male,0,No,No,65,Yes,Yes,No,No internet service,No internet service,No internet service,No internet service,No internet service,No internet service,Month-to-month,No,Electronic check,20.72,1329.56,Yes
2237-DVQMZ,Male,1,No,Yes,64,No,No phone service,Fiber optic,No,No,No,No,Yes,Yes,Month-to-month,Yes,Electronic check,72.33,4617.78,No
9351-AOLAT,Male,0,Yes,No,1,Yes,Yes,DSL,Yes,No,No,No,Yes,No,Month-to-month,No,Mailed check,66.58,62.58,No
1435-XVIUN,Female,0,Yes,No,71,Yes,Yes,Fiber optic,Yes,No,No,No,Yes,No,Two year,Yes,Bank transfer (automatic),92.11,6545.66,No
8793-GHHJY,Female,1,Yes,No,67,Yes,Yes,No,No internet service,No internet service,No internet service,No internet service,No internet service,No internet service,Month-to-month,No,Electronic check,22.37,1510.19,No
4889-ESNED,Female,1,Yes,No,5,Yes,No,DSL,No,No,No,Yes,No,No,Month-to-month,Yes,Credit card (automatic),59.91,302.92,No
7569-BYPCO,Female,1,No,No,71,Yes,No,Fiber optic,Yes,No,No,No,No,No,Month-to-month,Yes,Bank transfer (automatic),75.22,5356.6,Yes
4804-GKUKW,Female,0,No,Yes,1,Yes,Yes,Fiber optic,No,Yes,Yes,Yes,No,No,Two year,Yes,Credit card (automatic),95.13,107.33,No
1523-LLZFB,Female,0,No,No,0,Yes,No,Fiber optic,No,Yes,Yes,No,No,No,One year,No,Electronic check,114.67,0.0,Yes
6849-OBUAU,Female,0,Yes,No,6,Yes,Yes,Fiber optic,No,No,Yes,No,Yes,No,Month-to-month,Yes,Bank transfer (automatic),111.7,679.36,Yes
7885-YPLBG,Male,0,No,No,52,Yes,Yes,Fiber optic,No,No,Yes,Yes,No,No,Month-to-month,No,Electronic check,109.89,5700.75,Yes
8034-ZZVXH,Male,0,No,Yes,56,Yes,No,Fiber optic,Yes,Yes,Yes,Yes,Yes,No,One year,Yes,Mailed check,73.42,4105.43,No
7636-UYVGS,Female,1,No,No,7,No,No phone service,Fiber optic,No,No,No,No,Yes,No,Month-to-month,Yes,Bank transfer (automatic),75.11,506.62,Yes
4385-LZPGC,Female,0,No,No,2,Yes,Yes,Fiber optic,Yes,No,No,Yes,No,No,Month-to-month,Yes,Bank transfer (automatic),101.94,213.56,No
5495-BOIIY,Female,0,Yes,Yes,8,Yes,Yes,Fiber optic,No,No,No,No,No,No,Two year,No,Electronic check,109.98,897.1,No
5335-ELFGY,Male,1,No,Yes,58,Yes,Yes,DSL,No,Yes,Yes,No,No,Yes,Month-to-month,Yes,Electronic check,68.92,3992.47,Yes
5222-QLXBH,Male,0,No,No,1,Yes,Yes,No,No internet service,No internet service,No internet service,No internet service,No internet service,No internet service,Two year,Yes,Mailed check,28.72,21.07,No
8823-GTDTT,Female,0,No,No,7,Yes,Yes,DSL,Yes,No,No,No,No,No,Month-to-month,Yes,Bank transfer (automatic),51.64,352.09,Yes
4704-XAFNK,Female,0,Yes,No,25,Yes,No,DSL,No,No,No,No,Yes,Yes,Month-to-month,No,Electronic check,47.89,1177.25,Yes
9282-BFRRE,Male,0,Yes,Yes,52,No,No phone service,DSL,Yes,No,Yes,Yes,No,No,Month-to-month,Yes,Credit card (automatic),69.73,3618.25,No
2955-WIKYO,Male,0,Yes,No,6,Yes,No,No,No internet service,No internet service,No internet service,No internet service,No internet service,No internet service,Month-to-month,No,Mailed check,29.77,159.29,Yes
4085-DTBMV,Male,1,No,No,52,Yes,No,Fiber optic,Yes,No,No,Yes,No,Yes,Month-to-month,No,Credit card (automatic),98.66,5132.76,No
8200-ABKZD,Male,1,No,No,4,Yes,Yes,Fiber optic,Yes,No,No,Yes,Yes,No,One year,Yes,Bank transfer (automatic),103.82,422.66,No
8923-HGSEF,Female,1,Yes,Yes,68,Yes,No,No,No internet service,No internet service,No internet service,No internet service,No internet service,No internet service,Month-to-month,No,Credit card (automatic),21.29,1442.05,No
7441-ENGGB,Male,0,No,No,50,Yes,Yes,No,No internet service,No internet service,No internet service,No internet service,No internet service,No internet service,Month-to-month,Yes,Mailed check,19.87,989.61,No
2399-BBEHY,Male,1,Yes,Yes,68,Yes,Yes,Fiber optic,No,No,No,Yes,Yes,No,Two year,Yes,Bank transfer (automatic),97.62,6630.84,No
3980-YIZIM,Female,0,Yes,Yes,8,Yes,No,Fiber optic,No,No,Yes,No,Yes,Yes,Two year,Yes,Mailed check,80.39,633.78,Yes
1117-WDFOL,Male,0,No,No,14,Yes,No,No,No internet service,No internet service,No internet service,No internet service,No internet service,No internet service,One year,Yes,Electronic check,22.63,309.78,Yes
9099-NJHIA,Male,0,No,No,4,Yes,Yes,DSL,Yes,No,Yes,Yes,No,Yes,Two year,Yes,Electronic check,47.06,190.72,No
9879-DZHPQ,Male,0,Yes,No,57,Yes,Yes,Fiber optic,No,No,Yes,No,No,No,Month-to-month,Yes,Electronic check,86.07,4908.45,No
2175-FOTHO,Female,0,Yes,Yes,0,Yes,Yes,No,No internet service,No internet service,No internet service,No internet service,No internet service,No internet service,Month-to-month,Yes,Bank transfer (automatic),19.67,9.43,Yes
8754-YDINA,Male,0,No,No,55,Yes,No,Fiber optic,No,No,No,Yes,Yes,Yes,Month-to-month,Yes,Credit card (automatic),108.97,5978.69,No
8148-NLADK,Female,0,Yes,No,55,Yes,No,DSL,No,Yes,No,Yes,No,Yes,Two year,Yes,Electronic check,45.55,2523.6,No
7330-LIAWK,Female,0,No,No,62,Yes,Yes,DSL,No,No,No,No,No,Yes,Month-to-month,No,Credit card (automatic),53.87,3340.86,No
4265-UDGUK,Male,0,No,Yes,53,No,No phone service,No,No internet service,No internet service,No internet service,No internet service,No internet service,No internet service,Month-to-month,Yes,Mailed check,26.01,1392.39,No
6380-PHXFB,Male,0,Yes,Yes,67,Yes,Yes,DSL,No,No,Yes,Yes,No,No,Month-to-month,Yes,Mailed check,60.36,4026.59,No
7932-CWTTZ,Male,0,Yes,Yes,21,Yes,No,No,No internet service,No internet service,No internet service,No internet service,No internet service,No internet service,Month-to-month,Yes,Electronic check,18.31,378.95,Yes
2108-TIJUI,Male,0,No,No,50,Yes,No,DSL,No,Yes,No,No,No,No,Month-to-month,Yes,Credit card (automatic),67.24,3371.14,No
6668-VOJDX,Female,0,No,No,0,Yes,Yes,Fiber optic,No,Yes,No,No,No,No,Month-to-month,Yes,Electronic check,103.19,0.0,Yes
3280-LWHOH,Male,0,No,No,55,Yes,Yes,Fiber optic,No,No,Yes,Yes,No,Yes,Month-to-month,No,Electronic check,107.95,5923.97,Yes
2029-KGMLP,Male,0,Yes,No,64,Yes,Yes,Fiber optic,Yes,No,Yes,No,No,No,Month-to-month,Yes,Bank transfer (automatic),89.38,5723.31,No
4797-KCPFX,Male,0,No,No,5,Yes,Yes,DSL,No,No,No,No,No,Yes,Month-to-month,Yes,Bank transfer (automatic),50.86,253.84,Yes
7709-VXVQC,Female,1,Yes,No,54,Yes,No,DSL,No,No,No,No,Yes,No,One year,Yes,Mailed check,63.92,3447.53,No
6104-OEILC,Male,0,No,No,3,Yes,Yes,Fiber optic,No,No,No,No,No,No,One year,Yes,Credit card (automatic),70.47,198.01,No
3740-JPFRP,Male,0,No,Yes,2,Yes,No,Fiber optic,No,No,No,No,Yes,Yes,Month-to-month,Yes,Electronic check,89.68,159.82,No
5600-NFHNM,Female,0,Yes,No,0,Yes,No,Fiber optic,Yes,No,No,Yes,No,No,One year,Yes,Electronic check,113.02,0.0,Yes
8263-MDTNU,Female,0,No,No,2,Yes,Yes,DSL,Yes,No,Yes,No,No,Yes,Month-to-month,Yes,Electronic check,40.32,85.04,Yes
2693-UHXFB,Male,0,Yes,No,2,Yes,No,Fiber optic,No,Yes,No,Yes,No,Yes,Month-to-month,No,Electronic check,89.83,176.81,Yes
3905-FDLSD,Male,0,No,Yes,66,Yes,Yes,Fiber optic,No,No,Yes,No,No,No,Two year,Yes,Credit card (automatic),106.62,7048.23,No
5136-ILIPM,Male,0,Yes,Yes,67,Yes,Yes,DSL,Yes,Yes,No,No,Yes,Yes,Month-to-month,No,Electronic check,45.4,3035.38,No
3672-LRGPP,Male,1,No,No,2,Yes,No,DSL,No,No,No,No,Yes,No,Month-to-month,No,Bank transfer (automatic),51.4,82.8,No
6860-QMVWG,Male,0,Yes,Yes,4,No,No phone service,Fiber optic,No,Yes,Yes,No,No,No,Two year,Yes,Credit card (automatic),108.68,435.05,No
1232-RRUFG,Female,0,No,No,5,Yes,Yes,Fiber optic,Yes,No,No,Yes,No,No,Month-to-month,Yes,Credit card (automatic),79.14,393.65,Yes
6044-RPZTF,Female,0,No,Yes,3,Yes,Yes,DSL,No,Yes,No,No,Yes,Yes,Month-to-month,No,Mailed check,52.69,145.89,No
4490-RFXTZ,Male,0,No,Yes,66,Yes,Yes,DSL,No,No,Yes,No,No,Yes,Two year,Yes,Electronic check,58.42,3875.52,No
6816-GPOAX,Male,1,No,Yes,51,No,No phone service,No,No internet service,No internet service,No internet service,No internet service,No internet service,No internet service,Month-to-month,Yes,Bank transfer (automatic),19.02,954.56,No
1600-VZWAR,Female,0,Yes,Yes,3,Yes,Yes,No,No internet service,No internet service,No internet service,No internet service,No internet service,No internet service,One year,Yes,Electronic check,29.28,83.25,No
7414-ILZLM,Male,0,Yes,Yes,12,Yes,Yes,DSL,Yes,No,Yes,Yes,Yes,Yes,Month-to-month,Yes,Electronic check,61.44,738.43,No
7802-TSAJO,Male,0,Yes,No,3,Yes,No,Fiber optic,Yes,Yes,Yes,No,Yes,Yes,Month-to-month,No,Credit card (automatic),113.52,334.27,No
2743-RBDSL,Male,0,No,No,8,Yes,No,No,No internet service,No internet service,No internet service,No internet service,No internet service,No internet service,Month-to-month,Yes,Bank transfer (automatic),19.78,152.72,No
8459-CVFIT,Male,1,Yes,No,64,Yes,Yes,No,No internet service,No internet service,No internet service,No internet service,No internet service,No internet service,Month-to-month,Yes,Credit card (automatic),22.75,1471.98,No
3408-ZCBSJ,Male,0,Yes,Yes,7,Yes,No,DSL,No,Yes,No,No,No,No,Two year,No,Credit card (automatic),54.4,377.13,No
4339-KFDFA,Female,1,Yes,No,2,Yes,Yes,No,No internet service,No internet service,No internet service,No internet service,No internet service,No internet service,Two year,Yes,Mailed check,22.15,42.61,No
3449-JGDPN,Male,1,No,No,9,Yes,Yes,Fiber optic,No,No,No,No,No,No,Month-to-month,Yes,Bank transfer (automatic),94.18,847.52,Yes
3498-TMNVU,Male,0,Yes,Yes,5,Yes,No,DSL,No,No,No,No,No,No,Two year,No,Bank transfer (automatic),56.28,285.4,No
6312-YGOXV,Male,0,Yes,No,4,Yes,No,Fiber optic,No,Yes,No,No,No,No,Month-to-month,Yes,Electronic check,70.28,276.15,Yes
3162-PZRUQ,Female,0,Yes,Yes,16,Yes,Yes,Fiber optic,No,Yes,Yes,Yes,No,No,Month-to-month,Yes,Bank transfer (automatic),96.03,1553.72,Yes
3521-YMAIZ,Female,1,No,No,9,Yes,Yes,DSL,No,No,Yes,No,Yes,No,Two year,No,Electronic check,63.3,552.89,No
1184-ZNXPR,Female,0,No,Yes,56,Yes,No,DSL,No,Yes,No,No,No,Yes,Month-to-month,Yes,Credit card (automatic),46.47,2591.96,Yes
1918-HOTSG,Female,0,Yes,No,1,Yes,No,No,No internet service,No internet service,No internet service,No internet service,No internet service,No internet service,Month-to-month,Yes,Credit card (automatic),23.52,41.93,Yes
7357-IJKSQ,Male,0,No,No,66,Yes,Yes,No,No internet service,No internet service,No internet service,No internet service,No internet service,No internet service,One year,No,Mailed check,26.6,1745.23,No
6307-BFDEX,Female,0,Yes,No,64,Yes,Yes,DSL,No,No,Yes,No,Yes,No,Month-to-month,Yes,Bank transfer (automatic),56.52,3631.56,Yes
1476-XISPT,Male,0,Yes,No,12,No,No phone service,Fiber optic,No,Yes,No,No,No,No,Month-to-month,No,Bank transfer (automatic),113.5,1370.1,Yes
3150-XHNEO,Male,0,Yes,No,3,Yes,Yes,DSL,No,Yes,Yes,Yes,No,No,One year,No,Electronic check,60.46,194.12,Yes
2606-RIYSI,Female,1,No,No,7,Yes,No,Fiber optic,Yes,No,No,Yes,No,No,Two year,Yes,Electronic check,83.43,590.79,No
7234-TYDMN,Female,0,No,No,65,Yes,Yes,No,No internet service,No internet service,No internet service,No internet service,No internet service,No internet service,Month-to-month,Yes,Credit card (automatic),23.48,1522.86,No
5343-RPBZN,Female,0,Yes,No,0,No,No phone service,DSL,Yes,No,No,No,No,Yes,Month-to-month,No,Electronic check,48.01,19.15,Yes
7185-GICRA,Female,0,No,No,51,Yes,Yes,Fiber optic,Yes,No,No,Yes,No,Yes,Month-to-month,No,Bank transfer (automatic),91.69,4656.48,No
3681-MFSLZ,Female,0,Yes,No,11,Yes,No,No,No internet service,No internet service,No internet service,No internet service,No internet service,No internet service,Month-to-month,Yes,Bank transfer (automatic),24.25,268.72,Yes
5612-QLHUP,Male,0,No,Yes,69,Yes,Yes,Fiber optic,No,No,Yes,No,No,No,Two year,No,Bank transfer (automatic),74.71,5148.55,No
9330-WKXNG,Female,0,No,No,0,Yes,No,Fiber optic,No,No,No,No,Yes,Yes,Two year,Yes,Electronic check,83.58,2.88,Yes
6899-LCKYB,Female,0,No,Yes,71,Yes,Yes,No,No internet service,No internet service,No internet service,No internet service,No internet service,No internet service,One year,No,Credit card (automatic),27.39,1962.15,No
5034-ZOGMR,Female,1,No,No,68,Yes,Yes,No,No internet service,No internet service,No internet service,No internet service,No internet service,No internet service,One year,Yes,Mailed check,18.7,1290.22,No
9182-USZQZ,Male,0,No,Yes,4,Yes,No,Fiber optic,Yes,Yes,No,No,No,No,Two year,Yes,Credit card (automatic),73.93,288.35,No
3115-YCOWC,Female,0,No,No,0,Yes,No,DSL,Yes,Yes,Yes,No,No,No,Month-to-month,Yes,Mailed check,58.81,17.5,Yes
8655-YHGTE,Male,0,No,Yes,14,Yes,No,Fiber optic,No,Yes,Yes,No,No,No,Month-to-month,No,Electronic check,79.69,1135.13,No
7602-RWDJT,Female,0,Yes,Yes,4,Yes,Yes,Fiber optic,Yes,Yes,Yes,No,No,Yes,Month-to-month,No,Electronic check,86.0,343.18,No
6409-INNUT,Female,1,Yes,Yes,71,Yes,No,DSL,Yes,Yes,No,Yes,No,No,Two year,Yes,Electronic check,66.67,4718.86,No
7773-IFQBN,Male,0,Yes,No,69,Yes,No,DSL,No,No,Yes,No,No,Yes,Month-to-month,No,Credit card (automatic),69.65,4824.71,Yes
9980-LJTRJ,Female,0,No,Yes,5,Yes,No,DSL,No,No,No,Yes,No,No,Month-to-month,Yes,Electronic check,50.58,268.77,Yes
3203-FHZEF,Male,0,Yes,No,65,Yes,No,DSL,No,No,No,No,Yes,No,Month-to-month,Yes,Credit card (automatic),44.91,2925.46,No
3360-DSSXM,Male,0,No,No,66,Yes,No,Fiber optic,No,Yes,Yes,No,Yes,Yes,One year,Yes,Mailed check,70.72,4648.63,No
3682-LFVRY,Male,0,No,No,52,Yes,Yes,DSL,No,No,No,No,No,Yes,Two year,No,Bank transfer (automatic),51.61,2678.02,No
7400-EUQQI,Female,0,No,Yes,62,Yes,No,Fiber optic,No,No,No,No,No,Yes,Month-to-month,Yes,Credit card (automatic),88.58,5478.13,Yes
3119-GJFGX,Female,0,Yes,No,27,Yes,Yes,DSL,Yes,No,No,No,No,No,One year,No,Mailed check,68.87,1847.08,No
8627-WQFNM,Female,0,No,No,54,Yes,No,No,No internet service,No internet service,No internet service,No internet service,No internet service,No internet service,Month-to-month,Yes,Mailed check,29.16,1582.11,No
8188-EMXSZ,Male,0,Yes,Yes,0,Yes,No,Fiber optic,No,Yes,Yes,No,Yes,No,Two year,No,Bank transfer (automatic),98.98,0.0,No
9040-TALUN,Female,0,No,No,54,Yes,No,DSL,No,Yes,Yes,No,No,Yes,Month-to-month,Yes,Mailed check,57.29,3087.22,No
9159-QJCDA,Male,0,No,No,0,Yes,No,Fiber optic,Yes,No,Yes,No,No,No,Month-to-month,Yes,Electronic check,107.45,0.0,No
3141-TXIRQ,Female,0,Yes,No,0,Yes,No,Fiber optic,No,Yes,Yes,No,Yes,No,Month-to-month,Yes,Bank transfer (automatic),84.84,0.0,No
9703-VKRUH,Male,0,No,Yes,12,Yes,No,Fiber optic,No,No,No,No,No,Yes,Month-to-month,No,Electronic check,77.63,929.1,Yes
5384-KWYYE,Male,0,Yes,No,0,Yes,No,No,No internet service,No internet service,No internet service,No internet service,No internet service,No internet service,Two year,No,Bank transfer (automatic),24.68,17.44,No
4190-UMIKF,Male,0,No,No,55,Yes,Yes,Fiber optic,Yes,Yes,No,No,Yes,Yes,Two year,Yes,Mailed check,108.89,6000.79,No
3872-XUKKZ,Female,0,Yes,Yes,21,Yes,No,No,No internet service,No internet service,No internet service,No internet service,No internet service,No internet service,Month-to-month,No,Electronic check,28.78,586.05,Yes
9247-KLCSX,Male,0,No,No,3,Yes,Yes,DSL,Yes,Yes,No,No,Yes,No,Month-to-month,Yes,Mailed check,69.21,204.87,No
5742-WTUNT,Male,0,Yes,No,10,Yes,No,Fiber optic,No,No,No,Yes,Yes,Yes,One year,Yes,Mailed check,94.13,955.66,Yes
3975-REKID,Male,0,No,No,4,Yes,Yes,DSL,Yes,No,No,No,Yes,No,Month-to-month,Yes,Mailed check,61.0,234.05,Yes
6335-XZHVM,Male,0,Yes,No,5,Yes,Yes,No,No internet service,No internet service,No internet service,No internet service,No internet service,No internet service,Month-to-month,No,Mailed check,23.78,132.46,No
6786-ZOIUC,Male,1,Yes,No,55,Yes,No,DSL,Yes,No,Yes,Yes,Yes,Yes,Month-to-month,Yes,Mailed check,53.39,2940.09,No
2719-XBCDW,Male,0,No,No,12,Yes,Yes,DSL,No,Yes,No,Yes,No,Yes,Two year,Yes,Electronic check,66.73,781.13,No
1821-KUMNI,Female,0,Yes,No,59,Yes,No,No,No internet service,No internet service,No internet service,No internet service,No internet service,No internet service,Two year,No,Bank transfer (automatic),28.69,1708.05,No
1077-CSCUH,Female,0,No,No,50,Yes,Yes,DSL,No,Yes,Yes,No,Yes,Yes,Two year,Yes,Mailed check,54.16,2723.87,No
3716-VWZKJ,Male,0,Yes,No,3,Yes,Yes,DSL,Yes,No,No,Yes,No,No,Month-to-month,No,Electronic check,62.05,199.17,Yes
8261-WWMAS,Female,0,Yes,No,11,Yes,No,Fiber optic,Yes,No,Yes,Yes,Yes,Yes,One year,Yes,Credit card (automatic),85.49,941.48,No
9730-LFJFS,Female,0,No,No,68,No,No phone service,No,No internet service,No internet service,No internet service,No internet service,No internet service,No internet service,One year,No,Electronic check,24.88,1700.99,No
3063-LBAJP,Male,0,No,No,15,Yes,No,Fiber optic,No,Yes,No,Yes,No,No,Month-to-month,Yes,Electronic check,74.74,1106.28,No
6130-TDQJO,Male,1,No,No,61,Yes,Yes,DSL,Yes,No,No,No,Yes,Yes,Two year,Yes,Bank transfer (automatic),63.41,3882.44,No
2107-YPJAR,Male,0,No,No,23,Yes,No,Fiber optic,Yes,No,No,Yes,Yes,No,Two year,No,Electronic check,111.48,2582.0,No
1153-BQEKM,Female,0,Yes,No,70,Yes,Yes,Fiber optic,Yes,No,No,Yes,No,No,Two year,No,Electronic check,73.17,5115.04,No
9638-POKAW,Male,0,Yes,Yes,0,No,No phone service,No,No internet service,No internet service,No internet service,No internet service,No internet service,No internet service,Two year,No,Mailed check,22.49,0.0,No
4715-GSTSC,Female,0,Yes,No,62,Yes,No,Fiber optic,No,No,No,No,No,Yes,One year,No,Electronic check,74.36,4600.19,Yes
1153-NCSNB,Male,0,No,No,59,Yes,No,Fiber optic,No,No,No,No,Yes,No,One year,Yes,Bank transfer (automatic),78.03,4597.29,No
5214-QBLVB,Female,0,No,No,5,Yes,No,Fiber optic,No,Yes,No,Yes,No,Yes,Two year,Yes,Electronic check,75.46,360.44,No
3918-OXRVB,Male,0,Yes,Yes,56,Yes,No,Fiber optic,No,Yes,No,Yes,Yes,Yes,Month-to-month,Yes,Bank transfer (automatic),86.72,4867.99,Yes
7033-LAEQM,Male,0,Yes,No,2,Yes,No,Fiber optic,No,No,Yes,No,Yes,No,Month-to-month,Yes,Electronic check,88.12,169.14,Yes
7399-JMUTB,Female,0,Yes,No,0,No,No phone service,DSL,No,No,No,Yes,No,Yes,Two year,Yes,Credit card (automatic),58.96,0.0,No
2032-CXFDQ,Female,1,No,Yes,8,Yes,Yes,DSL,Yes,Yes,No,No,No,No,Two year,No,Credit card (automatic),69.93,579.0,Yes
1360-ITSPF,Female,0,No,No,8,Yes,Yes,DSL,Yes,Yes,No,Yes,No,No,Month-to-month,Yes,Electronic check,42.69,330.1,Yes
3741-TYQFU,Female,1,Yes,No,20,Yes,Yes,Fiber optic,No,Yes,Yes,No,Yes,No,Two year,Yes,Bank transfer (automatic),73.95,1491.74,No
1887-TKBPX,Female,0,No,No,67,Yes,No,DSL,No,No,No,Yes,No,No,Month-to-month,No,Credit card (automatic),60.3,4039.8,No
4755-SNSNT,Female,0,Yes,No,55,Yes,No,DSL,No,Yes,Yes,No,No,Yes,Two year,Yes,Electronic check,58.63,3219.69,No
1122-PKQCL,Male,0,No,No,58,Yes,No,No,No internet service,No internet service,No internet service,No internet service,No internet service,No internet service,One year,No,Mailed check,27.32,1591.27,No
2623-AZWFE,Female,0,No,No,52,Yes,No,DSL,No,No,Yes,Yes,No,No,One year,No,Credit card (automatic),65.87,3439.71,No
2388-UFKDC,Male,1,Yes,No,3,No,No phone service,No,No internet service,No internet service,No internet service,No internet service,No internet service,No internet service,Two year,Yes,Mailed check,27.27,64.05,No
4857-JSZTY,Male,0,No,Yes,0,Yes,Yes,No,No internet service,No internet service,No internet service,No internet service,No internet service,No internet service,Two year,No,Bank transfer (automatic),29.72,0.0,No
5490-JPFIW,Female,1,No,Yes,16,Yes,Yes,Fiber optic,Yes,No,No,No,No,No,Two year,Yes,Credit card (automatic),112.67,1822.12,No
1436-PIWUX,Male,0,Yes,No,3,Yes,Yes,DSL,Yes,No,No,No,Yes,Yes,Two year,Yes,Bank transfer (automatic),45.53,127.29,No
5697-AFIJT,Female,0,No,No,69,Yes,Yes,DSL,Yes,No,Yes,Yes,No,No,Month-to-month,No,Credit card (automatic),43.07,2954.02,No
6181-JLICV,Female,0,Yes,No,7,Yes,Yes,No,No internet service,No internet service,No internet service,No internet service,No internet service,No internet service,Month-to-month,Yes,Bank transfer (automatic),20.95,139.79,Yes
2067-QMLAH,Male,0,No,No,1,Yes,No,No,No internet service,No internet service,No internet service,No internet service,No internet service,No internet service,Two year,Yes,Credit card (automatic),19.65,6.89,No
8958-AXAEC,Male,0,Yes,Yes,63,Yes,Yes,No,No internet service,No internet service,No internet service,No internet service,No internet service,No internet service,Two year,No,Electronic check,24.77,1558.59,No
5492-YAUGA,Female,0,Yes,No,53,Yes,Yes,No,No internet service,No internet service,No internet service,No internet service,No internet service,No internet service,Month-to-month,Yes,Bank transfer (automatic),25.93,1389.55,No
8927-POHAZ,Female,0,No,Yes,52,Yes,No,DSL,No,No,Yes,No,Yes,No,Month-to-month,Yes,Mailed check,69.75,3642.83,No
4102-IMSJT,Male,0,No,No,61,Yes,No,Fiber optic,No,No,No,No,Yes,No,Month-to-month,No,Bank transfer (automatic),74.68,4547.95,No
7176-BSPYW,Male,1,Yes,Yes,7,Yes,No,No,No internet service,No internet service,No internet service,No internet service,No internet service,No internet service,Month-to-month,Yes,Electronic check,26.37,183.62,Yes
7086-XSFFX,Male,0,No,No,60,Yes,Yes,DSL,Yes,No,Yes,Yes,Yes,No,Two year,Yes,Electronic check,54.43,3267.44,No
3953-SNHVC,Male,1,Yes,Yes,3,Yes,No,Fiber optic,No,No,No,No,Yes,Yes,Month-to-month,Yes,Electronic check,100.94,292.91,Yes
3166-AYCZE,Female,0,Yes,No,64,Yes,No,DSL,Yes,Yes,Yes,No,Yes,No,Month-to-month,Yes,Electronic check,49.65,3164.31,No
9401-ZTCGM,Female,0,No,No,54,Yes,Yes,DSL,No,No,No,No,Yes,Yes,Two year,Yes,Electronic check,66.94,3613.76,No
2738-OAFOB,Female,1,Yes,Yes,13,Yes,No,DSL,Yes,No,Yes,No,No,Yes,Month-to-month,Yes,Bank transfer (automatic),61.02,789.47,Yes
8401-AOLNO,Female,0,Yes,Yes,4,Yes,Yes,DSL,No,Yes,No,No,Yes,Yes,One year,Yes,Bank transfer (automatic),45.74,198.91,No
4790-QXSVC,Male,1,No,Yes,55,Yes,No,Fiber optic,Yes,No,No,No,No,No,Month-to-month,Yes,Mailed check,86.93,4795.02,Yes
5493-PUNBX,Male,0,Yes,No,68,Yes,No,Fiber optic,No,No,No,No,Yes,No,One year,No,Electronic check,113.04,7693.27,No
8047-AMHTZ,Female,0,No,No,21,Yes,Yes,DSL,No,No,No,No,Yes,No,Month-to-month,Yes,Credit card (automatic),59.25,1235.6,Yes
9896-YYTJA,Female,0,Yes,No,55,Yes,Yes,No,No internet service,No internet service,No internet service,No internet service,No internet service,No internet service,Month-to-month,Yes,Credit card (automatic),27.91,1529.93,No
6439-VTWVJ,Female,0,No,Yes,4,Yes,Yes,No,No internet service,No internet service,No internet service,No internet service,No internet service,No internet service,Month-to-month,Yes,Credit card (automatic),21.38,72.62,No
5769-HOJBG,Female,0,Yes,No,2,Yes,No,DSL,Yes,No,No,No,No,No,Two year,No,Credit card (automatic),64.74,120.28,No
1405-VUINC,Female,0,Yes,No,23,Yes,Yes,DSL,Yes,Yes,No,Yes,Yes,No,One year,No,Credit card (automatic),52.97,1237.66,No
7703-SJAGM,Female,0,No,No,52,Yes,Yes,DSL,Yes,Yes,No,No,No,No,Month-to-month,No,Bank transfer (automatic),62.42,3247.88,No
4595-WVZRS,Female,1,No,No,70,Yes,Yes,Fiber optic,No,No,No,No,No,No,Two year,Yes,Mailed check,96.4,6760.71,No
2683-AJAUI,Female,0,No,Yes,3,Yes,Yes,Fiber optic,Yes,No,No,No,Yes,Yes,Month-to-month,No,Electronic check,81.74,236.19,Yes
9459-XDFQI,Female,0,Yes,No,7,Yes,No,Fiber optic,No,No,Yes,No,No,No,Two year,No,Electronic check,109.24,761.12,No
6514-SWNZR,Male,0,No,No,10,Yes,No,DSL,No,No,No,No,No,No,Month-to-month,No,Credit card (automatic),58.88,592.73,No
1544-BZKMH,Female,0,Yes,No,8,No,No phone service,Fiber optic,No,No,No,Yes,No,Yes,Month-to-month,Yes,Mailed check,78.23,607.86,No
9155-PSBHV,Male,1,No,Yes,8,Yes,Yes,No,No internet service,No internet service,No internet service,No internet service,No internet service,No internet service,Month-to-month,Yes,Credit card (automatic),22.2,193.55,Yes
9106-KIQVD,Male,0,No,No,59,Yes,No,Fiber optic,No,No,No,Yes,No,Yes,One year,No,Electronic check,76.03,4499.62,No
9084-GRLRG,Female,0,Yes,No,57,Yes,No,Fiber optic,Yes,No,No,No,Yes,Yes,Month-to-month,Yes,Electronic check,89.78,5136.71,No
1583-XYVPI,Female,0,No,No,58,Yes,Yes,DSL,No,No,No,No,Yes,Yes,Month-to-month,Yes,Electronic check,68.23,3952.77,No
3892-GKAHY,Male,0,Yes,No,65,Yes,No,DSL,No,No,No,Yes,No,Yes,Month-to-month,No,Mailed check,54.38,3519.62,Yes
7628-PECFK,Male,1,No,No,3,Yes,Yes,Fiber optic,No,No,Yes,No,Yes,No,Two year,Yes,Mailed check,73.69,228.28,No
4592-LEGMN,Female,0,No,No,5,Yes,Yes,Fiber optic,No,Yes,No,No,No,No,Two year,No,Bank transfer (automatic),99.6,483.26,Yes
8885-YAOCK,Male,1,Yes,Yes,6,Yes,No,Fiber optic,No,No,No,No,No,No,One year,No,Bank transfer (automatic),100.29,594.14,No
3442-YEQVY,Female,0,No,No,20,Yes,No,DSL,No,Yes,No,No,Yes,No,One year,Yes,Mailed check,55.22,1093.01,No
8090-JUSUZ,Female,1,Yes,Yes,7,Yes,No,Fiber optic,No,No,No,No,Yes,Yes,One year,Yes,Credit card (automatic),106.06,747.88,No
1730-MUQTA,Female,0,No,Yes,56,Yes,No,DSL,Yes,No,No,No,No,No,Month-to-month,Yes,Mailed check,40.24,2259.33,No
6729-GBHAC,Male,1,Yes,No,24,Yes,No,Fiber optic,Yes,No,No,No,No,Yes,Two year,No,Bank transfer (automatic),83.49,1997.02,No
3823-TCPDG,Male,1,No,No,18,Yes,Yes,No,No internet service,No internet service,No internet service,No internet service,No internet service,No internet service,Month-to-month,Yes,Bank transfer (automatic),25.87,475.4,No
7795-IXYQZ,Female,1,Yes,No,12,Yes,Yes,Fiber optic,No,No,No,No,No,No,One year,No,Credit card (automatic),107.59,1302.38,No
4334-AZUIK,Male,0,Yes,Yes,1,Yes,No,DSL,Yes,No,Yes,Yes,No,No,One year,No,Bank transfer (automatic),56.18,63.66,No
7389-GSPYB,Male,0,No,No,65,Yes,No,No,No internet service,No internet service,No internet service,No internet service,No internet service,No internet service,One year,Yes,Mailed check,25.4,1633.32,No
6401-GCYKI,Male,0,Yes,Yes,0,Yes,No,Fiber optic,No,Yes,No,Yes,Yes,Yes,Two year,No,Bank transfer (automatic),89.14,0.0,No
5516-UNHXF,Male,0,Yes,No,68,No,No phone service,No,No internet service,No internet service,No internet service,No internet service,No internet service,No internet service,Month-to-month,Yes,Credit card (automatic),24.91,1689.05,Yes
7252-DIRBX,Male,0,No,No,62,Yes,Yes,Fiber optic,Yes,No,No,No,Yes,No,One year,Yes,Credit card (automatic),90.67,5618.99,No
7928-MTBHZ,Male,0,No,No,59,Yes,Yes,Fiber optic,No,No,No,No,No,No,One year,Yes,Electronic check,91.87,5413.43,No
3429-PKEUE,Male,0,No,No,67,Yes,Yes,Fiber optic,No,No,Yes,Yes,Yes,No,Month-to-month,Yes,Electronic check,87.27,5849.32,Yes
4956-UAOFN,Female,0,Yes,No,68,Yes,Yes,DSL,No,Yes,Yes,No,Yes,Yes,Month-to-month,No,Bank transfer (automatic),62.52,4243.42,No
3219-KHHZH,Male,0,No,No,65,Yes,No,Fiber optic,No,Yes,No,No,No,No,Two year,Yes,Credit card (automatic),91.62,5952.01,No
4055-ZDECI,Male,0,Yes,Yes,22,No,No phone service,Fiber optic,No,Yes,No,No,Yes,No,Month-to-month,No,Bank transfer (automatic),114.58,2501.56,Yes
5318-TUTWN,Male,0,No,No,5,Yes,No,Fiber optic,No,No,Yes,No,Yes,No,Month-to-month,No,Mailed check,98.38,486.08,Yes
5383-WCOIQ,Male,0,No,No,60,Yes,No,Fiber optic,Yes,No,No,No,No,Yes,Month-to-month,No,Bank transfer (automatic),108.51,6518.36,No
4170-HCWNE,Male,0,No,No,5,Yes,No,Fiber optic,No,No,No,No,Yes,Yes,One year,No,Mailed check,91.98,460.02,Yes
9207-DFBRY,Male,0,Yes,No,22,Yes,No,DSL,No,No,No,Yes,Yes,No,Two year,Yes,Electronic check,47.56,1055.23,No
1607-PUIXW,Male,1,No,No,64,Yes,No,DSL,No,Yes,Yes,No,No,No,Month-to-month,Yes,Electronic check,50.02,3205.65,No
8265-JWPOL,Male,1,No,No,5,Yes,Yes,DSL,No,Yes,No,Yes,Yes,Yes,Month-to-month,Yes,Electronic check,62.33,330.91,No
1003-OXCNN,Female,1,No,Yes,54,No,No phone service,No,No internet service,No internet service,No internet service,No internet service,No internet service,No internet service,Month-to-month,Yes,Bank transfer (automatic),24.94,1337.55,No
7760-BHCEO,Male,1,Yes,No,59,Yes,No,DSL,Yes,Yes,Yes,Yes,Yes,No,Month-to-month,No,Credit card (automatic),41.89,2455.77,No
7065-ZNWOP,Male,0,No,No,62,Yes,No,DSL,No,No,Yes,No,Yes,No,Two year,Yes,Electronic check,41.49,2557.75,No
3056-YPFKM,Male,0,No,No,5,Yes,No,DSL,Yes,No,Yes,No,No,No,Month-to-month,Yes,Mailed check,46.07,221.09,No
8743-EIXAZ,Male,0,Yes,Yes,3,Yes,No,Fiber optic,No,No,Yes,No,No,No,Month-to-month,Yes,Mailed check,95.1,288.31,Yes
5813-MMAGO,Female,0,Yes,Yes,53,Yes,No,Fiber optic,No,Yes,Yes,Yes,No,Yes,One year,Yes,Credit card (automatic),114.48,6078.38,No
9341-YAQQN,Female,0,Yes,No,57,Yes,No,DSL,Yes,Yes,Yes,No,Yes,Yes,Month-to-month,Yes,Credit card (automatic),57.4,3253.32,Yes
8528-XUQTU,Female,0,Yes,No,62,Yes,No,Fiber optic,No,No,No,No,No,No,One year,No,Mailed check,101.48,6310.38,No
7441-TFBSK,Female,0,Yes,No,7,Yes,No,Fiber optic,No,Yes,No,No,Yes,No,Two year,No,Bank transfer (automatic),91.71,636.1,No
9937-JYZGC,Female,0,Yes,No,51,Yes,No,No,No internet service,No internet service,No internet service,No internet service,No internet service,No internet service,Month-to-month,Yes,Bank transfer (automatic),29.74,1529.7,No
9899-WAMTX,Female,0,No,No,51,Yes,No,DSL,Yes,Yes,Yes,No,No,No,Month-to-month,Yes,Bank transfer (automatic),42.2,2159.04,No
3078-IGIYU,Female,0,No,No,10,Yes,No,Fiber optic,No,Yes,Yes,Yes,No,Yes,Month-to-month,Yes,Credit card (automatic),93.17,935.37,Yes
9959-QSKRX,Female,0,Yes,Yes,3,Yes,No,DSL,No,No,No,No,No,Yes,Month-to-month,Yes,Bank transfer (automatic),57.36,155.52,Yes
4877-LKGXN,Female,0,No,No,4,Yes,No,Fiber optic,No,No,No,No,No,No,Month-to-month,No,Electronic check,77.35,325.21,Yes
9739-SNGXE,Female,0,No,No,8,Yes,Yes,Fiber optic,No,Yes,No,Yes,Yes,Yes,Two year,No,Bank transfer (automatic),86.62,688.06,Yes
1598-VLCPF,Female,0,Yes,No,59,Yes,No,Fiber optic,Yes,No,Yes,No,No,No,Two year,Yes,Electronic check,108.56,6420.73,No
5944-XOYME,Female,1,Yes,No,55,Yes,Yes,DSL,No,Yes,Yes,No,Yes,No,Month-to-month,No,Electronic check,51.7,2831.13,No
6215-FKTWJ,Female,0,No,No,55,Yes,No,Fiber optic,No,Yes,No,Yes,No,No,Two year,No,Bank transfer (automatic),106.95,5900.93,No
6858-BYQYD,Female,0,No,No,8,Yes,No,DSL,Yes,No,No,No,Yes,No,Month-to-month,No,Electronic check,50.56,409.38,Yes
8282-AZVFZ,Female,0,No,No,55,Yes,Yes,No,No internet service,No internet service,No internet service,No internet service,No internet service,No internet service,One year,No,Bank transfer (automatic),18.64,1038.66,No
4627-LJTCM,Female,0,No,No,68,Yes,No,Fiber optic,No,Yes,No,No,No,Yes,Month-to-month,Yes,Credit card (automatic),114.55,7789.52,No
5572-MBVWE,Male,0,Yes,No,58,No,No phone service,Fiber optic,No,Yes,No,Yes,No,No,Month-to-month,No,Electronic check,103.59,6012.09,No
5546-QMWBY,Female,0,No,Yes,57,Yes,No,Fiber optic,No,No,No,No,No,No,One year,Yes,Electronic check,94.04,5353.06,No
8760-EFYBK,Male,0,Yes,Yes,11,Yes,No,DSL,No,Yes,Yes,Yes,No,Yes,Month-to-month,No,Electronic check,48.56,543.85,No
4055-CMULT,Female,1,Yes,No,1,Yes,No,No,No internet service,No internet service,No internet service,No internet service,No internet service,No internet service,One year,Yes,Credit card (automatic),22.61,38.72,No
6480-XBZCG,Female,1,Yes,No,12,Yes,No,No,No internet service,No internet service,No internet service,No internet service,No internet service,No internet service,Month-to-month,No,Electronic check,22.13,274.24,Yes
3071-MMOOZ,Male,0,Yes,Yes,67,Yes,No,Fiber optic,No,Yes,No,Yes,No,Yes,Month-to-month,No,Credit card (automatic),88.53,5930.34,Yes
7635-XKAQQ,Female,0,No,Yes,71,Yes,No,Fiber optic,Yes,No,No,No,No,No,One year,No,Credit card (automatic),80.57,5733.89,No
4683-LQSUS,Male,0,No,No,59,Yes,Yes,Fiber optic,No,No,No,Yes,No,No,Two year,Yes,Electronic check,88.01,5192.56,No
5075-RUQSR,Male,0,No,No,50,Yes,No,No,No internet service,No internet service,No internet service,No internet service,No internet service,No internet service,Month-to-month,No,Mailed check,20.78,1036.58,No
4904-NAGQJ,Male,0,Yes,No,53,Yes,Yes,DSL,Yes,No,No,No,No,Yes,Month-to-month,No,Bank transfer (automatic),58.82,3124.05,Yes
1899-RPWQF,Female,0,No,Yes,0,Yes,No,Fiber optic,Yes,Yes,No,No,No,Yes,One year,Yes,Electronic check,90.17,0.0,No
6117-UHMJL,Female,0,No,Yes,63,Yes,No,No,No internet service,No internet service,No internet service,No internet service,No internet service,No internet service,One year,No,Mailed check,26.77,1685.53,No
6438-CCRCA,Female,1,Yes,No,1,Yes,No,Fiber optic,Yes,Yes,Yes,No,Yes,No,One year,No,Mailed check,101.53,83.15,No
4280-SQJOM,Male,0,No,No,10,Yes,Yes,Fiber optic,No,No,No,No,No,No,One year,Yes,Mailed check,94.77,967.08,No
4589-HLJYJ,Male,0,No,No,8,Yes,No,Fiber optic,No,No,No,Yes,No,No,Two year,Yes,Mailed check,110.65,903.66,No
5067-QOJGH,Female,0,Yes,No,60,Yes,No,No,No internet service,No internet service,No internet service,No internet service,No internet service,No internet service,Month-to-month,Yes,Bank transfer (automatic),21.38,1302.23,No
5175-KBGZK,Female,1,No,No,14,Yes,Yes,Fiber optic,No,No,No,No,No,Yes,One year,Yes,Electronic check,79.99,1135.0,No
6275-SLRPM,Female,0,No,No,0,Yes,No,Fiber optic,No,Yes,No,Yes,Yes,No,One year,No,Credit card (automatic),73.06,16.04,Yes
7792-KPGZF,Female,0,No,Yes,0,Yes,No,Fiber optic,No,No,No,No,No,No,One year,Yes,Electronic check,87.41,0.0,No
5401-BGWNN,Female,0,No,No,61,Yes,No,DSL,Yes,Yes,No,No,Yes,Yes,Month-to-month,Yes,Credit card (automatic),68.97,4195.67,No
9969-EZEHC,Male,0,Yes,Yes,8,Yes,No,Fiber optic,No,Yes,Yes,Yes,No,No,One year,No,Bank transfer (automatic),91.72,740.46,No
5103-PNJCN,Male,1,No,No,9,Yes,No,No,No internet service,No internet service,No internet service,No internet service,No internet service,No internet service,One year,No,Bank transfer (automatic),21.45,181.15,No
3660-AMPWC,Male,0,No,Yes,26,Yes,No,No,No internet service,No internet service,No internet service,No internet service,No internet service,No internet service,One year,No,Credit card (automatic),20.37,511.59,No
1298-WHHTH,Female,0,Yes,Yes,51,Yes,No,DSL,No,Yes,No,No,No,No,Month-to-month,Yes,Credit card (automatic),61.08,3111.41,No
3881-GDJVF,Male,0,Yes,No,61,No,No phone service,No,No internet service,No internet service,No internet service,No internet service,No internet service,No internet service,Month-to-month,Yes,Electronic check,29.76,1832.49,No
7624-GVRUD,Male,0,No,No,67,Yes,No,Fiber optic,Yes,No,Yes,No,No,Yes,Two year,Yes,Bank transfer (automatic),76.05,5115.18,No
8752-IEJZT,Male,0,Yes,No,2,Yes,No,DSL,No,No,No,No,Yes,No,Two year,Yes,Mailed check,54.1,107.72,No
9029-RRHFC,Male,0,No,No,10,Yes,No,No,No internet service,No internet service,No internet service,No internet service,No internet service,No internet service,One year,No,Mailed check,26.97,274.12,No
4186-USCFL,Male,0,No,No,57,Yes,No,DSL,Yes,Yes,No,No,Yes,Yes,One year,Yes,Electronic check,68.61,3904.64,No
1374-UVUEC,Female,0,Yes,Yes,68,No,No phone service,No,No internet service,No internet service,No internet service,No internet service,No internet service,No internet service,Month-to-month,Yes,Mailed check,26.01,1759.96,No
5492-QYZJM,Male,0,Yes,No,6,Yes,No,DSL,No,Yes,No,No,No,Yes,Month-to-month,Yes,Electronic check,68.05,425.48,No
3832-NIQPX,Female,1,Yes,No,3,Yes,Yes,Fiber optic,No,No,No,No,No,No,Month-to-month,Yes,Electronic check,101.74,313.99,No
1456-JZBDN,Female,0,No,Yes,1,Yes,No,DSL,No,No,No,Yes,Yes,Yes,Two year,No,Electronic check,46.84,35.69,Yes
6486-XJDWF,Female,0,No,No,68,Yes,No,DSL,No,No,No,No,No,No,Month-to-month,Yes,Mailed check,56.94,3861.82,No
1723-NIMRH,Female,0,No,Yes,4,Yes,Yes,DSL,Yes,No,No,No,Yes,Yes,Two year,No,Credit card (automatic),56.4,234.35,No
9393-CWHGE,Female,0,Yes,No,4,Yes,No,Fiber optic,No,Yes,No,Yes,No,No,Two year,Yes,Credit card (automatic),77.62,306.4,No
2254-QUKEB,Male,0,No,No,68,Yes,No,Fiber optic,Yes,No,Yes,No,Yes,Yes,Two year,Yes,Electronic check,80.35,5463.6,No
4887-XLZRX,Male,0,No,No,9,Yes,No,DSL,No,No,No,No,No,Yes,One year,Yes,Bank transfer (automatic),44.66,414.32,No
2952-CYSXF,Female,0,Yes,Yes,64,Yes,Yes,DSL,No,No,Yes,No,Yes,No,One year,No,Bank transfer (automatic),54.59,3501.27,No
3235-WEZDD,Female,0,No,No,1,Yes,No,Fiber optic,No,Yes,Yes,No,Yes,Yes,One year,Yes,Bank transfer (automatic),88.34,106.18,No
9215-ETXTB,Female,0,Yes,No,0,Yes,No,No,No internet service,No internet service,No internet service,No internet service,No internet service,No internet service,Month-to-month,Yes,Bank transfer (automatic),24.47,13.19,No
5760-SSGJK,Male,0,No,Yes,54,Yes,No,No,No internet service,No internet service,No internet service,No internet service,No internet service,No internet service,Month-to-month,No,Electronic check,24.89,1334.66,No
1354-GSYCK,Female,0,Yes,No,54,Yes,No,Fiber optic,No,No,No,No,No,Yes,Month-to-month,Yes,Bank transfer (automatic),106.64,5760.69,No
9007-QFFYP,Male,0,Yes,Yes,7,Yes,No,Fiber optic,Yes,Yes,No,No,No,No,Month-to-month,Yes,Electronic check,75.34,517.96,Yes
4192-EFRCU,Female,0,No,Yes,50,Yes,No,No,No internet service,No internet service,No internet service,No internet service,No internet service,No internet service,Two year,No,Bank transfer (automatic),25.84,1284.52,No
6455-KNRRC,Male,0,No,Yes,12,Yes,No,No,No internet service,No internet service,No internet service,No internet service,No internet service,No internet service,Month-to-month,No,Bank transfer (automatic),23.86,296.12,Yes
8683-PTAHV,Female,1,Yes,No,16,Yes,Yes,DSL,No,No,Yes,No,No,No,One year,Yes,Electronic check,61.91,985.96,No
8084-CXVIM,Male,0,No,Yes,1,No,No phone service,Fiber optic,No,No,Yes,Yes,Yes,Yes,Month-to-month,Yes,Mailed check,102.6,101.76,Yes
7594-BJYWK,Female,0,No,No,70,Yes,No,No,No internet service,No internet service,No internet service,No internet service,No internet service,No internet service,Two year,Yes,Electronic check,20.37,1432.73,No
9869-KHARD,Male,0,Yes,Yes,66,Yes,No,No,No internet service,No internet service,No internet service,No internet service,No internet service,No internet service,Month-to-month,No,Credit card (automatic),20.37,1340.96,No
7459-JGUFJ,Male,0,No,Yes,7,Yes,Yes,Fiber optic,No,Yes,No,Yes,No,No,Month-to-month,No,Credit card (automatic),113.96,795.11,Yes
9536-VHTQK,Male,0,No,Yes,56,Yes,Yes,Fiber optic,No,Yes,No,Yes,Yes,Yes,Month-to-month,Yes,Mailed check,74.29,4154.11,No
3404-LVTTI,Male,0,No,No,2,Yes,No,Fiber optic,No,No,Yes,Yes,Yes,No,Two year,Yes,Mailed check,74.82,147.79,No
6310-YGZVP,Male,0,Yes,Yes,57,Yes,Yes,No,No internet service,No internet service,No internet service,No internet service,No internet service,No internet service,Month-to-month,Yes,Electronic check,28.21,1619.52,Yes
3107-ONHNB,Male,0,No,Yes,4,Yes,No,DSL,Yes,No,No,Yes,No,No,Two year,No,Mailed check,66.09,268.15,No
6615-MCBYZ,Male,0,No,No,54,Yes,No,Fiber optic,No,No,Yes,No,Yes,No,One year,Yes,Electronic check,103.86,5591.11,No
3406-GEZBV,Female,0,No,No,52,No,No phone service,Fiber optic,No,No,No,No,No,Yes,Month-to-month,No,Bank transfer (automatic),99.75,5171.03,Yes
1076-UGFBO,Female,0,Yes,Yes,71,Yes,No,No,No internet service,No internet service,No internet service,No internet service,No internet service,No internet service,Month-to-month,Yes,Credit card (automatic),25.49,1790.31,No
7719-DOCGM,Female,0,No,No,58,No,No phone service,Fiber optic,Yes,No,No,Yes,Yes,Yes,Two year,No,Credit card (automatic),96.96,5611.8,No
2245-CPSRH,Female,0,Yes,Yes,71,Yes,Yes,Fiber optic,Yes,No,Yes,Yes,Yes,Yes,Month-to-month,Yes,Mailed check,73.27,5191.11,No
1898-EJJOB,Female,0,No,No,1,Yes,Yes,DSL,Yes,Yes,No,Yes,No,No,Two year,No,Bank transfer (automatic),47.1,29.98,No
6635-UJKWK,Male,0,No,No,0,Yes,Yes,No,No internet service,No internet service,No internet service,No internet service,No internet service,No internet service,Month-to-month,No,Credit card (automatic),19.49,7.59,No
7137-XALJI,Male,0,Yes,Yes,6,Yes,Yes,No,No internet service,No internet service,No internet service,No internet service,No internet service,No internet service,One year,Yes,Electronic check,20.64,131.82,No
7527-QLSPR,Male,0,Yes,Yes,3,Yes,No,No,No internet service,No internet service,No internet service,No internet service,No internet service,No internet service,One year,No,Electronic check,26.25,79.91,No
4679-DGADL,Male,0,No,No,56,Yes,No,DSL,No,No,No,No,No,Yes,One year,Yes,Electronic check,60.84,3412.86,No
9703-FKCAS,Male,0,No,No,9,Yes,Yes,Fiber optic,Yes,No,No,No,Yes,No,Month-to-month,No,Bank transfer (automatic),102.81,940.94,Yes
2728-FPDAY,Female,0,Yes,Yes,11,Yes,No,DSL,Yes,Yes,No,No,No,Yes,Two year,Yes,Credit card (automatic),46.0,495.32,No
7672-BAEAS,Female,1,No,Yes,8,Yes,No,Fiber optic,No,Yes,No,No,No,Yes,Two year,Yes,Mailed check,85.5,682.13,No
4965-WHORK,Female,1,No,No,69,Yes,No,DSL,No,No,No,No,No,No,Month-to-month,No,Mailed check,65.65,4526.25,No
1115-DDYRE,Female,0,No,No,61,Yes,No,Fiber optic,No,No,No,No,No,No,One year,Yes,Electronic check,103.17,6306.26,No
6765-GXKJJ,Male,0,No,Yes,7,Yes,Yes,DSL,No,No,Yes,No,No,No,One year,Yes,Mailed check,66.77,459.68,No
4709-ZKIBT,Male,0,Yes,Yes,19,Yes,Yes,Fiber optic,No,No,No,No,Yes,No,Two year,No,Electronic check,88.74,1681.02,No
4923-UJISL,Male,0,No,Yes,1,No,No phone service,DSL,Yes,Yes,No,No,Yes,Yes,Two year,Yes,Electronic check,69.6,57.27,No
3561-DTSOH,Female,0,Yes,Yes,2,Yes,No,Fiber optic,Yes,No,No,Yes,Yes,No,Month-to-month,No,Electronic check,97.48,176.22,No
1921-FJGPZ,Male,0,Yes,No,52,Yes,No,Fiber optic,Yes,No,No,Yes,No,No,Month-to-month,Yes,Electronic check,83.62,4363.89,Yes
1739-LPRRI,Female,0,Yes,Yes,0,Yes,No,Fiber optic,Yes,Yes,No,No,Yes,No,Two year,Yes,Credit card (automatic),77.34,12.27,No
8545-NHOVR,Male,0,No,No,52,Yes,No,DSL,No,Yes,Yes,No,No,No,Month-to-month,Yes,Electronic check,48.28,2522.47,No
8473-PDVFQ,Male,0,No,No,5,Yes,Yes,DSL,No,No,Yes,No,Yes,No,Two year,Yes,Mailed check,50.03,240.63,No
3539-VXENJ,Female,0,Yes,No,2,Yes,No,Fiber optic,No,Yes,Yes,Yes,No,No,One year,No,Bank transfer (automatic),103.62,192.67,No
2490-HURTX,Male,0,No,No,65,Yes,Yes,No,No internet service,No internet service,No internet service,No internet service,No internet service,No internet service,Month-to-month,No,Electronic check,24.83,1617.98,No
5575-LOLMG,Male,0,No,No,60,Yes,No,Fiber optic,Yes,No,No,No,No,No,Month-to-month,Yes,Mailed check,110.36,6620.51,No
5475-WQJQN,Female,0,No,No,24,Yes,Yes,No,No internet service,No internet service,No internet service,No internet service,No internet service,No internet service,Month-to-month,No,Electronic check,27.63,652.93,Yes
9312-TEZUG,Male,0,No,No,57,Yes,Yes,No,No internet service,No internet service,No internet service,No internet service,No internet service,No internet service,Two year,Yes,Credit card (automatic),19.99,1150.47,No
1668-VSYUR,Female,0,Yes,No,40,Yes,Yes,Fiber optic,Yes,No,Yes,No,No,No,Month-to-month,No,Electronic check,81.76,3256.28,No
6294-BAXFV,Male,0,Yes,No,21,Yes,No,Fiber optic,No,No,No,No,No,No,Month-to-month,No,Bank transfer (automatic),89.87,1900.16,No
7099-YLITJ,Male,0,No,Yes,7,Yes,No,Fiber optic,Yes,No,No,No,Yes,No,Two year,Yes,Credit card (automatic),79.91,576.87,No
8680-TMFJL,Male,0,No,No,19,Yes,Yes,No,No internet service,No internet service,No internet service,No internet service,No internet service,No internet service,Month-to-month,No,Bank transfer (automatic),19.59,381.92,No
8043-QPGRJ,Male,0,Yes,No,64,Yes,Yes,Fiber optic,No,Yes,Yes,Yes,No,Yes,One year,No,Electronic check,100.07,6411.37,No
3429-EVISW,Male,1,No,Yes,23,Yes,Yes,Fiber optic,No,Yes,No,No,Yes,No,Month-to-month,No,Mailed check,80.59,1847.6,Yes
3746-FVTJQ,Male,0,No,No,25,Yes,Yes,DSL,No,Yes,Yes,No,No,Yes,Month-to-month,Yes,Electronic check,48.84,1207.76,No
6269-EHBEM,Male,0,No,No,3,Yes,Yes,Fiber optic,No,No,No,No,Yes,No,Month-to-month,Yes,Electronic check,73.25,208.61,No
7689-ABRAE,Male,0,Yes,No,25,Yes,No,Fiber optic,Yes,Yes,No,No,No,Yes,Month-to-month,No,Mailed check,77.44,1929.95,No
8203-KSXGD,Female,0,No,No,51,Yes,No,DSL,No,No,Yes,Yes,Yes,No,Month-to-month,No,Electronic check,55.0,2803.28,No
6504-HMPWS,Female,0,No,Yes,71,Yes,No,DSL,No,No,No,No,No,Yes,Month-to-month,Yes,Electronic check,44.9,3204.26,Yes
2472-QJQHN,Male,0,Yes,Yes,1,Yes,Yes,Fiber optic,No,No,Yes,No,No,No,One year,Yes,Credit card (automatic),81.47,78.81,No
5445-DERWW,Male,0,Yes,No,50,Yes,No,DSL,No,No,No,Yes,Yes,No,One year,Yes,Mailed check,40.98,2065.37,No
4786-OTWBL,Female,0,Yes,No,1,Yes,Yes,Fiber optic,Yes,Yes,No,Yes,No,Yes,Month-to-month,No,Credit card (automatic),72.79,62.44,Yes
5747-NTAWN,Male,0,No,No,66,Yes,Yes,Fiber optic,No,No,Yes,No,Yes,No,Month-to-month,Yes,Electronic check,95.01,6283.2,No
5152-NQXFU,Male,0,Yes,Yes,68,Yes,Yes,DSL,Yes,No,No,No,Yes,No,Month-to-month,Yes,Bank transfer (automatic),48.33,3291.92,No
4184-LXGLM,Female,0,Yes,No,9,Yes,No,DSL,Yes,No,No,No,No,No,Month-to-month,No,Bank transfer (automatic),61.87,544.7,Yes
1566-FVINK,Male,0,Yes,Yes,15,Yes,No,No,No internet service,No internet service,No internet service,No internet service,No internet service,No internet service,Month-to-month,Yes,Bank transfer (automatic),19.93,284.04,Yes
7638-MPEQV,Male,0,Yes,No,7,Yes,No,DSL,No,No,No,Yes,Yes,No,Two year,Yes,Bank transfer (automatic),44.78,293.62,No
4341-HCBYP,Female,0,Yes,No,62,Yes,Yes,DSL,No,Yes,No,No,No,Yes,Month-to-month,No,Electronic check,68.77,4257.3,No
6531-VVLXJ,Male,0,No,Yes,69,Yes,No,DSL,No,Yes,No,Yes,Yes,No,Month-to-month,Yes,Mailed check,46.78,3217.81,No
6373-EHKIF,Male,0,No,No,60,Yes,No,DSL,No,Yes,No,Yes,Yes,No,One year,Yes,Credit card (automatic),48.75,2942.8,No
5955-ESAWD,Female,0,No,No,57,Yes,Yes,Fiber optic,No,No,No,No,Yes,Yes,One year,No,Bank transfer (automatic),88.89,5076.47,No
2467-RPCBQ,Male,0,Yes,No,69,Yes,Yes,Fiber optic,No,No,No,No,Yes,No,Two year,Yes,Mailed check,103.71,7139.41,No
3831-VWVSJ,Female,0,Yes,No,7,Yes,No,Fiber optic,No,No,No,Yes,Yes,No,Month-to-month,Yes,Electronic check,114.2,808.26,No
4383-YXMAQ,Male,0,Yes,Yes,54,Yes,No,Fiber optic,No,No,No,No,No,No,Month-to-month,Yes,Bank transfer (automatic),83.87,4519.5,Yes
3649-ZSEEP,Male,0,Yes,Yes,58,Yes,No,Fiber optic,Yes,No,No,No,Yes,Yes,Month-to-month,No,Credit card (automatic),98.7,5736.4,Yes
8596-GMIHF,Female,0,Yes,No,31,Yes,No,Fiber optic,No,No,No,No,Yes,Yes,Month-to-month,Yes,Electronic check,114.23,3539.35,Yes
4876-RTYFA,Female,0,Yes,No,56,Yes,No,No,No internet service,No internet service,No internet service,No internet service,No internet service,No internet service,Month-to-month,No,Credit card (automatic),29.67,1650.2,No
9811-FXPXH,Male,0,No,No,70,Yes,No,No,No internet service,No internet service,No internet service,No internet service,No internet service,No internet service,Two year,Yes,Electronic check,25.88,1825.19,No
6140-NASGZ,Female,0,Yes,No,3,Yes,No,Fiber optic,No,Yes,No,No,No,Yes,One year,No,Bank transfer (automatic),96.6,308.22,No
8907-VWVKO,Female,0,No,Yes,8,Yes,Yes,DSL,No,No,Yes,Yes,No,No,Month-to-month,Yes,Mailed check,56.26,449.63,No
5331-KUXWH,Male,0,Yes,Yes,53,Yes,No,Fiber optic,Yes,No,Yes,No,No,No,Month-to-month,No,Bank transfer (automatic),100.43,5319.17,No
4871-VLQRD,Male,0,Yes,No,7,Yes,Yes,Fiber optic,No,Yes,No,No,No,Yes,Two year,No,Mailed check,108.83,767.75,No
6555-ELJPJ,Male,0,No,No,11,Yes,Yes,DSL,No,Yes,No,Yes,Yes,No,Month-to-month,Yes,Electronic check,61.24,663.4,Yes
3386-OFOSN,Female,0,Yes,No,0,Yes,Yes,DSL,Yes,Yes,No,No,No,No,Two year,Yes,Credit card (automatic),55.11,17.46,No
2747-JMTIW,Female,0,Yes,No,61,Yes,No,No,No internet service,No internet service,No internet service,No internet service,No internet service,No internet service,One year,Yes,Mailed check,19.39,1188.47,No
6734-CUKRC,Female,1,No,No,3,Yes,Yes,Fiber optic,Yes,No,No,No,No,No,Two year,Yes,Electronic check,103.54,320.08,No
7908-LADXT,Female,0,No,No,2,Yes,No,DSL,Yes,No,No,No,Yes,Yes,Two year,Yes,Mailed check,66.96,145.37,No
5194-LQORT,Male,0,Yes,No,71,Yes,No,Fiber optic,No,No,No,Yes,No,Yes,Month-to-month,Yes,Mailed check,81.84,5822.65,No
3842-PWMEO,Female,0,Yes,Yes,21,Yes,No,DSL,No,No,No,No,No,No,One year,Yes,Electronic check,51.48,1090.97,No
2747-AJRSF,Male,0,No,No,0,Yes,Yes,DSL,Yes,Yes,No,Yes,No,No,Month-to-month,Yes,Bank transfer (automatic),42.0,0.0,Yes
2769-DAMBF,Female,0,No,No,10,Yes,No,Fiber optic,No,No,No,Yes,Yes,Yes,Month-to-month,Yes,Mailed check,83.97,846.18,No
7914-VLFMK,Male,1,Yes,No,71,Yes,No,Fiber optic,No,No,No,Yes,No,Yes,Month-to-month,Yes,Electronic check,88.63,6297.05,No
2449-TWKHN,Male,0,Yes,Yes,6,Yes,Yes,No,No internet service,No internet service,No internet service,No internet service,No internet service,No internet service,Month-to-month,Yes,Electronic check,26.96,178.45,No
4376-JHLYV,Male,0,No,Yes,4,Yes,Yes,Fiber optic,No,No,No,No,No,Yes,Month-to-month,No,Mailed check,88.92,365.45,Yes
8454-LODXV,Female,0,Yes,Yes,60,Yes,No,DSL,Yes,No,Yes,Yes,No,Yes,Month-to-month,Yes,Credit card (automatic),44.99,2701.78,No
5654-LRLID,Male,0,Yes,Yes,5,Yes,Yes,DSL,No,No,Yes,No,Yes,Yes,Month-to-month,No,Mailed check,46.29,248.36,No
6864-LUXRR,Male,0,No,No,64,Yes,Yes,Fiber optic,No,Yes,No,No,Yes,No,Two year,Yes,Credit card (automatic),81.45,5227.28,No
4948-XVQNB,Female,0,Yes,Yes,63,Yes,No,DSL,No,Yes,No,No,Yes,No,One year,No,Bank transfer (automatic),69.89,4394.81,No
4986-RSTMQ,Male,0,No,No,3,Yes,No,No,No internet service,No internet service,No internet service,No internet service,No internet service,No internet service,Month-to-month,No,Bank transfer (automatic),27.63,99.86,No
3126-LCDLP,Female,0,No,Yes,71,Yes,No,DSL,No,No,No,Yes,No,No,Month-to-month,No,Bank transfer (automatic),55.01,3904.27,No
8684-NWCCI,Female,0,No,Yes,8,Yes,Yes,DSL,No,No,Yes,No,No,Yes,Month-to-month,Yes,Bank transfer (automatic),55.59,435.71,No
4393-SOMXL,Male,0,Yes,No,7,Yes,Yes,Fiber optic,Yes,Yes,No,No,No,Yes,One year,No,Mailed check,98.71,677.74,Yes
9304-ZEGAI,Male,0,Yes,No,2,No,No phone service,DSL,Yes,No,No,No,No,Yes,Two year,Yes,Mailed check,69.21,145.81,Yes
6221-FLZQH,Female,0,Yes,Yes,8,Yes,No,Fiber optic,No,No,No,Yes,No,Yes,Month-to-month,Yes,Electronic check,75.17,607.13,Yes
7396-WOUGO,Male,0,Yes,No,17,Yes,No,No,No internet service,No internet service,No internet service,No internet service,No internet service,No internet service,One year,Yes,Mailed check,25.64,439.83,No
7265-YEOKW,Female,0,No,Yes,2,Yes,Yes,Fiber optic,No,Yes,No,Yes,No,No,One year,Yes,Bank transfer (automatic),94.93,202.88,Yes
2614-VWSSM,Female,0,Yes,No,12,Yes,No,No,No internet service,No internet service,No internet service,No internet service,No internet service,No internet service,Month-to-month,Yes,Electronic check,21.19,273.58,No
1396-HDSGR,Female,0,Yes,No,24,Yes,No,Fiber optic,Yes,No,No,No,No,No,Month-to-month,Yes,Electronic check,103.69,2473.85,Yes
5153-VCQZZ,Male,0,Yes,No,12,Yes,Yes,Fiber optic,No,No,No,No,No,No,One year,No,Electronic check,92.58,1124.02,No
1576-ZYAFY,Female,0,Yes,No,0,Yes,No,DSL,No,No,No,No,No,Yes,One year,No,Electronic check,44.06,8.77,No
6598-PXBFP,Male,1,No,No,63,Yes,Yes,Fiber optic,Yes,No,No,Yes,No,No,Month-to-month,Yes,Credit card (automatic),71.14,4480.27,No
8385-UYIZE,Male,0,No,No,65,Yes,No,Fiber optic,No,No,Yes,No,No,No,Month-to-month,Yes,Credit card (automatic),105.25,6835.08,No
8785-DZZBI,Male,0,No,No,64,Yes,No,Fiber optic,No,No,No,No,Yes,Yes,One year,Yes,Electronic check,80.22,5139.01,No
6125-PILBY,Male,0,No,No,58,Yes,No,DSL,Yes,No,No,No,No,No,Month-to-month,Yes,Credit card (automatic),41.98,2443.75,No
2517-AVWND,Female,0,No,Yes,64,Yes,Yes,Fiber optic,No,No,No,No,No,Yes,Two year,No,Mailed check,73.24,4687.21,No
6875-WTCXC,Male,0,Yes,No,5,Yes,Yes,Fiber optic,No,No,No,No,No,Yes,Month-to-month,Yes,Bank transfer (automatic),109.99,540.11,Yes
6176-FRQTM,Female,1,Yes,Yes,5,Yes,Yes,DSL,No,No,Yes,No,No,No,Month-to-month,Yes,Mailed check,44.86,233.12,Yes
7482-KPNBY,Female,0,No,No,56,Yes,Yes,Fiber optic,No,No,Yes,No,No,Yes,Month-to-month,No,Bank transfer (automatic),110.56,6176.48,No
6247-EBVWR,Male,1,Yes,No,64,Yes,No,No,No internet service,No internet service,No internet service,No internet service,No internet service,No internet service,Two year,Yes,Bank transfer (automatic),19.53,1237.66,No
1981-JFCBI,Female,0,Yes,No,71,Yes,No,DSL,Yes,No,Yes,Yes,Yes,Yes,Two year,No,Electronic check,56.47,4013.35,No
4572-KIWSB,Female,0,No,No,56,Yes,No,Fiber optic,No,No,No,No,Yes,Yes,Two year,No,Mailed check,74.82,4187.96,No
2221-KWIYK,Male,0,Yes,Yes,0,Yes,Yes,No,No internet service,No internet service,No internet service,No internet service,No internet service,No internet service,Month-to-month,Yes,Mailed check,21.5,4.32,Yes
5145-BIXUZ,Female,0,No,Yes,5,Yes,No,Fiber optic,No,No,No,No,No,No,Two year,No,Credit card (automatic),112.39,574.3,Yes
6926-PZGGK,Female,0,No,No,63,Yes,Yes,No,No internet service,No internet service,No internet service,No internet service,No internet service,No internet service,Two year,No,Electronic check,26.92,1707.77,No
5821-OTYBB,Female,0,Yes,No,29,Yes,No,DSL,No,No,No,No,Yes,Yes,Month-to-month,No,Bank transfer (automatic),56.21,1633.36,Yes
3307-VLXKS,Female,0,Yes,No,66,Yes,Yes,DSL,No,Yes,No,No,Yes,No,Two year,Yes,Mailed check,64.75,4288.1,No
4761-NFKBJ,Male,0,No,Yes,64,Yes,No,DSL,No,No,No,Yes,No,No,Two year,No,Bank transfer (automatic),61.82,3949.57,No
1395-DRKWB,Female,0,Yes,No,63,Yes,Yes,No,No internet service,No internet service,No internet service,No internet service,No internet service,No internet service,Two year,Yes,Electronic check,24.85,1566.58,No
9475-XXTJL,Female,0,Yes,Yes,8,No,No phone service,DSL,No,No,No,No,Yes,No,Two year,Yes,Electronic check,53.04,430.13,No
7909-LSBVP,Female,0,No,Yes,27,Yes,No,No,No internet service,No internet service,No internet service,No internet service,No internet service,No internet service,Two year,Yes,Credit card (automatic),24.76,666.32,No
9177-KDVJC,Female,0,Yes,No,6,Yes,No,DSL,No,No,No,No,Yes,No,Two year,Yes,Electronic check,57.1,359.39,Yes
5858-RJWIX,Male,0,Yes,No,9,Yes,No,DSL,No,No,No,No,Yes,Yes,Month-to-month,Yes,Credit card (automatic),61.12,569.36,Yes
6369-IREPW,Female,0,Yes,Yes,11,Yes,Yes,DSL,No,Yes,Yes,Yes,No,Yes,Two year,Yes,Mailed check,62.27,665.19,No
9473-BZSIS,Male,0,No,No,2,Yes,Yes,Fiber optic,Yes,Yes,Yes,Yes,Yes,No,Month-to-month,No,Bank transfer (automatic),105.53,223.57,Yes
5065-VCOKA,Female,0,Yes,Yes,71,Yes,Yes,DSL,No,Yes,Yes,No,Yes,Yes,One year,Yes,Electronic check,55.0,3924.89,No
6626-CDCDL,Male,0,Yes,Yes,0,Yes,No,No,No internet service,No internet service,No internet service,No internet service,No internet service,No internet service,Two year,Yes,Bank transfer (automatic),20.56,14.69,No
5839-KVDSB,Male,1,Yes,No,64,Yes,Yes,No,No internet service,No internet service,No internet service,No internet service,No internet service,No internet service,One year,No,Credit card (automatic),18.76,1216.02,No
9753-WQSKU,Male,0,Yes,No,60,Yes,No,DSL,No,No,No,No,No,Yes,Two year,No,Electronic check,42.17,2545.29,No
7828-CKBOY,Male,0,No,Yes,64,No,No phone service,Fiber optic,No,Yes,Yes,No,No,Yes,Month-to-month,No,Credit card (automatic),72.82,4643.67,Yes
2393-TQBON,Male,0,No,Yes,8,Yes,No,Fiber optic,Yes,No,Yes,Yes,No,Yes,Month-to-month,No,Bank transfer (automatic),95.9,754.05,No
2907-XNCDA,Female,1,Yes,Yes,8,Yes,No,No,No internet service,No internet service,No internet service,No internet service,No internet service,No internet service,Month-to-month,Yes,Electronic check,19.05,146.11,No
1316-NNEVW,Female,0,Yes,No,57,Yes,No,DSL,No,No,No,No,Yes,No,Month-to-month,Yes,Credit card (automatic),46.74,2652.54,Yes
7317-NZQFA,Female,0,Yes,No,60,Yes,Yes,Fiber optic,No,No,No,Yes,Yes,No,One year,No,Electronic check,75.42,4526.65,No
7724-BXPFZ,Male,1,No,Yes,65,Yes,Yes,DSL,Yes,No,No,No,No,Yes,One year,Yes,Credit card (automatic),62.31,4040.59,No
3970-OUKJQ,Female,1,Yes,No,9,Yes,Yes,Fiber optic,No,No,Yes,No,No,Yes,Month-to-month,No,Mailed check,101.15,896.83,Yes
7502-XLXJL,Male,1,Yes,Yes,14,Yes,No,DSL,Yes,No,Yes,No,Yes,Yes,Month-to-month,No,Bank transfer (automatic),69.23,956.74,No
3091-HFKZY,Male,0,No,No,5,Yes,Yes,Fiber optic,Yes,No,Yes,No,Yes,Yes,Month-to-month,Yes,Bank transfer (automatic),98.39,501.69,No
4282-TKOCB,Female,0,Yes,Yes,60,Yes,No,No,No internet service,No internet service,No internet service,No internet service,No internet service,No internet service,One year,No,Mailed check,28.59,1702.67,Yes
6372-YBEQV,Female,0,No,No,53,Yes,Yes,Fiber optic,No,No,No,No,No,Yes,One year,Yes,Credit card (automatic),76.17,4036.92,Yes
1345-MJGPI,Male,0,Yes,Yes,0,Yes,No,Fiber optic,No,No,No,No,Yes,Yes,Month-to-month,No,Mailed check,88.39,15.79,No
7464-EMVGX,Male,0,Yes,No,65,No,No phone service,Fiber optic,Yes,No,Yes,No,No,No,One year,Yes,Credit card (automatic),77.67,5050.23,No
1229-UYFEE,Female,0,No,Yes,18,Yes,No,Fiber optic,No,No,No,No,Yes,No,Month-to-month,No,Mailed check,101.59,1816.46,Yes
6499-TVKZZ,Female,0,Yes,No,0,Yes,Yes,Fiber optic,Yes,No,No,Yes,No,Yes,One year,Yes,Electronic check,93.72,0.0,No
4226-AXYQH,Female,0,Yes,No,69,Yes,No,Fiber optic,No,No,No,No,Yes,No,Month-to-month,Yes,Mailed check,81.02,5598.48,No
7243-UUIKQ,Female,0,Yes,No,68,Yes,No,No,No internet service,No internet service,No internet service,No internet service,No internet service,No internet service,Two year,Yes,Credit card (automatic),23.58,1604.44,No
6528-CFEQV,Male,1,No,Yes,53,Yes,Yes,DSL,No,No,No,No,Yes,No,Month-to-month,No,Electronic check,67.55,3590.8,No
7384-JIZKZ,Female,0,Yes,No,63,Yes,No,DSL,No,No,No,No,No,No,One year,Yes,Bank transfer (automatic),67.36,4227.51,No
6230-ETUDH,Female,0,No,No,2,Yes,Yes,DSL,No,No,No,Yes,No,No,Month-to-month,No,Mailed check,60.95,115.49,Yes
6165-ZUUUY,Female,0,No,No,59,Yes,Yes,Fiber optic,No,No,No,Yes,No,Yes,Month-to-month,Yes,Electronic check,70.76,4161.2,No
5180-EEYTK,Male,0,No,Yes,69,Yes,Yes,DSL,No,No,No,No,No,No,Month-to-month,No,Credit card (automatic),49.29,3418.49,No
1522-CHSFH,Male,1,No,No,57,Yes,Yes,No,No internet service,No internet service,No internet service,No internet service,No internet service,No internet service,Month-to-month,Yes,Mailed check,26.46,1497.02,No
9559-OMJBY,Male,0,Yes,No,1,Yes,No,Fiber optic,Yes,No,No,Yes,Yes,No,Two year,Yes,Bank transfer (automatic),72.13,84.07,Yes
5559-EVJRG,Male,0,Yes,Yes,1,Yes,Yes,No,No internet service,No internet service,No internet service,No internet service,No internet service,No internet service,Month-to-month,Yes,Mailed check,24.04,11.7,Yes
1364-XQDYT,Female,0,Yes,No,2,Yes,No,Fiber optic,No,No,No,No,No,Yes,One year,Yes,Electronic check,86.15,188.22,Yes
5933-RUUIL,Male,0,Yes,No,23,Yes,No,DSL,No,No,No,No,Yes,No,One year,Yes,Credit card (automatic),46.96,1063.74,No
1200-FNRBR,Female,0,Yes,Yes,17,Yes,No,DSL,No,Yes,Yes,No,Yes,Yes,Month-to-month,Yes,Electronic check,57.51,969.62,Yes
7350-OJEMC,Female,0,Yes,No,20,Yes,Yes,Fiber optic,Yes,No,No,Yes,No,Yes,Month-to-month,Yes,Bank transfer (automatic),89.5,1775.27,Yes
5912-ELCFD,Female,0,No,No,61,Yes,No,DSL,No,No,Yes,Yes,No,Yes,Two year,Yes,Electronic check,66.63,4057.4,No
2356-AFIMF,Female,1,No,Yes,7,No,No phone service,No,No internet service,No internet service,No internet service,No internet service,No internet service,No internet service,Month-to-month,Yes,Electronic check,26.57,186.82,No
9328-XEOOA,Male,0,Yes,No,65,Yes,No,No,No internet service,No internet service,No internet service,No internet service,No internet service,No internet service,Month-to-month,Yes,Electronic check,25.99,1708.17,No
5504-MVVYB,Male,0,Yes,No,4,Yes,No,Fiber optic,No,No,No,No,No,No,One year,No,Bank transfer (automatic),76.74,299.65,No
3011-KSEAM,Male,0,Yes,Yes,6,Yes,Yes,No,No internet service,No internet service,No internet service,No internet service,No internet service,No internet service,Month-to-month,Yes,Electronic check,20.19,111.15,Yes
3122-AZBET,Female,0,Yes,Yes,51,Yes,Yes,Fiber optic,No,Yes,Yes,Yes,No,No,Month-to-month,Yes,Mailed check,107.87,5507.03,Yes
1986-SHTOI,Female,0,Yes,No,12,Yes,No,Fiber optic,No,No,No,No,No,No,Month-to-month,Yes,Mailed check,92.78,1106.43,No
2116-QVOLI,Female,0,No,No,4,Yes,Yes,Fiber optic,Yes,No,Yes,Yes,No,No,Two year,Yes,Credit card (automatic),78.23,305.69,No
8577-PWKOH,Female,0,Yes,Yes,2,Yes,Yes,DSL,No,No,Yes,Yes,No,Yes,Month-to-month,No,Bank transfer (automatic),43.94,106.29,No
2145-DGVDU,Female,0,Yes,Yes,9,Yes,Yes,Fiber optic,No,No,Yes,No,Yes,No,Two year,No,Bank transfer (automatic),80.08,709.4,No
9873-LBFSH,Male,0,Yes,No,2,Yes,No,Fiber optic,Yes,Yes,No,No,Yes,Yes,Month-to-month,Yes,Credit card (automatic),107.26,199.47,Yes
6188-HZZNZ,Female,0,No,No,7,Yes,Yes,Fiber optic,No,Yes,No,No,Yes,Yes,Month-to-month,No,Bank transfer (automatic),114.97,821.02,Yes
1037-OCJQK,Male,1,No,No,64,Yes,No,Fiber optic,Yes,Yes,No,No,Yes,No,Two year,No,Credit card (automatic),97.47,6243.42,No
5927-DCLVV,Female,0,No,No,53,Yes,No,DSL,No,No,Yes,No,No,Yes,Month-to-month,No,Credit card (automatic),48.59,2581.03,No
1077-ZOYKH,Female,0,Yes,No,20,Yes,No,Fiber optic,No,No,No,Yes,Yes,Yes,Month-to-month,No,Credit card (automatic),92.45,1856.91,No
9159-IBHQX,Male,0,Yes,No,10,Yes,No,No,No internet service,No internet service,No internet service,No internet service,No internet service,No internet service,Month-to-month,No,Mailed check,20.51,201.29,No
7947-RSUQM,Male,1,Yes,No,13,Yes,No,No,No internet service,No internet service,No internet service,No internet service,No internet service,No internet service,Two year,Yes,Credit card (automatic),29.13,379.51,No
5343-JLKEO,Female,0,Yes,Yes,6,Yes,Yes,DSL,No,No,No,Yes,No,No,Month-to-month,No,Mailed check,48.25,299.93,Yes
4043-KPDOE,Female,0,No,No,69,Yes,Yes,Fiber optic,No,Yes,No,No,Yes,No,Two year,No,Mailed check,113.08,7804.81,No
5613-SQHDU,Female,0,Yes,No,1,Yes,No,Fiber optic,No,No,No,No,No,No,Month-to-month,Yes,Electronic check,92.77,96.46,No
8850-OHZRS,Female,0,Yes,Yes,62,No,No phone service,DSL,No,No,No,No,Yes,Yes,Month-to-month,Yes,Bank transfer (automatic),61.35,3821.62,No
1369-YHCUR,Male,0,No,Yes,68,Yes,No,Fiber optic,No,No,No,No,Yes,No,Month-to-month,Yes,Electronic check,114.57,7787.1,No
5538-EZLEN,Female,0,Yes,No,0,Yes,Yes,DSL,Yes,No,No,Yes,Yes,No,Two year,No,Electronic check,40.73,0.0,No
4712-WCTLD,Male,1,No,No,56,Yes,No,No,No internet service,No internet service,No internet service,No internet service,No internet service,No internet service,One year,Yes,Bank transfer (automatic),29.4,1630.66,No
7533-OQXUF,Female,0,Yes,No,16,Yes,No,Fiber optic,No,Yes,Yes,No,No,No,One year,Yes,Electronic check,97.38,1541.92,No
4035-YSUBR,Male,0,Yes,No,67,Yes,Yes,Fiber optic,Yes,Yes,Yes,No,Yes,No,Month-to-month,No,Electronic check,93.97,6293.58,No
4788-TLZSN,Male,0,Yes,Yes,13,Yes,No,DSL,Yes,No,No,Yes,Yes,Yes,Month-to-month,Yes,Bank transfer (automatic),52.26,671.89,No
4643-FGLWB,Female,0,No,No,56,Yes,Yes,No,No internet service,No internet service,No internet service,No internet service,No internet service,No internet service,One year,No,Bank transfer (automatic),21.51,1205.31,No
5031-GHRLF,Male,0,Yes,Yes,3,Yes,No,No,No internet service,No internet service,No internet service,No internet service,No internet service,No internet service,One year,Yes,Credit card (automatic),28.61,68.06,No
5079-EFGKA,Female,0,Yes,Yes,64,Yes,Yes,No,No internet service,No internet service,No internet service,No internet service,No internet service,No internet service,One year,No,Credit card (automatic),20.15,1296.89,No
6986-AWOYF,Male,0,Yes,Yes,8,Yes,Yes,Fiber optic,No,Yes,No,No,No,No,Month-to-month,Yes,Mailed check,110.09,860.88,No
4605-WSBDU,Female,0,No,No,59,Yes,No,Fiber optic,Yes,No,Yes,No,No,No,Two year,Yes,Mailed check,84.08,4941.16,No
6371-PWVSZ,Male,0,No,Yes,2,Yes,No,DSL,No,No,No,Yes,No,No,Month-to-month,No,Mailed check,62.54,109.06,Yes
4498-BRUAU,Female,0,Yes,No,4,Yes,Yes,DSL,No,No,Yes,No,No,No,Month-to-month,Yes,Mailed check,58.67,215.71,Yes
3498-UWPJS,Female,0,Yes,Yes,3,Yes,Yes,DSL,No,No,No,Yes,No,No,Two year,Yes,Credit card (automatic),60.81,174.01,No
9903-PMUBE,Male,0,No,No,1,Yes,No,Fiber optic,No,No,Yes,No,No,No,One year,No,Electronic check,103.85,118.13,No
9602-VRVBT,Male,1,No,No,9,Yes,No,DSL,Yes,No,No,No,No,No,Month-to-month,No,Bank transfer (automatic),67.08,589.73,No
8746-FZSKV,Male,0,No,No,8,Yes,Yes,Fiber optic,Yes,No,No,Yes,No,No,Two year,Yes,Bank transfer (automatic),72.99,597.02,No
7522-CQJFE,Male,0,Yes,No,17,Yes,No,Fiber optic,No,No,Yes,Yes,Yes,Yes,Month-to-month,No,Credit card (automatic),76.84,1308.48,Yes
5011-BOGRQ,Female,0,Yes,No,57,Yes,No,No,No internet service,No internet service,No internet service,No internet service,No internet service,No internet service,Month-to-month,Yes,Credit card (automatic),29.01,1638.79,No
7494-XPLJK,Male,0,No,No,2,Yes,No,No,No internet service,No internet service,No internet service,No internet service,No internet service,No internet service,One year,No,Credit card (automatic),21.29,58.47,No
8385-QWCIX,Female,0,No,No,8,Yes,Yes,Fiber optic,No,No,Yes,No,No,Yes,Month-to-month,Yes,Credit card (automatic),110.91,887.91,Yes
2577-INUHM,Male,0,No,No,6,Yes,Yes,No,No internet service,No internet service,No internet service,No internet service,No internet service,No internet service,Month-to-month,Yes,Electronic check,25.77,157.4,Yes
9748-KXGMJ,Female,1,Yes,Yes,9,No,No phone service,DSL,No,Yes,No,No,Yes,Yes,Month-to-month,Yes,Mailed check,68.92,622.09,No
2869-JJCVO,Female,0,No,No,71,Yes,Yes,DSL,Yes,Yes,Yes,No,No,Yes,Month-to-month,Yes,Electronic check,45.29,3229.64,No
3368-AHKVP,Female,0,No,No,5,Yes,No,Fiber optic,No,No,No,No,No,Yes,Month-to-month,No,Credit card (automatic),93.13,477.86,Yes
9717-ZNZWT,Female,0,No,No,2,Yes,Yes,Fiber optic,No,Yes,No,Yes,Yes,Yes,Two year,Yes,Bank transfer (automatic),91.64,167.45,No
3404-GVMVZ,Male,0,Yes,No,30,Yes,Yes,No,No internet service,No internet service,No internet service,No internet service,No internet service,No internet service,One year,Yes,Bank transfer (automatic),18.38,556.24,No
4101-KPWGP,Male,0,No,No,7,Yes,No,Fiber optic,Yes,No,Yes,No,No,No,Month-to-month,Yes,Electronic check,110.47,792.13,No
2795-WDWRA,Female,0,No,No,51,Yes,No,No,No internet service,No internet service,No internet service,No internet service,No internet service,No internet service,One year,No,Electronic check,19.27,989.74,No
6183-CAOVY,Male,1,No,Yes,7,Yes,Yes,No,No internet service,No internet service,No internet service,No internet service,No internet service,No internet service,Two year,Yes,Electronic check,22.17,169.51,No
6947-CMIPA,Male,0,No,Yes,55,Yes,No,DSL,Yes,No,Yes,Yes,Yes,No,One year,Yes,Bank transfer (automatic),68.03,3730.19,No
7801-IERWU,Female,0,No,No,2,Yes,No,Fiber optic,No,Yes,No,Yes,No,Yes,Month-to-month,Yes,Mailed check,102.86,212.53,Yes
7550-CXNLJ,Male,0,No,Yes,62,Yes,No,No,No internet service,No internet service,No internet service,No internet service,No internet service,No internet service,Month-to-month,No,Bank transfer (automatic),22.96,1430.46,No
7082-DFCVN,Male,0,Yes,Yes,59,Yes,No,Fiber optic,No,No,No,No,Yes,Yes,Two year,No,Mailed check,75.64,4446.46,No
3881-YVAHW,Male,0,No,No,16,Yes,Yes,Fiber optic,No,Yes,No,No,No,No,Month-to-month,Yes,Electronic check,114.78,1831.86,Yes
5732-LOSGZ,Female,0,No,No,66,No,No phone service,DSL,No,No,No,No,Yes,No,Month-to-month,Yes,Electronic check,66.73,4400.05,Yes
6644-CAYEO,Male,0,Yes,No,3,Yes,No,Fiber optic,No,Yes,No,No,No,No,One year,Yes,Credit card (automatic),85.48,266.35,Yes
6820-KADQW,Female,0,Yes,No,68,Yes,No,Fiber optic,No,No,No,No,Yes,Yes,Month-to-month,Yes,Bank transfer (automatic),94.0,6394.36,Yes
2970-LZCVI,Male,1,Yes,No,68,Yes,Yes,DSL,Yes,No,Yes,Yes,No,No,Two year,No,Bank transfer (automatic),53.91,3652.61,No
1863-KAZIQ,Male,0,No,Yes,63,Yes,Yes,No,No internet service,No internet service,No internet service,No internet service,No internet service,No internet service,Two year,Yes,Bank transfer (automatic),22.29,1397.98,No
1969-HDYOB,Male,0,Yes,Yes,59,Yes,Yes,No,No internet service,No internet service,No internet service,No internet service,No internet service,No internet service,One year,No,Mailed check,20.73,1204.61,No
4306-OGSGT,Female,0,No,Yes,2,Yes,No,No,No internet service,No internet service,No internet service,No internet service,No internet service,No internet service,Two year,No,Electronic check,23.74,41.18,Yes
3383-WXTAC,Female,0,No,Yes,61,Yes,No,No,No internet service,No internet service,No internet service,No internet service,No internet service,No internet service,Month-to-month,Yes,Credit card (automatic),19.06,1143.98,Yes
3163-XEWTY,Male,0,No,No,60,Yes,No,DSL,No,No,Yes,No,Yes,No,Two year,Yes,Credit card (automatic),40.37,2441.58,No
9138-BFWQJ,Female,0,Yes,No,4,Yes,Yes,Fiber optic,No,No,No,No,No,No,One year,Yes,Mailed check,81.15,336.47,No
3543-LXLEV,Male,0,Yes,No,0,Yes,Yes,DSL,Yes,No,No,Yes,No,No,Month-to-month,Yes,Mailed check,41.82,18.34,Yes
9506-JPGWX,Female,0,Yes,No,70,Yes,No,No,No internet service,No internet service,No internet service,No internet service,No internet service,No internet service,Two year,Yes,Electronic check,19.38,1354.49,No
1588-CBTBA,Female,0,Yes,No,31,Yes,No,No,No internet service,No internet service,No internet service,No internet service,No internet service,No internet service,Two year,Yes,Electronic check,18.31,562.21,No
9710-BTAJE,Male,0,No,No,62,Yes,No,DSL,Yes,Yes,No,Yes,Yes,No,Two year,Yes,Bank transfer (automatic),56.87,3545.11,No
3975-ECBVA,Male,0,No,Yes,71,No,No phone service,Fiber optic,Yes,Yes,No,No,No,No,One year,No,Mailed check,77.8,5538.07,No
2980-EZRTF,Male,0,Yes,No,1,Yes,Yes,DSL,Yes,No,Yes,No,No,Yes,Month-to-month,Yes,Credit card (automatic),56.85,64.62,No
9329-BACEF,Male,0,No,No,15,Yes,No,Fiber optic,Yes,Yes,No,No,No,Yes,Month-to-month,Yes,Electronic check,89.09,1330.82,No
8265-ZBBGI,Female,0,Yes,Yes,60,Yes,No,Fiber optic,No,Yes,Yes,No,Yes,Yes,Month-to-month,Yes,Electronic check,114.51,6860.33,No
9527-SZKTH,Female,0,Yes,No,14,Yes,Yes,No,No internet service,No internet service,No internet service,No internet service,No internet service,No internet service,Month-to-month,No,Credit card (automatic),26.52,370.97,No
6769-TPWJT,Female,0,No,No,68,Yes,No,DSL,No,Yes,Yes,No,No,Yes,Month-to-month,Yes,Bank transfer (automatic),63.48,4306.03,No
6268-RTEZT,Male,0,Yes,Yes,15,Yes,No,DSL,No,No,No,No,Yes,No,One year,No,Mailed check,65.43,968.53,No
8211-FQLKD,Male,0,No,No,1,Yes,No,DSL,No,No,Yes,Yes,Yes,Yes,One year,Yes,Electronic check,66.84,59.65,No
7227-OVSQV,Female,0,No,Yes,61,Yes,No,DSL,No,Yes,No,Yes,Yes,Yes,Month-to-month,No,Electronic check,61.68,3746.97,No
1910-SWXTA,Male,0,No,No,70,Yes,Yes,Fiber optic,No,No,Yes,Yes,No,Yes,Month-to-month,No,Credit card (automatic),84.99,5949.22,No
1796-CKYSQ,Female,0,Yes,No,17,Yes,No,DSL,Yes,No,No,No,No,No,Month-to-month,Yes,Mailed check,44.48,768.4,No
2545-SSHDL,Female,0,Yes,Yes,15,Yes,No,Fiber optic,No,No,No,Yes,Yes,Yes,One year,No,Credit card (automatic),77.67,1182.96,No
7466-CKSVL,Female,0,Yes,Yes,52,No,No phone service,Fiber optic,No,Yes,No,No,No,No,Two year,No,Mailed check,103.08,5356.96,Yes
9097-CSWVE,Female,0,No,No,52,Yes,Yes,Fiber optic,No,No,No,No,No,Yes,One year,No,Credit card (automatic),112.1,5847.69,No
3279-UFGSO,Female,0,Yes,No,54,Yes,No,No,No internet service,No internet service,No internet service,No internet service,No internet service,No internet service,Month-to-month,Yes,Credit card (automatic),19.88,1081.83,Yes
9380-FJCNF,Male,0,Yes,No,9,Yes,Yes,Fiber optic,No,No,No,No,No,No,Month-to-month,No,Electronic check,86.44,760.31,Yes
3687-OEBCL,Male,0,No,No,50,Yes,Yes,DSL,Yes,Yes,Yes,No,No,No,Two year,Yes,Mailed check,47.66,2379.82,No
1548-FPOWY,Male,0,No,No,13,Yes,Yes,DSL,No,Yes,No,No,Yes,No,Month-to-month,Yes,Credit card (automatic),53.52,714.15,No
3088-QGAHB,Female,0,No,Yes,66,Yes,No,No,No internet service,No internet service,No internet service,No internet service,No internet service,No internet service,Two year,No,Bank transfer (automatic),19.86,1300.62,No
3426-BOEPN,Female,0,No,No,57,Yes,No,Fiber optic,No,No,Yes,No,No,Yes,Month-to-month,No,Credit card (automatic),111.99,6367.0,No
9333-SUSRN,Female,0,Yes,No,9,Yes,Yes,Fiber optic,No,Yes,No,No,Yes,Yes,Month-to-month,No,Bank transfer (automatic),85.39,760.07,No
3668-EQEKH,Female,1,Yes,No,1,Yes,Yes,No,No internet service,No internet service,No internet service,No internet service,No internet service,No internet service,Month-to-month,Yes,Electronic check,21.01,25.14,Yes
7331-HQJUL,Male,0,Yes,Yes,2,Yes,Yes,DSL,Yes,Yes,No,No,Yes,No,Two year,No,Credit card (automatic),54.07,121.08,Yes
3451-FFNFU,Male,0,Yes,Yes,4,Yes,No,Fiber optic,No,No,No,No,No,Yes,Month-to-month,No,Bank transfer (automatic),78.26,312.51,Yes
1044-HLZFN,Female,0,No,No,52,Yes,Yes,Fiber optic,No,Yes,Yes,Yes,Yes,Yes,Month-to-month,No,Bank transfer (automatic),85.94,4473.98,Yes
6280-OIHGX,Female,0,Yes,Yes,64,Yes,No,No,No internet service,No internet service,No internet service,No internet service,No internet service,No internet service,Month-to-month,No,Bank transfer (automatic),22.31,1443.41,No
3235-DOYQU,Female,0,No,No,56,Yes,No,No,No internet service,No internet service,No internet service,No internet service,No internet service,No internet service,Month-to-month,No,Electronic check,22.03,1238.68,No
7101-VGOOE,Male,0,Yes,No,16,Yes,No,Fiber optic,Yes,Yes,Yes,No,No,Yes,Two year,No,Credit card (automatic),96.29,1541.88,No
2390-YIICL,Male,0,Yes,Yes,51,Yes,No,No,No internet service,No internet service,No internet service,No internet service,No internet service,No internet service,Month-to-month,Yes,Electronic check,22.98,1154.31,No
3109-XRBPC,Male,1,No,No,56,Yes,No,DSL,Yes,No,No,Yes,No,Yes,Month-to-month,Yes,Bank transfer (automatic),54.72,3071.02,No
7712-XIBGT,Female,0,Yes,No,4,Yes,No,DSL,No,No,Yes,No,No,No,Month-to-month,No,Mailed check,40.86,165.29,No
8040-PJDBU,Female,0,No,Yes,1,Yes,No,DSL,Yes,Yes,No,Yes,Yes,No,Month-to-month,No,Mailed check,46.76,59.97,No
6192-KKSUW,Male,0,No,No,7,Yes,Yes,DSL,No,No,No,No,Yes,Yes,One year,Yes,Electronic check,42.45,298.17,No
8891-ELSVH,Female,0,No,Yes,69,Yes,No,Fiber optic,No,No,No,No,No,No,Month-to-month,No,Electronic check,114.3,7878.0,No
1668-GEAWD,Male,0,Yes,Yes,3,Yes,No,DSL,Yes,Yes,No,No,Yes,Yes,One year,Yes,Electronic check,65.84,184.63,No
8222-QJRKT,Female,0,No,Yes,58,Yes,Yes,Fiber optic,No,No,Yes,No,Yes,Yes,Two year,Yes,Electronic check,98.63,5728.02,Yes
1337-SGHGY,Male,1,Yes,No,71,Yes,No,Fiber optic,Yes,No,No,No,No,No,Month-to-month,Yes,Electronic check,87.84,6234.73,No
4600-RAORG,Female,0,No,No,12,Yes,Yes,DSL,No,No,No,No,No,No,Two year,Yes,Mailed check,49.74,603.1,No
3675-VDORW,Male,0,Yes,No,0,Yes,No,Fiber optic,No,No,Yes,No,Yes,No,Two year,No,Bank transfer (automatic),84.2,13.16,No
3854-JOCIB,Male,1,Yes,Yes,51,Yes,No,Fiber optic,No,No,Yes,No,Yes,No,Month-to-month,No,Mailed check,112.67,5739.11,No
5977-SEVOV,Male,0,No,No,61,Yes,Yes,Fiber optic,Yes,No,Yes,No,No,No,Month-to-month,No,Electronic check,86.02,5252.39,Yes
1836-DBIUY,Male,0,Yes,No,68,Yes,Yes,Fiber optic,No,Yes,No,No,No,No,Two year,Yes,Credit card (automatic),76.39,5211.71,No
9938-CMYCF,Male,0,No,No,11,No,No phone service,DSL,No,No,No,No,No,No,One year,Yes,Electronic check,48.75,524.69,No
7753-AMMYT,Male,0,Yes,Yes,10,Yes,No,No,No internet service,No internet service,No internet service,No internet service,No internet service,No internet service,Month-to-month,No,Electronic check,28.67,301.0,No
4144-NFSLX,Female,0,No,Yes,2,Yes,Yes,DSL,No,No,No,No,No,No,Month-to-month,No,Mailed check,48.58,84.43,Yes
6525-YSXFC,Female,0,No,No,8,Yes,No,Fiber optic,No,Yes,No,No,No,No,One year,Yes,Mailed check,106.86,849.3,No
1043-OGHNZ,Female,0,Yes,Yes,20,Yes,No,No,No internet service,No internet service,No internet service,No internet service,No internet service,No internet service,Month-to-month,Yes,Credit card (automatic),28.99,576.97,No
3950-OUJHO,Male,0,No,Yes,3,Yes,Yes,DSL,No,No,No,No,No,No,One year,No,Electronic check,58.95,180.91,Yes
7699-PFIIQ,Male,0,No,No,50,Yes,Yes,DSL,No,Yes,Yes,No,No,No,One year,Yes,Bank transfer (automatic),48.36,2405.06,No
7634-RCAUJ,Female,0,No,No,11,Yes,No,Fiber optic,No,No,Yes,No,No,No,Two year,Yes,Electronic check,78.27,860.51,No
4483-MWSMW,Male,1,Yes,No,54,Yes,Yes,No,No internet service,No internet service,No internet service,No internet service,No internet service,No internet service,One year,No,Electronic check,18.85,1035.61,No
5701-PBQSS,Male,0,No,Yes,13,Yes,No,DSL,No,No,No,No,Yes,No,One year,Yes,Bank transfer (automatic),57.18,736.85,No
8168-ALFNF,Male,0,Yes,No,0,Yes,Yes,No,No internet service,No internet service,No internet service,No internet service,No internet service,No internet service,One year,Yes,Bank transfer (automatic),20.82,0.0,Yes
4931-PSHIZ,Male,0,Yes,No,54,Yes,No,DSL,Yes,No,Yes,Yes,No,No,Month-to-month,Yes,Mailed check,68.36,3673.32,No
1816-KBYOY,Male,0,Yes,No,19,Yes,Yes,No,No internet service,No internet service,No internet service,No internet service,No internet service,No internet service,One year,Yes,Electronic check,28.43,548.41,No
5078-RKOUC,Female,0,No,Yes,63,Yes,No,DSL,No,No,Yes,No,No,No,One year,Yes,Credit card (automatic),66.38,4182.08,No
2255-MPFKM,Female,0,No,No,25,Yes,Yes,Fiber optic,Yes,Yes,No,Yes,Yes,No,Two year,No,Electronic check,84.0,2101.13,No
5342-PUOTM,Female,0,Yes,No,70,Yes,Yes,Fiber optic,Yes,No,No,No,No,No,Two year,No,Mailed check,79.79,5604.36,No
6876-IBFNA,Female,0,No,No,63,Yes,Yes,DSL,Yes,No,No,No,Yes,Yes,One year,Yes,Bank transfer (automatic),52.41,3291.7,No
4249-HKZWL,Female,0,No,No,55,Yes,Yes,Fiber optic,No,Yes,Yes,Yes,Yes,No,Month-to-month,No,Mailed check,99.59,5490.96,No
9433-NOQEL,Male,0,Yes,Yes,15,Yes,No,Fiber optic,No,No,Yes,No,No,No,Two year,Yes,Electronic check,96.34,1432.02,No
5645-UHRMB,Male,0,No,Yes,54,Yes,No,No,No internet service,No internet service,No internet service,No internet service,No internet service,No internet service,Month-to-month,No,Electronic check,28.71,1548.63,No
6732-JCRTU,Male,0,Yes,Yes,51,Yes,No,Fiber optic,No,No,No,No,No,Yes,Two year,No,Credit card (automatic),85.62,4372.8,No
3228-WCOQM,Male,0,Yes,No,15,Yes,No,Fiber optic,No,No,No,No,Yes,No,Month-to-month,Yes,Credit card (automatic),79.52,1206.8,No
8201-UBOKP,Female,0,Yes,No,56,Yes,Yes,DSL,Yes,Yes,No,No,No,Yes,Month-to-month,Yes,Electronic check,52.96,2974.68,No
3674-MKCDQ,Female,1,No,No,12,Yes,Yes,No,No internet service,No internet service,No internet service,No internet service,No internet service,No internet service,Two year,Yes,Electronic check,21.59,264.11,No
9120-FZUOJ,Female,0,No,Yes,59,Yes,Yes,No,No internet service,No internet service,No internet service,No internet service,No internet service,No internet service,Two year,No,Electronic check,24.65,1435.05,No
7155-XKMLA,Male,0,Yes,No,8,Yes,No,Fiber optic,No,No,Yes,No,No,Yes,Two year,Yes,Credit card (automatic),92.58,743.03,No
4523-XPXZI,Female,0,Yes,Yes,51,Yes,Yes,Fiber optic,No,Yes,No,No,No,No,Month-to-month,No,Electronic check,96.19,4900.42,Yes
2019-DYLMK,Male,0,No,No,64,Yes,No,Fiber optic,No,No,No,No,Yes,No,Two year,Yes,Electronic check,70.94,4558.87,No
1855-CIVJJ,Female,0,No,Yes,5,No,No phone service,DSL,Yes,No,Yes,No,No,Yes,One year,Yes,Bank transfer (automatic),51.56,250.86,No
9416-SNMRH,Female,0,No,No,62,Yes,No,DSL,No,No,Yes,No,No,No,Month-to-month,Yes,Credit card (automatic),43.83,2701.6,No
3314-JIPEC,Male,0,No,No,70,Yes,No,Fiber optic,No,Yes,No,No,No,No,Two year,No,Mailed check,93.1,6502.79,No
1731-DQQAC,Male,0,No,No,64,Yes,No,Fiber optic,No,Yes,No,No,No,No,One year,No,Electronic check,104.98,6726.35,No
8923-HFJFE,Female,1,No,No,56,Yes,Yes,No,No internet service,No internet service,No internet service,No internet service,No internet service,No internet service,Month-to-month,No,Credit card (automatic),18.78,1048.18,No
8221-KHJXQ,Female,1,No,Yes,2,No,No phone service,DSL,Yes,No,No,No,No,Yes,Month-to-month,No,Mailed check,63.7,123.26,No
8362-KBTPH,Male,0,Yes,No,7,Yes,No,Fiber optic,No,No,No,Yes,Yes,No,One year,No,Bank transfer (automatic),80.8,560.79,No
5917-ZLOMM,Female,0,No,No,62,Yes,Yes,DSL,Yes,Yes,No,No,Yes,No,Two year,Yes,Electronic check,61.79,3849.36,No
4235-FTZQE,Female,0,Yes,No,0,Yes,Yes,Fiber optic,No,No,No,No,No,No,Month-to-month,Yes,Mailed check,98.01,0.0,Yes
4753-NNOKG,Male,1,Yes,Yes,5,Yes,Yes,DSL,No,No,Yes,No,Yes,No,Two year,No,Electronic check,52.28,275.13,Yes
9204-EYEBZ,Female,0,Yes,No,70,Yes,No,Fiber optic,No,Yes,No,No,No,No,Two year,Yes,Electronic check,70.86,4974.42,No
3094-YVADH,Male,0,No,Yes,8,Yes,Yes,Fiber optic,No,No,Yes,No,No,Yes,Month-to-month,Yes,Bank transfer (automatic),86.11,695.23,No
9057-PQEMF,Female,1,No,No,69,No,No phone service,Fiber optic,Yes,Yes,Yes,No,No,Yes,Month-to-month,Yes,Credit card (automatic),112.64,7762.73,Yes
1135-SSNID,Male,0,No,Yes,69,No,No phone service,DSL,No,No,No,No,No,No,One year,Yes,Credit card (automatic),69.99,4834.14,No
6617-FDXJJ,Female,0,Yes,No,0,Yes,No,DSL,No,Yes,Yes,No,No,No,Two year,Yes,Mailed check,50.18,0.0,No
8511-PVCMC,Male,0,No,No,51,Yes,No,DSL,Yes,No,Yes,No,No,No,One year,Yes,Credit card (automatic),66.22,3394.53,No
3697-ORGQB,Female,1,Yes,Yes,63,Yes,Yes,Fiber optic,No,Yes,No,No,Yes,No,Two year,No,Mailed check,89.08,5618.74,No
8022-LHCJB,Male,0,No,No,14,No,No phone service,DSL,Yes,Yes,Yes,No,No,No,One year,Yes,Mailed check,69.5,958.72,No
2418-OFHSM,Female,0,Yes,No,69,Yes,No,DSL,Yes,No,No,Yes,No,No,One year,Yes,Bank transfer (automatic),69.53,4808.74,No
9653-LNRWO,Female,0,No,Yes,65,Yes,No,No,No internet service,No internet service,No internet service,No internet service,No internet service,No internet service,Month-to-month,Yes,Electronic check,27.68,1791.72,Yes
5280-VNOVU,Female,0,No,Yes,62,Yes,No,Fiber optic,No,No,No,No,No,Yes,Month-to-month,Yes,Mailed check,85.54,5285.09,No
4869-HWGAU,Female,0,No,No,62,Yes,Yes,Fiber optic,Yes,No,No,No,Yes,Yes,One year,Yes,Credit card (automatic),94.91,5873.68,No
1090-HUHED,Female,0,No,No,71,Yes,No,DSL,No,Yes,No,No,No,Yes,Two year,No,Mailed check,53.24,3786.03,No
6959-VMAFR,Female,1,No,No,0,Yes,Yes,Fiber optic,No,Yes,No,No,Yes,No,Month-to-month,Yes,Electronic check,89.37,6.07,No
3418-QILWV,Female,0,Yes,No,60,Yes,Yes,DSL,No,No,No,No,No,Yes,One year,No,Credit card (automatic),51.96,3135.8,No
7270-OZYGL,Female,1,No,No,7,No,No phone service,Fiber optic,Yes,No,No,No,No,No,One year,Yes,Electronic check,101.77,707.46,No
5194-UONSK,Female,0,Yes,Yes,54,Yes,Yes,Fiber optic,No,No,Yes,No,No,No,Month-to-month,Yes,Electronic check,70.59,3823.08,Yes
1598-EMWMO,Male,0,Yes,No,12,Yes,Yes,No,No internet service,No internet service,No internet service,No internet service,No internet service,No internet service,One year,Yes,Credit card (automatic),28.47,340.98,No
5948-CEOQL,Male,0,Yes,No,16,Yes,No,DSL,No,No,Yes,No,No,No,Month-to-month,Yes,Credit card (automatic),62.72,1013.42,Yes
1735-ABQNG,Female,0,No,No,69,Yes,No,Fiber optic,No,Yes,Yes,Yes,No,Yes,One year,Yes,Bank transfer (automatic),88.78,6125.92,No
9811-RTUCE,Male,0,Yes,No,9,Yes,Yes,Fiber optic,No,No,No,No,No,No,One year,Yes,Bank transfer (automatic),73.61,661.2,No
8017-BWIOP,Female,0,Yes,No,67,Yes,Yes,Fiber optic,No,No,No,No,Yes,No,Two year,Yes,Credit card (automatic),110.59,7404.88,No
7410-UOKIG,Female,0,No,Yes,3,Yes,No,DSL,No,No,No,No,No,Yes,Month-to-month,Yes,Bank transfer (automatic),42.63,109.3,No
8284-WFVNX,Male,0,No,No,60,No,No phone service,Fiber optic,No,Yes,No,No,No,Yes,Month-to-month,Yes,Credit card (automatic),107.44,6460.15,Yes
1010-OLDHU,Female,1,Yes,No,66,Yes,Yes,DSL,Yes,Yes,Yes,No,No,No,Month-to-month,Yes,Mailed check,40.9,2704.65,Yes
8599-LCGSA,Female,0,No,No,53,No,No phone service,Fiber optic,Yes,Yes,No,No,Yes,Yes,Two year,Yes,Electronic check,79.17,4195.22,No
2659-WTSLP,Male,0,Yes,Yes,65,Yes,Yes,Fiber optic,No,No,No,No,No,No,Month-to-month,Yes,Electronic check,92.31,6002.09,No
9779-NDFVC,Male,0,No,No,63,Yes,No,Fiber optic,Yes,Yes,No,No,No,No,Month-to-month,Yes,Electronic check,113.66,7148.49,No
8006-FASJW,Female,0,No,No,70,Yes,No,Fiber optic,Yes,No,No,No,No,No,Two year,Yes,Credit card (automatic),106.95,7504.57,No
2763-FGHZZ,Male,0,No,Yes,17,Yes,Yes,DSL,Yes,No,No,No,No,Yes,Month-to-month,No,Electronic check,60.58,1020.63,No
7853-EUSTJ,Male,0,No,Yes,2,Yes,No,Fiber optic,Yes,No,No,Yes,No,Yes,Month-to-month,No,Bank transfer (automatic),113.58,207.19,Yes
6502-CXLZL,Female,0,Yes,No,57,Yes,Yes,DSL,Yes,Yes,No,No,No,No,One year,Yes,Electronic check,59.14,3374.9,No
9067-OHBMI,Male,1,Yes,Yes,64,Yes,Yes,DSL,No,Yes,No,No,No,Yes,One year,Yes,Mailed check,47.86,3075.96,No
7549-QMNLK,Male,0,No,No,0,Yes,No,No,No internet service,No internet service,No internet service,No internet service,No internet service,No internet service,Month-to-month,No,Mailed check,21.82,5.2,Yes
1768-DZGUQ,Female,0,Yes,No,9,Yes,Yes,No,No internet service,No internet service,No internet service,No internet service,No internet service,No internet service,One year,Yes,Credit card (automatic),23.33,201.24,No
5933-KMUXP,Male,0,No,No,57,Yes,No,Fiber optic,No,No,No,No,Yes,No,Month-to-month,Yes,Electronic check,107.21,6107.64,No
7775-KTZXA,Male,0,Yes,No,59,Yes,No,Fiber optic,Yes,No,No,Yes,Yes,Yes,Month-to-month,No,Mailed check,83.66,4944.23,Yes
7275-OCLEE,Female,0,Yes,No,61,Yes,No,No,No internet service,No internet service,No internet service,No internet service,No internet service,No internet service,Month-to-month,No,Bank transfer (automatic),21.11,1295.04,Yes
2468-NMTRR,Female,0,No,No,4,Yes,No,DSL,Yes,No,Yes,No,No,No,Month-to-month,Yes,Electronic check,53.29,211.5,No
7967-IVCUU,Female,1,Yes,No,4,Yes,No,Fiber optic,Yes,No,No,No,No,No,One year,No,Electronic check,104.0,396.21,No
7639-TVJJK,Male,0,Yes,No,6,Yes,Yes,DSL,No,No,No,No,Yes,No,Month-to-month,No,Electronic check,48.51,293.43,Yes
7364-IPFIZ,Female,0,Yes,No,2,Yes,Yes,Fiber optic,No,No,No,No,Yes,Yes,One year,No,Electronic check,108.34,214.26,No
2621-XLLLQ,Female,1,No,No,2,Yes,No,Fiber optic,Yes,No,No,No,No,No,Month-to-month,No,Electronic check,91.71,175.94,No
4928-XBJLB,Male,0,Yes,No,2,Yes,No,No,No internet service,No internet service,No internet service,No internet service,No internet service,No internet service,Month-to-month,Yes,Bank transfer (automatic),21.49,51.73,No
6626-GGWQC,Female,0,Yes,No,63,Yes,Yes,No,No internet service,No internet service,No internet service,No internet service,No internet service,No internet service,Month-to-month,Yes,Electronic check,28.8,1810.31,Yes
2226-XYOLO,Female,0,Yes,No,68,Yes,No,Fiber optic,No,No,Yes,No,No,Yes,Month-to-month,Yes,Electronic check,86.77,5902.23,Yes
3717-XNUSG,Female,0,Yes,No,51,Yes,No,Fiber optic,No,Yes,No,No,No,No,Month-to-month,No,Electronic check,82.92,4215.91,No
2551-WHXFW,Female,0,Yes,No,2,Yes,No,DSL,No,No,No,Yes,No,No,One year,Yes,Electronic check,43.83,73.28,No
9417-WBPRC,Male,0,No,No,56,Yes,No,Fiber optic,No,No,Yes,No,Yes,Yes,Two year,Yes,Electronic check,77.07,4314.67,Yes
3025-HQPER,Female,0,No,No,5,Yes,No,Fiber optic,No,No,No,No,No,Yes,One year,No,Credit card (automatic),92.53,448.49,No
8150-ELTBE,Female,0,Yes,Yes,62,Yes,Yes,DSL,No,Yes,No,No,No,Yes,One year,No,Electronic check,50.65,3157.29,No
4855-ZCEIX,Male,1,No,No,63,No,No phone service,No,No internet service,No internet service,No internet service,No internet service,No internet service,No internet service,Month-to-month,Yes,Electronic check,18.18,1146.64,No
1776-UILQG,Female,0,No,No,64,No,No phone service,No,No internet service,No internet service,No internet service,No internet service,No internet service,No internet service,One year,Yes,Electronic check,27.45,1758.89,No
5198-LBLJI,Male,0,Yes,Yes,58,No,No phone service,DSL,Yes,Yes,No,No,No,Yes,One year,Yes,Bank transfer (automatic),61.74,3588.66,No
3994-EVKIF,Male,0,Yes,No,51,Yes,Yes,Fiber optic,Yes,Yes,Yes,Yes,Yes,No,Month-to-month,Yes,Electronic check,92.03,4693.96,Yes
5776-NCFKR,Male,0,No,Yes,4,Yes,Yes,DSL,Yes,Yes,No,No,No,Yes,Two year,No,Electronic check,66.75,272.25,No
4054-QANZW,Female,0,No,No,7,Yes,Yes,Fiber optic,No,No,No,No,No,No,Month-to-month,Yes,Credit card (automatic),80.56,553.88,Yes
1302-ZKWNA,Male,0,Yes,No,50,Yes,No,Fiber optic,No,No,No,No,No,Yes,Month-to-month,Yes,Mailed check,108.38,5407.77,No
3507-GOIEC,Male,0,Yes,Yes,54,Yes,Yes,No,No internet service,No internet service,No internet service,No internet service,No internet service,No internet service,Month-to-month,Yes,Bank transfer (automatic),18.49,981.05,No
2437-MOFBL,Male,0,Yes,Yes,31,Yes,No,DSL,Yes,No,No,No,No,No,Two year,Yes,Credit card (automatic),48.53,1502.67,No
7493-YDFRK,Female,0,Yes,No,50,Yes,No,No,No internet service,No internet service,No internet service,No internet service,No internet service,No internet service,Two year,No,Electronic check,22.41,1117.77,No
8695-SDWPK,Female,0,No,Yes,55,No,No phone service,No,No internet service,No internet service,No internet service,No internet service,No internet service,No internet service,Two year,Yes,Credit card (automatic),20.15,1124.41,No
6765-SGVVC,Female,0,No,Yes,7,Yes,Yes,Fiber optic,No,No,No,No,No,No,One year,Yes,Bank transfer (automatic),106.52,731.01,No
7649-BPWPH,Female,0,No,Yes,64,Yes,No,Fiber optic,No,Yes,No,No,Yes,Yes,One year,Yes,Electronic check,71.35,4571.27,No
2684-AIEUQ,Female,0,Yes,Yes,5,No,No phone service,Fiber optic,No,No,No,No,Yes,No,Month-to-month,Yes,Electronic check,81.73,398.53,Yes
2300-GWGFG,Female,0,Yes,Yes,4,Yes,Yes,Fiber optic,Yes,Yes,No,No,No,Yes,Month-to-month,No,Mailed check,70.52,294.3,Yes
3130-FLUFT,Female,0,Yes,No,57,No,No phone service,No,No internet service,No internet service,No internet service,No internet service,No internet service,No internet service,Two year,Yes,Electronic check,28.14,1590.12,No
8588-EVABL,Male,0,No,No,52,Yes,No,DSL,No,No,Yes,No,No,Yes,Month-to-month,Yes,Electronic check,62.58,3237.1,Yes
6874-CKIKK,Male,1,No,Yes,67,Yes,No,DSL,Yes,No,No,No,Yes,No,Month-to-month,No,Credit card (automatic),55.14,3688.34,Yes
5057-YFQXM,Male,1,Yes,Yes,15,Yes,No,No,No internet service,No internet service,No internet service,No internet service,No internet service,No internet service,Month-to-month,No,Electronic check,20.63,320.94,Yes
3559-NFJQF,Male,1,Yes,No,2,Yes,No,Fiber optic,No,No,No,Yes,Yes,No,Month-to-month,No,Mailed check,113.66,215.54,Yes
1729-HZTNO,Female,0,No,Yes,62,Yes,No,Fiber optic,Yes,No,No,No,No,No,Month-to-month,Yes,Bank transfer (automatic),114.99,7120.8,No
1600-QLJPE,Male,0,No,No,8,Yes,Yes,DSL,No,Yes,No,No,No,No,Month-to-month,No,Mailed check,66.73,539.78,No
7484-AMDJA,Male,0,Yes,Yes,62,Yes,No,Fiber optic,Yes,No,No,No,Yes,No,Month-to-month,No,Credit card (automatic),94.19,5833.94,No
5558-LAOJQ,Male,1,Yes,Yes,4,Yes,Yes,Fiber optic,No,Yes,No,Yes,No,No,Month-to-month,No,Bank transfer (automatic),75.96,309.6,Yes
9348-CYMLH,Male,0,Yes,Yes,4,Yes,Yes,Fiber optic,No,No,Yes,No,Yes,No,Month-to-month,Yes,Bank transfer (automatic),86.25,354.25,Yes
3923-BYQPH,Female,0,No,Yes,64,Yes,No,Fiber optic,No,No,No,No,No,No,Two year,Yes,Bank transfer (automatic),108.94,6961.9,No
6686-MDMVP,Female,0,No,No,50,Yes,Yes,No,No internet service,No internet service,No internet service,No internet service,No internet service,No internet service,One year,No,Credit card (automatic),29.04,1449.87,No
8930-MRPOD,Female,0,No,Yes,57,Yes,No,No,No internet service,No internet service,No internet service,No internet service,No internet service,No internet service,One year,Yes,Electronic check,28.28,1602.3,No
9937-EOPPX,Male,0,No,No,2,Yes,Yes,DSL,Yes,No,Yes,No,No,No,One year,Yes,Credit card (automatic),63.35,135.68,Yes
5507-GSWHB,Female,0,No,No,23,Yes,No,Fiber optic,Yes,No,No,No,No,No,Month-to-month,Yes,Electronic check,105.95,2437.25,No
4960-RRBCH,Male,0,Yes,No,61,Yes,No,Fiber optic,No,No,Yes,Yes,No,Yes,Two year,No,Bank transfer (automatic),113.32,6895.33,No
8759-UEWPZ,Female,0,Yes,Yes,1,Yes,No,DSL,No,No,Yes,No,No,Yes,Two year,Yes,Bank transfer (automatic),57.69,67.67,No
1355-VMWUG,Female,0,Yes,Yes,8,Yes,No,No,No internet service,No internet service,No internet service,No internet service,No internet service,No internet service,Month-to-month,Yes,Bank transfer (automatic),24.6,208.4,Yes
6596-PKCXQ,Female,0,Yes,No,61,Yes,Yes,Fiber optic,No,No,No,No,No,Yes,Month-to-month,No,Mailed check,91.46,5570.32,No
8873-IZDFA,Female,1,No,Yes,50,Yes,No,Fiber optic,No,No,Yes,Yes,No,Yes,One year,No,Bank transfer (automatic),81.01,4055.59,No
2913-IROOZ,Female,0,No,No,52,Yes,Yes,No,No internet service,No internet service,No internet service,No internet service,No internet service,No internet service,Month-to-month,No,Bank transfer (automatic),23.65,1247.72,No
5461-HMTIJ,Male,0,No,No,2,Yes,No,Fiber optic,No,No,Yes,No,Yes,No,Two year,Yes,Credit card (automatic),85.89,165.71,No
8673-JTNAO,Female,0,Yes,No,70,Yes,No,No,No internet service,No internet service,No internet service,No internet service,No internet service,No internet service,One year,Yes,Credit card (automatic),21.73,1535.89,No
2125-VFTTQ,Male,0,Yes,Yes,63,Yes,Yes,DSL,No,No,No,Yes,Yes,Yes,Month-to-month,Yes,Electronic check,66.27,4193.35,No
7935-GPQQM,Male,0,Yes,No,61,Yes,No,Fiber optic,No,No,No,No,Yes,Yes,Month-to-month,Yes,Bank transfer (automatic),103.84,6333.79,Yes
7500-XGSAM,Male,0,No,No,12,Yes,No,DSL,Yes,Yes,Yes,No,Yes,No,One year,Yes,Mailed check,56.96,672.99,No
8857-GSWKD,Male,0,Yes,No,66,Yes,No,DSL,Yes,No,Yes,No,No,Yes,Month-to-month,Yes,Electronic check,47.86,3144.89,No
6505-NTEZE,Male,0,Yes,Yes,63,Yes,Yes,DSL,Yes,No,Yes,No,No,No,Two year,Yes,Electronic check,51.13,3221.25,No
4342-ZZGMX,Female,0,Yes,No,14,Yes,No,DSL,No,Yes,No,Yes,No,No,Month-to-month,Yes,Electronic check,48.99,701.91,No
1162-DCBXL,Female,0,No,No,54,Yes,Yes,Fiber optic,No,No,Yes,No,No,Yes,Two year,Yes,Mailed check,111.54,6029.4,No
4631-JKSLE,Female,0,No,No,63,Yes,No,Fiber optic,No,Yes,No,Yes,No,No,Month-to-month,No,Mailed check,112.13,7075.05,Yes
8036-GNCLG,Female,0,No,No,7,Yes,No,DSL,Yes,No,Yes,No,Yes,Yes,One year,No,Electronic check,54.09,376.31,Yes
3136-JUHPF,Male,0,No,No,13,Yes,No,DSL,No,No,No,No,Yes,Yes,Month-to-month,No,Mailed check,65.41,842.98,No
6810-FKNBC,Female,0,No,Yes,53,Yes,Yes,DSL,No,No,No,Yes,Yes,No,Month-to-month,Yes,Credit card (automatic),67.97,3621.43,Yes
7730-UANRG,Female,0,Yes,No,51,Yes,Yes,Fiber optic,Yes,Yes,Yes,No,Yes,No,One year,Yes,Electronic check,72.99,3710.83,No
7635-YGMUY,Male,0,Yes,No,1,Yes,No,Fiber optic,Yes,No,No,No,No,No,Month-to-month,Yes,Electronic check,99.79,117.22,Yes
1399-SDUMV,Male,0,No,Yes,50,Yes,No,DSL,No,No,Yes,Yes,Yes,Yes,Month-to-month,No,Bank transfer (automatic),41.44,2087.44,No
8980-EWAKD,Female,0,No,No,1,Yes,Yes,No,No internet service,No internet service,No internet service,No internet service,No internet service,No internet service,Month-to-month,Yes,Electronic check,29.17,13.93,No
9861-RHOHO,Female,0,Yes,No,2,Yes,Yes,No,No internet service,No internet service,No internet service,No internet service,No internet service,No internet service,Month-to-month,Yes,Electronic check,20.87,33.44,Yes
2012-NYHHQ,Male,0,Yes,Yes,0,Yes,No,DSL,No,No,Yes,No,No,No,Month-to-month,Yes,Credit card (automatic),42.59,13.47,Yes
5832-JSVIL,Female,0,No,Yes,57,Yes,No,DSL,No,Yes,Yes,Yes,No,No,Two year,No,Mailed check,42.31,2403.94,No
5323-RYRRW,Female,1,Yes,No,68,Yes,No,Fiber optic,Yes,Yes,Yes,No,No,Yes,Month-to-month,No,Mailed check,106.69,7257.22,Yes
8923-JLCWY,Female,0,No,No,63,Yes,Yes,No,No internet service,No internet service,No internet service,No internet service,No internet service,No internet service,Month-to-month,No,Bank transfer (automatic),23.17,1462.45,No
3206-HJVZG,Female,0,Yes,No,0,Yes,No,DSL,No,Yes,No,No,No,No,Month-to-month,Yes,Mailed check,61.2,9.11,No
5810-QXFJZ,Male,0,Yes,Yes,54,Yes,No,No,No internet service,No internet service,No internet service,No internet service,No internet service,No internet service,Two year,No,Credit card (automatic),19.01,1044.26,No
4744-QWALI,Male,0,Yes,Yes,2,Yes,No,DSL,Yes,No,No,No,No,No,Two year,Yes,Mailed check,65.16,111.03,Yes
9880-LJPCO,Male,0,No,No,64,Yes,Yes,Fiber optic,Yes,Yes,Yes,No,No,No,One year,No,Mailed check,93.96,6030.77,No
1543-DSIEY,Female,0,No,No,3,No,No phone service,DSL,No,No,No,Yes,No,No,Two year,No,Bank transfer (automatic),57.5,185.83,No
5924-VZTBF,Female,0,Yes,Yes,13,Yes,Yes,No,No internet service,No internet service,No internet service,No internet service,No internet service,No internet service,Two year,No,Credit card (automatic),18.39,223.84,No
1981-LNFEJ,Female,0,No,No,0,Yes,No,Fiber optic,No,No,No,Yes,No,No,Month-to-month,Yes,Mailed check,111.6,7.07,Yes
9455-HDDQY,Female,0,Yes,No,9,Yes,No,Fiber optic,Yes,No,Yes,No,No,No,Month-to-month,Yes,Electronic check,101.85,923.53,Yes
5055-JKOPG,Female,0,Yes,Yes,53,Yes,No,DSL,No,No,Yes,No,No,No,Month-to-month,No,Mailed check,53.54,2828.73,No
1931-PWAHC,Male,0,No,Yes,5,Yes,No,DSL,Yes,No,No,No,No,Yes,Month-to-month,Yes,Electronic check,65.1,336.38,No
4166-GAEOJ,Female,0,Yes,Yes,2,Yes,No,Fiber optic,No,No,Yes,Yes,No,No,One year,No,Bank transfer (automatic),85.89,186.67,Yes
8431-FWDLJ,Female,0,No,No,60,Yes,No,No,No internet service,No internet service,No internet service,No internet service,No internet service,No internet service,One year,No,Electronic check,19.69,1171.3,No
6620-NYQJT,Male,0,No,Yes,4,Yes,No,No,No internet service,No internet service,No internet service,No internet service,No internet service,No internet service,One year,Yes,Bank transfer (automatic),29.8,132.44,No
5670-DKSBT,Female,0,No,No,59,Yes,No,No,No internet service,No internet service,No internet service,No internet service,No internet service,No internet service,Month-to-month,Yes,Credit card (automatic),18.64,1110.17,No
3927-VTYVD,Male,1,No,No,4,Yes,No,No,No internet service,No internet service,No internet service,No internet service,No internet service,No internet service,Two year,No,Bank transfer (automatic),26.2,87.87,No
6476-ZJRAL,Male,0,No,No,56,Yes,No,No,No internet service,No internet service,No internet service,No internet service,No internet service,No internet service,Month-to-month,Yes,Credit card (automatic),27.49,1546.85,No
8666-QTWPF,Male,0,Yes,Yes,9,Yes,No,DSL,No,Yes,Yes,No,Yes,Yes,Month-to-month,Yes,Electronic check,59.45,521.41,Yes
8421-GMCGZ,Male,0,Yes,No,54,Yes,Yes,DSL,Yes,No,No,Yes,No,Yes,Two year,Yes,Bank transfer (automatic),65.34,3516.38,No
4381-CMOOR,Male,0,Yes,No,52,Yes,No,DSL,Yes,No,No,No,No,No,Month-to-month,Yes,Bank transfer (automatic),48.47,2504.97,No
4796-RLTKX,Female,0,No,No,3,Yes,Yes,Fiber optic,Yes,Yes,Yes,No,Yes,Yes,Month-to-month,Yes,Mailed check,94.43,292.42,Yes
9094-EMUIJ,Male,0,Yes,No,71,Yes,No,No,No internet service,No internet service,No internet service,No internet service,No internet service,No internet service,One year,Yes,Bank transfer (automatic),22.17,1591.61,No
7617-YISIB,Male,0,Yes,No,63,Yes,No,Fiber optic,Yes,No,No,No,No,No,Two year,No,Mailed check,78.86,4959.76,No
9025-ZMKMH,Female,1,No,No,66,No,No phone service,Fiber optic,Yes,Yes,No,No,No,No,Month-to-month,No,Bank transfer (automatic),95.05,6273.5,No
5903-LTOML,Female,0,No,Yes,62,Yes,Yes,No,No internet service,No internet service,No internet service,No internet service,No internet service,No internet service,One year,Yes,Bank transfer (automatic),29.13,1805.91,No
8951-UPGRD,Male,0,No,No,70,Yes,No,No,No internet service,No internet service,No internet service,No internet service,No internet service,No internet service,Two year,Yes,Electronic check,26.12,1808.68,No
8823-BEZJY,Female,1,No,No,57,Yes,No,Fiber optic,Yes,No,No,Yes,No,No,Month-to-month,No,Electronic check,93.58,5326.49,No
2898-WZROZ,Female,0,Yes,No,40,Yes,No,No,No internet service,No internet service,No internet service,No internet service,No internet service,No internet service,Month-to-month,Yes,Bank transfer (automatic),24.22,957.46,No
8061-URFPS,Male,0,No,Yes,68,No,No phone service,DSL,No,No,No,Yes,No,No,One year,Yes,Electronic check,64.63,4375.12,No
3410-WBIFN,Male,0,Yes,Yes,67,Yes,Yes,Fiber optic,No,Yes,No,No,Yes,No,Month-to-month,Yes,Bank transfer (automatic),96.41,6444.97,Yes
9696-ADKPH,Female,1,Yes,No,54,No,No phone service,Fiber optic,No,No,Yes,No,Yes,No,Month-to-month,Yes,Bank transfer (automatic),96.86,5232.96,No
8514-UQIGL,Male,0,No,Yes,1,Yes,No,DSL,No,No,No,No,No,No,Two year,No,Credit card (automatic),58.09,65.85,No
1233-VBWPL,Male,0,No,No,0,Yes,No,DSL,No,No,No,Yes,Yes,No,One year,No,Electronic check,64.07,19.95,No
7781-YWGFJ,Female,0,No,No,50,Yes,No,No,No internet service,No internet service,No internet service,No internet service,No internet service,No internet service,Month-to-month,No,Mailed check,19.77,996.8,Yes
5303-CLCLU,Male,0,No,No,32,Yes,No,Fiber optic,No,Yes,No,No,No,No,Month-to-month,No,Bank transfer (automatic),84.07,2673.85,No
7305-EOAIW,Male,0,No,Yes,50,Yes,No,Fiber optic,No,Yes,No,Yes,Yes,No,One year,Yes,Bank transfer (automatic),96.08,4801.75,No
2629-XMTIY,Male,0,Yes,Yes,18,No,No phone service,DSL,Yes,No,Yes,No,No,Yes,Month-to-month,Yes,Bank transfer (automatic),51.31,930.19,No
6028-SXWHY,Male,0,No,No,55,Yes,No,No,No internet service,No internet service,No internet service,No internet service,No internet service,No internet service,One year,No,Electronic check,19.3,1061.27,No
3604-QOYCY,Male,1,No,No,1,Yes,Yes,Fiber optic,No,No,No,No,No,Yes,Two year,No,Electronic check,106.97,99.46,No
3967-PJHSW,Female,0,No,No,63,Yes,No,DSL,No,Yes,No,Yes,Yes,Yes,Month-to-month,Yes,Bank transfer (automatic),69.9,4385.9,No
3825-EXPKI,Female,1,Yes,No,65,Yes,No,DSL,No,No,No,No,Yes,No,Two year,Yes,Electronic check,66.25,4302.46,No
1549-CEWFU,Male,0,Yes,No,13,Yes,Yes,No,No internet service,No internet service,No internet service,No internet service,No internet service,No internet service,Two year,No,Electronic check,21.5,273.07,No
8143-TIEVL,Female,0,No,Yes,5,Yes,No,No,No internet service,No internet service,No internet service,No internet service,No internet service,No internet service,Month-to-month,Yes,Mailed check,19.07,109.75,No
7273-CSREY,Male,0,Yes,No,18,Yes,No,Fiber optic,No,No,No,No,Yes,No,Month-to-month,Yes,Credit card (automatic),76.4,1362.05,Yes
6105-CYEWH,Male,0,No,Yes,61,Yes,No,Fiber optic,Yes,No,No,No,No,Yes,Month-to-month,Yes,Electronic check,93.31,5710.56,Yes
7850-VSKQK,Male,1,Yes,Yes,14,Yes,Yes,No,No internet service,No internet service,No internet service,No internet service,No internet service,No internet service,Month-to-month,Yes,Credit card (automatic),27.09,392.71,No
9595-WTULZ,Male,0,Yes,No,3,Yes,Yes,Fiber optic,No,No,Yes,No,Yes,No,Month-to-month,Yes,Mailed check,72.42,207.62,No
4174-VAZLU,Male,0,No,No,8,Yes,Yes,No,No internet service,No internet service,No internet service,No internet service,No internet service,No internet service,Month-to-month,Yes,Bank transfer (automatic),23.65,170.59,Yes
4525-MBJEG,Female,0,Yes,No,51,Yes,No,Fiber optic,No,Yes,No,No,No,No,Month-to-month,Yes,Electronic check,87.35,4453.62,No
8968-EWHHL,Female,0,No,No,3,Yes,No,No,No internet service,No internet service,No internet service,No internet service,No internet service,No internet service,Month-to-month,Yes,Electronic check,21.0,68.84,Yes
5413-DVUHB,Male,0,Yes,Yes,7,Yes,No,Fiber optic,No,No,No,No,No,Yes,Month-to-month,Yes,Electronic check,79.92,551.69,Yes
6064-BIIET,Female,0,Yes,No,11,Yes,No,Fiber optic,No,Yes,No,No,No,No,Month-to-month,No,Credit card (automatic),81.11,872.75,Yes
3187-MBKMD,Male,0,Yes,No,1,Yes,Yes,DSL,No,No,Yes,Yes,Yes,Yes,Month-to-month,No,Bank transfer (automatic),66.94,85.11,No
1474-BQYFW,Female,0,No,Yes,62,Yes,No,Fiber optic,No,No,No,No,No,No,Month-to-month,No,Credit card (automatic),73.72,4564.25,No
9057-GZVZC,Male,0,Yes,No,0,No,No phone service,Fiber optic,Yes,Yes,Yes,Yes,Yes,Yes,Two year,Yes,Bank transfer (automatic),84.5,17.29,No
3871-KIDHY,Female,0,No,No,70,Yes,Yes,Fiber optic,No,Yes,No,No,Yes,Yes,Month-to-month,Yes,Bank transfer (automatic),87.77,6136.74,Yes
6509-FEYCB,Male,0,No,No,4,Yes,No,Fiber optic,No,No,No,No,Yes,Yes,Two year,Yes,Mailed check,82.63,336.12,No
8514-JBZWT,Male,0,No,No,60,Yes,Yes,Fiber optic,Yes,No,Yes,Yes,No,Yes,Month-to-month,Yes,Electronic check,87.13,5231.38,No
1495-WIJDM,Female,0,No,No,7,Yes,No,No,No internet service,No internet service,No internet service,No internet service,No internet service,No internet service,One year,No,Electronic check,29.0,215.51,Yes
7246-BCJUS,Female,0,Yes,No,10,Yes,Yes,Fiber optic,No,Yes,No,No,No,No,Month-to-month,Yes,Mailed check,76.29,779.31,Yes
1730-QKLSA,Male,0,Yes,No,8,No,No phone service,DSL,No,No,No,No,Yes,No,Two year,Yes,Mailed check,48.84,389.14,No
3285-JKLTQ,Female,0,No,No,6,Yes,Yes,DSL,No,No,No,Yes,Yes,No,Month-to-month,Yes,Electronic check,51.95,308.72,No
6079-FLYYY,Male,0,Yes,No,3,Yes,Yes,Fiber optic,No,No,Yes,Yes,No,No,Two year,Yes,Bank transfer (automatic),102.87,320.71,No
2433-HGCTF,Female,0,No,No,62,Yes,No,Fiber optic,No,No,No,No,Yes,Yes,Month-to-month,Yes,Credit card (automatic),108.81,6731.57,Yes
5882-GUPOQ,Female,0,No,Yes,52,Yes,Yes,DSL,Yes,No,No,Yes,Yes,No,Month-to-month,Yes,Bank transfer (automatic),43.06,2229.51,No
2386-AMBHT,Male,0,Yes,No,1,Yes,No,Fiber optic,Yes,No,No,No,No,No,Month-to-month,Yes,Mailed check,72.67,57.42,Yes
8524-JJIUX,Female,0,No,No,22,Yes,Yes,No,No internet service,No internet service,No internet service,No internet service,No internet service,No internet service,One year,No,Electronic check,28.92,628.23,No
5535-NMKQR,Female,0,No,Yes,69,No,No phone service,No,No internet service,No internet service,No internet service,No internet service,No internet service,No internet service,Two year,Yes,Electronic check,24.33,1680.51,No
4475-FGXBJ,Male,0,Yes,No,66,Yes,No,DSL,No,No,No,No,No,No,Month-to-month,Yes,Credit card (automatic),47.96,3172.87,No
4451-IDCRL,Female,0,No,Yes,58,Yes,No,DSL,No,Yes,No,Yes,Yes,Yes,One year,Yes,Mailed check,61.83,3577.08,No
9673-TYCFP,Male,0,Yes,Yes,70,Yes,Yes,DSL,No,No,No,No,No,No,One year,Yes,Bank transfer (automatic),61.42,4307.42,No
5939-XMBQE,Male,0,No,No,62,Yes,No,No,No internet service,No internet service,No internet service,No internet service,No internet service,No internet service,One year,No,Credit card (automatic),22.21,1373.69,No
5176-WKPTK,Male,0,No,No,59,Yes,No,DSL,No,No,No,No,No,No,One year,No,Mailed check,54.83,3244.74,No
9603-GWYGS,Male,0,No,No,55,Yes,No,DSL,No,No,No,Yes,Yes,Yes,Month-to-month,No,Bank transfer (automatic),44.79,2464.92,No
6417-QFJHP,Male,0,No,Yes,61,Yes,Yes,DSL,No,Yes,Yes,No,No,No,Month-to-month,Yes,Credit card (automatic),63.79,3905.9,Yes
4815-CSXCZ,Female,0,No,No,55,Yes,No,No,No internet service,No internet service,No internet service,No internet service,No internet service,No internet service,Two year,Yes,Electronic check,18.12,1010.54,No
2559-NBIRM,Male,0,No,Yes,10,Yes,No,Fiber optic,Yes,No,No,Yes,No,No,Month-to-month,Yes,Electronic check,73.72,734.25,Yes
3404-UQWOE,Male,0,No,No,70,Yes,Yes,Fiber optic,No,No,No,No,Yes,No,Two year,Yes,Credit card (automatic),90.12,6320.66,No
4339-AEYKY,Female,0,No,No,5,Yes,No,No,No internet service,No internet service,No internet service,No internet service,No internet service,No internet service,Two year,No,Credit card (automatic),20.03,103.27,No
7029-EGHER,Female,1,No,No,53,Yes,No,Fiber optic,No,No,No,No,Yes,No,Two year,Yes,Mailed check,100.65,5324.08,No
6344-OBQYA,Female,0,No,Yes,6,Yes,No,Fiber optic,No,Yes,No,Yes,Yes,No,Month-to-month,Yes,Mailed check,104.91,614.12,Yes
7809-YVTYK,Male,0,No,No,0,No,No phone service,DSL,Yes,No,No,No,Yes,No,Month-to-month,No,Bank transfer (automatic),60.04,0.0,Yes
3471-FQGCW,Male,0,No,No,57,Yes,Yes,Fiber optic,No,Yes,No,Yes,No,No,Month-to-month,Yes,Electronic check,89.19,5073.77,No
9936-YZSHC,Male,0,No,Yes,0,Yes,No,Fiber optic,No,No,No,Yes,No,No,Two year,No,Electronic check,90.88,0.0,Yes
7204-LQEPH,Female,0,Yes,Yes,66,No,No phone service,Fiber optic,No,Yes,No,No,Yes,No,Month-to-month,Yes,Credit card (automatic),80.93,5328.91,No
4713-IUSAC,Male,0,No,No,56,Yes,Yes,DSL,No,No,No,Yes,Yes,No,Month-to-month,No,Bank transfer (automatic),61.78,3456.56,No
1589-FZZOT,Female,0,No,No,0,Yes,Yes,DSL,Yes,Yes,Yes,Yes,No,No,Month-to-month,No,Bank transfer (automatic),43.45,0.0,No
6397-MMZSU,Male,0,No,No,51,Yes,No,No,No internet service,No internet service,No internet service,No internet service,No internet service,No internet service,Month-to-month,No,Bank transfer (automatic),26.01,1335.68,No
9693-MQXXC,Female,0,Yes,Yes,0,Yes,Yes,Fiber optic,No,No,Yes,No,No,Yes,Month-to-month,No,Mailed check,79.72,0.0,Yes
1927-NPPNX,Male,0,No,No,58,Yes,Yes,Fiber optic,Yes,No,No,No,No,No,Month-to-month,Yes,Credit card (automatic),103.36,6011.94,No
7626-PIYZC,Male,1,Yes,No,9,Yes,No,Fiber optic,No,No,Yes,Yes,Yes,Yes,Month-to-month,No,Bank transfer (automatic),73.31,655.19,No
3269-ZFRVX,Male,0,Yes,No,52,Yes,No,DSL,Yes,No,Yes,No,No,Yes,Two year,No,Electronic check,54.56,2821.38,No
9489-NRYGD,Female,0,No,No,52,Yes,No,DSL,No,Yes,No,Yes,Yes,No,One year,No,Electronic check,43.55,2244.95,No
2657-PNGJS,Female,0,No,No,27,Yes,No,Fiber optic,Yes,No,No,No,No,No,One year,No,Electronic check,87.57,2381.11,No
3995-AXDWK,Male,0,Yes,No,6,No,No phone service,Fiber optic,Yes,Yes,Yes,No,No,No,Month-to-month,Yes,Electronic check,109.83,657.36,No
8202-XCFGI,Male,1,No,No,13,Yes,No,No,No internet service,No internet service,No internet service,No internet service,No internet service,No internet service,Two year,No,Credit card (automatic),18.0,248.84,Yes
9135-IOEPS,Male,0,Yes,No,52,Yes,Yes,DSL,No,Yes,No,Yes,Yes,No,Two year,No,Mailed check,55.58,2891.9,No
2176-IZIXC,Female,0,Yes,Yes,53,Yes,Yes,DSL,Yes,No,No,No,No,No,Two year,Yes,Mailed check,64.32,3393.71,No
1057-HGPHI,Male,0,Yes,No,12,Yes,Yes,DSL,Yes,No,No,No,Yes,No,Month-to-month,No,Credit card (automatic),60.73,734.82,Yes
5732-VIQLR,Male,0,No,Yes,0,No,No phone service,Fiber optic,No,No,No,No,No,No,Two year,Yes,Electronic check,103.22,9.47,No
8746-OSHIA,Male,0,Yes,No,8,Yes,No,DSL,No,No,Yes,No,Yes,No,Month-to-month,No,Mailed check,44.03,353.27,Yes
5228-GMIUW,Male,0,Yes,No,4,Yes,No,DSL,Yes,No,No,No,No,Yes,Month-to-month,No,Electronic check,62.57,241.48,Yes
8829-BGNLU,Female,0,No,No,8,Yes,Yes,DSL,No,No,Yes,No,Yes,No,Month-to-month,Yes,Mailed check,43.33,360.01,No
1569-QBDCX,Female,0,Yes,Yes,1,Yes,No,DSL,No,No,No,Yes,No,No,One year,No,Electronic check,49.17,32.97,No
4303-QGLFT,Male,0,No,Yes,2,Yes,No,DSL,No,No,No,Yes,No,No,One year,No,Electronic check,63.33,128.12,Yes
2334-DGIDT,Male,1,No,Yes,19,Yes,Yes,Fiber optic,Yes,No,No,No,No,Yes,Month-to-month,No,Electronic check,101.85,1948.57,Yes
3212-YWCVA,Female,0,No,Yes,52,Yes,No,Fiber optic,Yes,No,No,Yes,No,No,Two year,No,Electronic check,114.95,5973.3,No
5490-WUNRG,Female,0,Yes,No,0,Yes,No,DSL,Yes,No,No,No,Yes,No,Month-to-month,Yes,Credit card (automatic),58.15,0.0,No
4664-FBNEH,Male,0,No,No,25,Yes,No,Fiber optic,No,No,No,No,No,Yes,Month-to-month,No,Electronic check,101.79,2536.28,Yes
2420-QSEPV,Female,0,No,Yes,22,Yes,Yes,No,No internet service,No internet service,No internet service,No internet service,No internet service,No internet service,Month-to-month,No,Mailed check,26.13,569.39,Yes
3345-WVAXZ,Female,0,Yes,Yes,68,Yes,No,DSL,No,No,No,No,Yes,No,Month-to-month,Yes,Bank transfer (automatic),49.15,3335.8,No
6606-MRRRO,Male,0,Yes,No,61,Yes,Yes,No,No internet service,No internet service,No internet service,No internet service,No internet service,No internet service,Month-to-month,Yes,Credit card (automatic),24.79,1506.73,No
7770-ZWJMI,Female,0,No,No,10,Yes,No,DSL,Yes,No,No,No,No,No,Month-to-month,No,Credit card (automatic),43.57,418.77,No
1710-LVUUF,Female,1,Yes,No,1,Yes,No,DSL,Yes,No,No,No,No,Yes,Two year,Yes,Mailed check,69.82,62.6,No
1614-PPLFW,Male,0,No,Yes,8,Yes,No,DSL,No,No,No,Yes,No,No,Two year,No,Electronic check,50.29,420.01,No
5334-BMXRX,Male,0,No,No,5,Yes,Yes,DSL,No,Yes,No,Yes,Yes,No,Month-to-month,Yes,Bank transfer (automatic),65.7,323.67,No
7999-ORAGV,Female,1,Yes,No,3,Yes,No,Fiber optic,No,No,No,Yes,No,No,One year,Yes,Bank transfer (automatic),72.1,233.66,No
7978-NQHCZ,Male,1,Yes,Yes,70,Yes,No,DSL,No,Yes,No,Yes,No,No,Month-to-month,No,Bank transfer (automatic),40.81,2838.16,No
5868-DRFKF,Female,0,No,Yes,7,Yes,Yes,No,No internet service,No internet service,No internet service,No internet service,No internet service,No internet service,Month-to-month,Yes,Mailed check,18.03,131.63,No
4906-SYYGI,Male,0,Yes,No,61,Yes,Yes,Fiber optic,No,No,No,Yes,Yes,No,Month-to-month,No,Credit card (automatic),79.31,4833.65,No
5776-TOBLX,Female,0,No,No,55,Yes,Yes,Fiber optic,No,No,No,No,Yes,No,Month-to-month,No,Mailed check,110.25,6057.6,Yes
3148-JFUDL,Male,1,Yes,Yes,2,Yes,Yes,Fiber optic,No,No,No,No,Yes,No,Month-to-month,Yes,Bank transfer (automatic),102.48,207.87,Yes
3016-SGGAA,Female,1,No,No,69,Yes,Yes,Fiber optic,No,No,No,No,Yes,No,Month-to-month,No,Mailed check,103.94,7156.36,No
3298-TKVGK,Female,0,No,Yes,3,Yes,Yes,DSL,No,No,Yes,Yes,Yes,No,Month-to-month,No,Electronic check,48.27,154.01,No
7625-ITRST,Female,0,Yes,No,63,Yes,No,DSL,No,No,No,No,Yes,Yes,Two year,Yes,Electronic check,66.61,4209.36,No
1698-MGQTI,Male,0,Yes,No,69,Yes,No,Fiber optic,Yes,No,No,No,No,No,Two year,Yes,Bank transfer (automatic),71.31,4901.94,No
5416-EJYDC,Male,0,No,No,13,Yes,No,DSL,Yes,No,Yes,No,No,Yes,Two year,No,Electronic check,47.81,607.71,No
4643-NABSG,Female,0,No,No,6,Yes,Yes,DSL,Yes,No,No,No,No,Yes,Two year,No,Credit card (automatic),64.16,369.62,No
8490-UILIA,Female,1,Yes,No,60,Yes,No,Fiber optic,No,Yes,No,Yes,Yes,Yes,Month-to-month,No,Mailed check,82.42,4962.76,No
5306-DNNNX,Male,0,No,Yes,0,No,No phone service,Fiber optic,No,Yes,No,No,Yes,Yes,One year,Yes,Credit card (automatic),100.51,7.66,No
2405-KOMLK,Male,0,Yes,No,4,Yes,No,DSL,No,No,No,No,Yes,No,Month-to-month,Yes,Mailed check,64.04,247.64,No
8607-KQQOC,Male,0,No,No,12,Yes,No,DSL,No,No,No,No,Yes,Yes,Two year,No,Electronic check,59.96,703.41,No
8682-KVTUR,Male,0,No,No,71,Yes,No,DSL,No,Yes,No,Yes,No,No,Two year,Yes,Electronic check,43.46,3092.34,No
8988-OOIVN,Male,0,Yes,No,67,Yes,Yes,DSL,No,No,No,No,Yes,No,Month-to-month,No,Electronic check,58.08,3874.9,No
3235-RTMJH,Male,0,Yes,No,0,Yes,Yes,Fiber optic,No,Yes,No,No,No,No,Month-to-month,No,Electronic check,74.69,16.87,Yes
9718-AMUBX,Female,0,Yes,No,22,Yes,Yes,Fiber optic,No,Yes,No,Yes,No,No,Month-to-month,Yes,Mailed check,94.87,2077.74,Yes
9335-TLBUW,Male,0,No,Yes,14,No,No phone service,DSL,Yes,No,No,No,No,No,Month-to-month,No,Electronic check,45.52,627.92,No
9417-AVQYN,Female,0,Yes,No,1,Yes,No,DSL,No,No,No,Yes,No,No,Two year,No,Mailed check,58.3,56.67,No
1435-UUQEK,Male,0,Yes,No,65,Yes,No,Fiber optic,No,Yes,No,No,Yes,No,Two year,Yes,Electronic check,88.21,5751.42,No
3137-LDWQW,Male,0,No,No,71,Yes,No,DSL,No,Yes,Yes,Yes,No,Yes,Month-to-month,No,Mailed check,40.54,2873.94,No
5661-ZGLJF,Female,0,Yes,No,12,Yes,Yes,DSL,No,No,No,Yes,No,No,Month-to-month,No,Bank transfer (automatic),58.38,694.33,No
2202-WTKJD,Female,0,No,No,12,Yes,No,Fiber optic,No,Yes,Yes,Yes,Yes,No,Month-to-month,No,Mailed check,76.75,924.38,Yes
6411-IMLYD,Male,0,Yes,No,14,Yes,Yes,DSL,No,Yes,No,No,No,No,Two year,Yes,Mailed check,53.52,768.37,No
7796-JRLAX,Female,0,Yes,No,52,No,No phone service,No,No internet service,No internet service,No internet service,No internet service,No internet service,No internet service,Two year,Yes,Electronic check,26.59,1372.46,No
1655-FHUTH,Female,0,Yes,No,15,Yes,No,Fiber optic,Yes,No,No,Yes,Yes,Yes,One year,Yes,Bank transfer (automatic),81.13,1231.66,No
8881-UWDWT,Female,1,No,No,52,Yes,No,Fiber optic,Yes,No,No,No,No,Yes,One year,No,Credit card (automatic),107.85,5608.03,No
5344-FFXMF,Female,0,No,No,2,Yes,No,DSL,No,Yes,Yes,No,No,No,One year,Yes,Credit card (automatic),56.0,123.52,No
9434-NVZQE,Male,0,No,Yes,68,Yes,Yes,DSL,No,Yes,No,No,No,Yes,Month-to-month,Yes,Mailed check,40.19,2727.66,No
7757-TERFE,Female,0,Yes,No,8,Yes,No,DSL,No,No,No,Yes,Yes,No,Two year,No,Bank transfer (automatic),54.15,431.23,No
8996-OFHJN,Male,0,Yes,No,62,Yes,No,DSL,Yes,No,Yes,No,No,Yes,Month-to-month,Yes,Mailed check,66.9,4143.36,No
2680-ONXUT,Male,0,No,No,68,Yes,No,Fiber optic,Yes,Yes,Yes,Yes,Yes,No,Month-to-month,Yes,Electronic check,90.37,6145.67,Yes
2832-AMLAP,Male,1,Yes,No,20,Yes,No,DSL,Yes,No,No,No,Yes,Yes,Month-to-month,Yes,Bank transfer (automatic),44.89,884.23,Yes
8053-JVHEN,Male,0,Yes,Yes,52,Yes,Yes,No,No internet service,No internet service,No internet service,No internet service,No internet service,No internet service,One year,Yes,Mailed check,24.06,1264.24,No
2884-XTGPU,Female,0,Yes,No,5,Yes,No,No,No internet service,No internet service,No internet service,No internet service,No internet service,No internet service,Month-to-month,Yes,Bank transfer (automatic),22.48,107.98,No
1653-RABTA,Female,0,No,No,3,Yes,No,Fiber optic,No,No,Yes,Yes,No,Yes,One year,Yes,Mailed check,84.16,245.69,Yes
8471-RLENV,Male,1,No,No,57,Yes,No,No,No internet service,No internet service,No internet service,No internet service,No internet service,No internet service,Two year,Yes,Electronic check,25.13,1445.94,No
2551-QYEAO,Male,0,Yes,Yes,7,Yes,No,DSL,No,No,No,No,No,No,Two year,Yes,Credit card (automatic),53.74,364.82,No
3410-PYXZX,Male,0,Yes,No,2,Yes,Yes,Fiber optic,No,No,No,No,Yes,No,One year,Yes,Electronic check,76.63,162.36,Yes
2236-XAHJN,Male,0,No,No,55,Yes,Yes,DSL,No,No,No,Yes,Yes,No,Month-to-month,No,Mailed check,56.48,3100.02,No
9049-DDPWM,Female,0,No,No,59,Yes,Yes,No,No internet service,No internet service,No internet service,No internet service,No internet service,No internet service,Month-to-month,No,Bank transfer (automatic),28.67,1694.38,No
1735-FKMAN,Male,1,Yes,No,59,No,No phone service,Fiber optic,No,No,No,No,No,Yes,Month-to-month,Yes,Credit card (automatic),78.22,4615.64,Yes
8116-QQIBJ,Female,0,No,No,62,Yes,Yes,DSL,No,No,No,Yes,Yes,No,Month-to-month,No,Electronic check,66.12,4102.63,No
2087-MZKJG,Male,0,Yes,No,56,Yes,Yes,Fiber optic,Yes,No,No,No,No,No,Two year,Yes,Electronic check,93.4,5233.72,No
4866-SPYEU,Male,1,Yes,No,15,No,No phone service,DSL,No,Yes,No,No,No,Yes,Two year,Yes,Electronic check,56.5,855.02,No
6131-SNOAA,Male,1,Yes,Yes,1,Yes,No,Fiber optic,No,No,Yes,Yes,Yes,No,Month-to-month,Yes,Electronic check,88.69,87.4,No
6400-WFVGR,Male,0,Yes,Yes,53,Yes,No,No,No internet service,No internet service,No internet service,No internet service,No internet service,No internet service,Two year,No,Bank transfer (automatic),25.74,1363.9,No
3004-CGRPO,Female,1,Yes,No,71,Yes,No,DSL,Yes,No,No,No,Yes,Yes,One year,Yes,Electronic check,50.1,3567.44,No
1938-YZTED,Female,0,No,No,10,Yes,No,Fiber optic,No,Yes,No,No,Yes,Yes,Two year,Yes,Bank transfer (automatic),98.52,973.56,No
5646-KDANP,Female,0,Yes,No,64,Yes,Yes,Fiber optic,No,Yes,Yes,No,No,Yes,Month-to-month,No,Bank transfer (automatic),91.44,5863.32,Yes
7070-EBDLP,Male,1,Yes,No,71,Yes,No,Fiber optic,Yes,No,No,Yes,Yes,No,One year,No,Credit card (automatic),95.48,6759.42,No
1488-LLLLD,Male,0,Yes,No,15,Yes,Yes,Fiber optic,No,No,No,No,Yes,No,Month-to-month,Yes,Bank transfer (automatic),104.91,1576.74,No
1940-ALDEC,Female,0,No,No,59,Yes,No,No,No internet service,No internet service,No internet service,No internet service,No internet service,No internet service,Month-to-month,Yes,Credit card (automatic),28.36,1670.66,No
3946-XZTRZ,Female,0,No,No,1,Yes,Yes,DSL,No,No,No,Yes,No,No,Month-to-month,Yes,Bank transfer (automatic),52.58,57.88,No
7050-VVSME,Male,0,Yes,Yes,0,No,No phone service,DSL,No,Yes,No,No,No,No,Month-to-month,Yes,Electronic check,65.29,0.0,Yes
5435-GGGGO,Male,0,Yes,No,11,Yes,Yes,Fiber optic,No,Yes,No,No,No,No,Month-to-month,Yes,Credit card (automatic),114.0,1265.59,Yes
1519-UFTIJ,Female,0,Yes,Yes,1,Yes,Yes,Fiber optic,No,No,Yes,Yes,Yes,Yes,Month-to-month,No,Electronic check,82.84,70.76,No
5319-IQHPY,Male,0,Yes,No,33,Yes,Yes,Fiber optic,No,Yes,No,Yes,Yes,Yes,One year,Yes,Electronic check,81.79,2689.88,No
7944-CHGJT,Male,0,Yes,No,65,Yes,Yes,No,No internet service,No internet service,No internet service,No internet service,No internet service,No internet service,One year,Yes,Bank transfer (automatic),22.67,1476.66,No
5587-FVKVQ,Female,0,No,Yes,67,Yes,No,Fiber optic,Yes,Yes,No,No,Yes,No,Two year,No,Mailed check,110.18,7371.49,No
7151-GRZEY,Male,1,No,No,63,No,No phone service,Fiber optic,Yes,Yes,Yes,No,Yes,Yes,Month-to-month,No,Electronic check,85.17,5383.51,No
3210-YEESM,Female,0,No,No,3,No,No phone service,DSL,No,Yes,No,No,No,No,Two year,No,Electronic check,65.94,212.22,Yes
5063-DLDLJ,Male,0,Yes,No,20,Yes,No,DSL,No,No,No,No,Yes,No,One year,Yes,Electronic check,50.11,1012.61,No
8798-KSTUX,Female,0,Yes,No,4,Yes,No,Fiber optic,No,No,Yes,No,No,No,Month-to-month,No,Credit card (automatic),93.54,384.24,No
8687-SMTZI,Male,0,No,No,56,Yes,Yes,No,No internet service,No internet service,No internet service,No internet service,No internet service,No internet service,One year,No,Bank transfer (automatic),23.9,1344.26,No
2382-MANMB,Female,1,No,No,52,Yes,No,Fiber optic,No,Yes,Yes,No,No,Yes,One year,No,Bank transfer (automatic),86.15,4489.18,No
4433-LPIHJ,Female,0,Yes,No,0,Yes,Yes,Fiber optic,No,No,Yes,No,Yes,No,Month-to-month,No,Electronic check,101.81,0.0,No
7851-BGHMO,Female,0,No,No,11,Yes,No,Fiber optic,Yes,No,Yes,No,No,No,One year,No,Mailed check,110.09,1214.22,No
9360-AQYHF,Female,0,Yes,No,7,Yes,Yes,DSL,No,Yes,Yes,No,Yes,Yes,One year,No,Mailed check,57.71,394.47,No
3946-YRGZO,Male,0,Yes,No,53,Yes,No,DSL,No,No,No,No,No,Yes,Two year,No,Mailed check,45.85,2413.96,No
7492-KLQRE,Male,0,Yes,No,1,Yes,No,Fiber optic,Yes,No,Yes,No,No,No,Two year,Yes,Mailed check,77.01,95.88,No
3424-ORIQH,Female,0,No,No,5,Yes,Yes,No,No internet service,No internet service,No internet service,No internet service,No internet service,No internet service,One year,Yes,Electronic check,20.06,118.14,No
9837-LWOGI,Male,0,Yes,Yes,61,Yes,No,No,No internet service,No internet service,No internet service,No internet service,No internet service,No internet service,One year,Yes,Bank transfer (automatic),20.7,1278.94,No
3710-AFYPO,Male,0,No,No,70,Yes,No,Fiber optic,No,Yes,Yes,No,No,No,Two year,Yes,Bank transfer (automatic),105.92,7420.28,No
7395-SQAMZ,Male,0,Yes,No,58,Yes,No,Fiber optic,No,No,No,No,No,Yes,Two year,No,Mailed check,84.53,4882.85,No
6095-GBBUI,Male,0,Yes,No,68,Yes,No,Fiber optic,No,No,No,No,No,No,Two year,No,Credit card (automatic),76.19,5172.82,No
6461-YOUBM,Male,0,No,No,54,Yes,No,DSL,Yes,No,No,Yes,No,Yes,Two year,Yes,Bank transfer (automatic),51.32,2751.99,No
1933-AGYRO,Female,0,Yes,Yes,67,Yes,Yes,Fiber optic,No,Yes,Yes,No,No,Yes,Month-to-month,Yes,Mailed check,90.92,6084.84,No
9127-EGQSO,Female,0,Yes,No,58,Yes,Yes,Fiber optic,Yes,No,Yes,Yes,Yes,No,Two year,Yes,Electronic check,94.78,5489.11,No
3274-NJUCI,Female,0,Yes,No,64,Yes,Yes,DSL,No,Yes,No,Yes,No,No,Month-to-month,Yes,Credit card (automatic),66.55,4262.08,No
2333-KKAXF,Female,0,No,No,58,Yes,Yes,DSL,No,No,Yes,No,No,Yes,One year,Yes,Mailed check,56.31,3251.68,No
5484-GMQXR,Male,0,No,Yes,28,Yes,Yes,Fiber optic,Yes,No,No,No,No,No,Month-to-month,No,Mailed check,82.57,2304.9,Yes
2113-IQNQD,Male,0,Yes,Yes,9,No,No phone service,Fiber optic,No,No,No,Yes,No,No,Month-to-month,Yes,Bank transfer (automatic),87.9,807.03,Yes
2972-LHTSZ,Female,0,Yes,No,67,Yes,Yes,DSL,No,Yes,Yes,No,Yes,No,Month-to-month,Yes,Bank transfer (automatic),69.73,4661.16,No
8129-QCYBZ,Male,0,No,Yes,66,Yes,Yes,No,No internet service,No internet service,No internet service,No internet service,No internet service,No internet service,Two year,Yes,Bank transfer (automatic),24.23,1598.92,No
6604-FSNKJ,Male,0,Yes,No,18,Yes,No,No,No internet service,No internet service,No internet service,No internet service,No internet service,No internet service,Two year,Yes,Electronic check,28.94,505.67,Yes
2588-DXFYW,Female,0,Yes,Yes,2,Yes,Yes,Fiber optic,No,No,No,No,Yes,No,Month-to-month,No,Electronic check,109.73,229.56,No
1401-MHUBL,Male,0,Yes,No,54,Yes,Yes,Fiber optic,No,Yes,No,No,No,No,One year,Yes,Electronic check,110.98,5976.14,Yes
7702-RMUDZ,Female,0,No,No,65,Yes,No,DSL,No,No,No,Yes,No,Yes,Two year,Yes,Electronic check,51.37,3325.77,No
8371-LDSGP,Female,0,Yes,No,60,Yes,Yes,No,No internet service,No internet service,No internet service,No internet service,No internet service,No internet service,Month-to-month,Yes,Credit card (automatic),22.63,1377.24,No
2117-SUZLI,Male,1,No,No,58,Yes,No,DSL,Yes,No,No,No,Yes,No,One year,Yes,Credit card (automatic),68.38,3957.91,No
4925-VYVFV,Male,0,No,No,5,Yes,No,DSL,No,No,No,Yes,Yes,No,Month-to-month,Yes,Mailed check,63.89,299.87,No
4112-XHTNU,Female,0,No,Yes,70,Yes,No,Fiber optic,No,No,No,No,No,No,Two year,No,Electronic check,90.14,6299.31,No
9785-BTFAT,Female,0,No,No,15,Yes,Yes,Fiber optic,No,Yes,Yes,No,No,Yes,Month-to-month,Yes,Mailed check,114.1,1708.73,Yes
7277-SFJWN,Male,0,Yes,No,33,Yes,Yes,No,No internet service,No internet service,No internet service,No internet service,No internet service,No internet service,Two year,Yes,Electronic check,29.92,986.18,No
2753-QYGEA,Female,0,No,Yes,55,Yes,No,Fiber optic,Yes,Yes,No,Yes,No,No,Month-to-month,No,Bank transfer (automatic),88.01,4836.84,No
6616-XQOAN,Female,1,No,Yes,61,No,No phone service,DSL,Yes,No,No,No,No,No,Month-to-month,No,Electronic check,62.42,3793.04,No
5838-VIBWX,Female,0,No,Yes,62,Yes,No,No,No internet service,No internet service,No internet service,No internet service,No internet service,No internet service,Month-to-month,No,Electronic check,28.06,1727.19,No
5434-SJEUN,Male,0,Yes,No,5,Yes,No,Fiber optic,Yes,No,No,Yes,No,Yes,Month-to-month,Yes,Credit card (automatic),109.19,552.63,No
9837-YBBYS,Female,0,Yes,No,18,Yes,Yes,Fiber optic,No,No,No,No,No,No,One year,No,Mailed check,80.14,1461.44,Yes
9656-BMCJU,Male,1,No,Yes,65,Yes,No,Fiber optic,Yes,No,Yes,No,Yes,No,Month-to-month,No,Electronic check,92.24,6005.57,Yes
1708-UUKVO,Female,0,Yes,Yes,70,Yes,Yes,No,No internet service,No internet service,No internet service,No internet service,No internet service,No internet service,Month-to-month,No,Electronic check,25.78,1815.42,No
8913-TDCUD,Male,0,Yes,No,61,Yes,Yes,DSL,No,Yes,Yes,No,Yes,No,One year,Yes,Bank transfer (automatic),41.57,2533.26,No
1267-KRHUV,Female,0,No,No,70,Yes,No,DSL,Yes,No,No,Yes,No,Yes,Two year,No,Electronic check,57.72,4034.74,No
9717-URBBG,Male,1,No,No,53,Yes,Yes,Fiber optic,No,No,Yes,Yes,No,No,Two year,Yes,Electronic check,108.21,5747.17,No
1513-COOEN,Male,0,Yes,No,24,Yes,No,No,No internet service,No internet service,No internet service,No internet service,No internet service,No internet service,One year,Yes,Bank transfer (automatic),22.37,544.62,No
1287-KSAQI,Male,0,No,No,68,Yes,No,DSL,No,Yes,No,No,No,No,Two year,Yes,Credit card (automatic),59.7,4057.53,No
6646-IQFCH,Female,0,No,No,3,Yes,Yes,DSL,Yes,No,Yes,No,No,Yes,One year,Yes,Mailed check,58.7,186.42,No
7148-JZVAM,Female,0,Yes,No,65,Yes,Yes,Fiber optic,Yes,No,No,Yes,No,Yes,Month-to-month,No,Mailed check,87.88,5695.06,Yes
8356-CSSMC,Female,0,No,Yes,12,No,No phone service,Fiber optic,No,No,Yes,No,No,No,Month-to-month,No,Credit card (automatic),71.35,838.82,Yes
1780-ZZNLF,Male,0,No,No,50,Yes,Yes,Fiber optic,No,No,No,No,No,No,Month-to-month,Yes,Electronic check,78.78,3947.38,Yes
7381-WYCYG,Female,0,No,No,52,Yes,No,No,No internet service,No internet service,No internet service,No internet service,No internet service,No internet service,Month-to-month,No,Electronic check,20.05,1061.82,Yes
5142-MSPND,Male,0,No,No,37,Yes,Yes,DSL,Yes,Yes,Yes,No,Yes,No,Two year,Yes,Mailed check,60.52,2225.62,No
3345-OTPDT,Female,0,No,No,59,Yes,No,Fiber optic,No,No,No,No,No,No,Two year,Yes,Electronic check,94.78,5610.0,No
1961-IUBCV,Male,0,Yes,No,0,Yes,No,Fiber optic,No,Yes,Yes,Yes,Yes,Yes,Month-to-month,Yes,Electronic check,114.56,18.83,Yes
8164-HGTYM,Male,0,Yes,No,7,Yes,Yes,DSL,No,No,Yes,No,Yes,No,Month-to-month,Yes,Electronic check,41.87,276.97,Yes
3704-NATMD,Male,0,Yes,No,59,No,No phone service,DSL,No,Yes,No,No,Yes,Yes,One year,Yes,Electronic check,61.9,3650.29,No
8736-LGOHR,Female,0,No,No,62,Yes,No,DSL,Yes,No,No,No,Yes,Yes,Two year,Yes,Bank transfer (automatic),47.21,2924.43,No
3188-HZHOH,Female,0,No,No,11,Yes,Yes,DSL,No,Yes,No,No,Yes,No,Month-to-month,Yes,Bank transfer (automatic),69.45,752.53,No
4452-PDPVD,Female,0,Yes,No,62,Yes,No,Fiber optic,No,Yes,No,Yes,Yes,No,Month-to-month,Yes,Electronic check,108.52,6725.87,No
5471-JWAUL,Male,1,Yes,Yes,68,Yes,No,Fiber optic,Yes,No,Yes,Yes,No,Yes,Two year,Yes,Electronic check,91.72,6250.42,No
1382-BLYVK,Male,0,Yes,No,14,Yes,No,Fiber optic,No,No,Yes,No,Yes,No,Two year,Yes,Electronic check,89.61,1271.19,No
2671-EVHWG,Female,0,Yes,No,1,Yes,Yes,DSL,No,Yes,Yes,Yes,No,Yes,Month-to-month,Yes,Electronic check,66.41,59.69,Yes
2316-FQGDZ,Female,0,Yes,No,7,Yes,No,Fiber optic,Yes,No,No,No,No,Yes,Month-to-month,No,Bank transfer (automatic),98.69,679.69,Yes
5870-LPVZJ,Female,0,Yes,Yes,0,Yes,No,No,No internet service,No internet service,No internet service,No internet service,No internet service,No internet service,One year,No,Mailed check,27.6,0.88,No
6195-SRPXO,Male,0,No,No,65,Yes,Yes,Fiber optic,Yes,Yes,Yes,Yes,No,No,Two year,Yes,Bank transfer (automatic),81.44,5285.4,No
7212-WZLOD,Male,0,Yes,Yes,55,Yes,No,Fiber optic,No,No,Yes,No,No,Yes,Month-to-month,No,Electronic check,93.65,5152.18,Yes
8209-APOLE,Male,0,No,No,43,Yes,No,DSL,No,Yes,No,No,No,No,Two year,Yes,Credit card (automatic),47.32,2039.73,No
1693-BSTTP,Male,0,No,No,56,Yes,No,DSL,Yes,Yes,No,No,Yes,Yes,Month-to-month,Yes,Bank transfer (automatic),67.55,3794.62,Yes
6908-OKISJ,Male,0,No,No,65,Yes,No,DSL,No,No,Yes,Yes,No,Yes,One year,Yes,Electronic check,63.38,4125.81,No
5539-ZOXVZ,Female,0,Yes,Yes,20,Yes,Yes,Fiber optic,No,No,No,No,No,No,One year,Yes,Mailed check,108.65,2174.35,Yes
6042-HMXRZ,Male,0,No,No,54,Yes,Yes,Fiber optic,No,No,No,No,No,Yes,Month-to-month,No,Credit card (automatic),75.02,4058.04,No
1144-KKZUW,Male,0,No,Yes,57,Yes,No,Fiber optic,No,No,No,Yes,Yes,No,Month-to-month,No,Mailed check,79.93,4544.98,No
3339-XMIUU,Male,1,Yes,No,60,Yes,Yes,Fiber optic,No,No,No,Yes,Yes,Yes,Month-to-month,No,Bank transfer (automatic),90.84,5467.75,No
1442-WQLXW,Male,0,Yes,No,2,Yes,No,No,No internet service,No internet service,No internet service,No internet service,No internet service,No internet service,Two year,No,Mailed check,27.09,60.12,No
6625-RKQKH,Male,0,Yes,No,65,Yes,Yes,DSL,No,Yes,No,No,No,No,Month-to-month,Yes,Mailed check,47.83,3122.79,Yes
4270-KYWJH,Female,0,No,No,65,Yes,No,No,No internet service,No internet service,No internet service,No internet service,No internet service,No internet service,One year,Yes,Credit card (automatic),26.92,1738.49,No
7631-RRXMG,Male,0,No,No,7,Yes,No,Fiber optic,No,No,Yes,Yes,No,Yes,One year,Yes,Mailed check,99.55,704.13,No
4731-BWROC,Male,0,Yes,No,69,Yes,No,DSL,No,No,No,No,No,Yes,One year,Yes,Mailed check,61.95,4255.51,No
2878-LFRAZ,Male,0,Yes,No,20,No,No phone service,Fiber optic,No,No,No,No,No,Yes,Two year,Yes,Mailed check,90.23,1790.48,No
2514-MBAAE,Female,0,No,No,57,Yes,No,Fiber optic,No,No,No,No,Yes,Yes,One year,No,Electronic check,90.09,5120.56,No
4927-FARRU,Female,0,No,No,2,Yes,No,Fiber optic,Yes,No,No,No,No,Yes,One year,Yes,Credit card (automatic),73.99,163.42,No
5184-DJSZX,Female,1,No,Yes,69,Yes,No,DSL,Yes,No,Yes,No,No,No,One year,No,Electronic check,56.61,3904.65,No
5911-UOPDF,Male,0,No,No,65,Yes,No,Fiber optic,No,Yes,No,No,No,No,One year,No,Electronic check,108.45,7056.43,No
8474-JIXTG,Female,1,No,No,4,No,No phone service,DSL,No,No,No,No,Yes,Yes,Month-to-month,Yes,Bank transfer (automatic),49.79,218.15,No
1944-CXUTB,Male,0,No,No,71,Yes,Yes,DSL,Yes,No,Yes,Yes,Yes,Yes,Two year,Yes,Bank transfer (automatic),63.44,4519.23,No
4053-PMHDN,Male,0,Yes,No,62,Yes,Yes,No,No internet service,No internet service,No internet service,No internet service,No internet service,No internet service,Month-to-month,Yes,Electronic check,21.05,1309.51,No
5120-ZZMVW,Female,0,Yes,No,15,Yes,No,Fiber optic,No,No,No,No,Yes,No,One year,No,Bank transfer (automatic),95.24,1418.89,Yes
4074-FHEUZ,Male,0,No,No,71,Yes,Yes,Fiber optic,Yes,Yes,No,Yes,Yes,No,One year,No,Credit card (automatic),111.89,7930.47,No
4542-NLZIR,Male,1,Yes,No,0,Yes,No,Fiber optic,No,No,Yes,No,Yes,No,Month-to-month,No,Credit card (automatic),87.17,7.28,No
3074-GRWKF,Male,0,Yes,No,51,Yes,Yes,No,No internet service,No internet service,No internet service,No internet service,No internet service,No internet service,Month-to-month,Yes,Electronic check,28.74,1459.33,No
7316-GQLIA,Female,0,No,No,3,Yes,No,DSL,No,Yes,No,No,Yes,No,Month-to-month,Yes,Electronic check,68.67,203.0,No
6295-JXDCD,Male,1,No,No,0,Yes,Yes,Fiber optic,Yes,No,No,Yes,Yes,No,Month-to-month,Yes,Mailed check,89.37,7.04,Yes
7899-IVGZP,Male,0,No,No,71,Yes,No,Fiber optic,Yes,No,Yes,No,Yes,No,Two year,Yes,Mailed check,77.23,5495.47,No
6884-PUYBG,Female,0,No,No,3,Yes,No,DSL,Yes,Yes,No,No,No,No,Two year,Yes,Electronic check,43.24,132.01,No
7341-ICWHJ,Male,0,No,No,4,Yes,No,Fiber optic,No,Yes,No,No,Yes,Yes,Month-to-month,No,Electronic check,84.01,350.34,No
6925-ZZSOL,Male,0,Yes,No,53,Yes,No,Fiber optic,No,Yes,Yes,Yes,No,Yes,Month-to-month,No,Credit card (automatic),110.29,5859.06,Yes
6633-ZUISX,Female,0,No,No,9,Yes,No,Fiber optic,No,Yes,No,No,Yes,No,Two year,No,Mailed check,78.31,706.91,Yes
6360-XDEBP,Male,0,Yes,No,59,Yes,No,No,No internet service,No internet service,No internet service,No internet service,No internet service,No internet service,Month-to-month,Yes,Electronic check,19.74,1147.98,No
2323-JYUQH,Male,0,Yes,No,0,Yes,Yes,No,No internet service,No internet service,No internet service,No internet service,No internet service,No internet service,Two year,Yes,Electronic check,24.2,7.49,No
5130-EHMEQ,Male,0,Yes,No,54,Yes,Yes,No,No internet service,No internet service,No internet service,No internet service,No internet service,No internet service,Month-to-month,Yes,Bank transfer (automatic),20.35,1093.99,No
9141-VDNLX,Male,0,No,No,1,Yes,No,DSL,No,Yes,No,No,No,Yes,One year,No,Mailed check,48.89,60.08,No
7575-OZIYY,Male,1,Yes,No,7,Yes,No,DSL,Yes,Yes,No,Yes,No,No,Month-to-month,Yes,Mailed check,69.3,468.05,Yes
3559-EDMKI,Female,0,No,No,61,Yes,No,Fiber optic,Yes,No,Yes,No,Yes,Yes,Month-to-month,Yes,Mailed check,80.38,4901.4,No
1539-IPTAH,Female,0,Yes,Yes,6,Yes,No,Fiber optic,No,No,Yes,No,Yes,Yes,Month-to-month,No,Electronic check,107.07,639.1,No
1379-VAPMA,Female,0,Yes,No,6,Yes,No,Fiber optic,No,Yes,Yes,No,Yes,Yes,One year,Yes,Bank transfer (automatic),96.43,566.09,No
7616-WXVED,Female,0,No,Yes,71,Yes,No,No,No internet service,No internet service,No internet service,No internet service,No internet service,No internet service,Month-to-month,Yes,Bank transfer (automatic),22.57,1604.56,No
6461-MVCKA,Male,0,No,No,8,Yes,No,DSL,No,No,No,No,No,No,One year,Yes,Electronic check,69.9,560.37,No
2671-BHWCS,Male,0,Yes,No,0,Yes,No,DSL,No,No,Yes,No,No,No,Month-to-month,Yes,Electronic check,50.48,0.0,Yes
8726-CJRZP,Male,1,No,No,8,Yes,Yes,DSL,No,Yes,No,Yes,Yes,No,Month-to-month,Yes,Electronic check,43.58,341.86,Yes
7027-FUPYQ,Male,0,No,No,60,Yes,Yes,Fiber optic,No,Yes,Yes,Yes,No,No,Month-to-month,No,Electronic check,84.23,5070.51,No
3275-YVTLT,Male,0,No,No,70,Yes,Yes,Fiber optic,No,Yes,No,No,No,No,Month-to-month,Yes,Credit card (automatic),82.82,5808.86,No
3986-OOLHY,Female,0,No,Yes,66,Yes,No,DSL,Yes,Yes,Yes,No,No,No,Month-to-month,Yes,Mailed check,67.11,4443.05,No
7704-ODDEC,Female,0,Yes,No,15,Yes,No,Fiber optic,No,Yes,No,No,No,Yes,Month-to-month,No,Electronic check,70.44,1047.9,Yes
4043-GDZKN,Male,0,No,No,66,Yes,No,Fiber optic,Yes,No,No,No,Yes,No,One year,Yes,Credit card (automatic),70.79,4690.51,No
5951-EIXZZ,Male,0,Yes,No,64,Yes,No,DSL,No,Yes,No,No,Yes,No,Two year,Yes,Mailed check,45.19,2885.2,No
4838-JQPYM,Male,0,Yes,No,54,Yes,No,DSL,Yes,No,No,Yes,No,No,Two year,No,Bank transfer (automatic),46.43,2491.35,No
6539-ZHJSP,Female,1,No,No,8,Yes,No,No,No internet service,No internet service,No internet service,No internet service,No internet service,No internet service,Month-to-month,No,Credit card (automatic),28.01,236.87,No
2368-VJOCH,Male,0,Yes,No,60,No,No phone service,No,No internet service,No internet service,No internet service,No internet service,No internet service,No internet service,Month-to-month,Yes,Credit card (automatic),20.57,1215.7,No
5517-LGMOW,Male,0,Yes,No,2,Yes,Yes,DSL,Yes,No,No,Yes,No,Yes,Month-to-month,No,Credit card (automatic),49.88,118.62,Yes
2879-PXXAQ,Male,0,No,Yes,0,Yes,Yes,DSL,No,Yes,No,No,No,Yes,Month-to-month,Yes,Credit card (automatic),63.86,0.0,No
7494-WGWAG,Female,0,No,No,60,No,No phone service,Fiber optic,No,No,No,No,No,Yes,Month-to-month,No,Bank transfer (automatic),98.63,5903.37,Yes
7702-ZCAQK,Male,0,No,Yes,14,Yes,Yes,Fiber optic,No,Yes,No,No,No,Yes,Month-to-month,No,Electronic check,90.64,1249.98,No
3047-LHNAM,Female,0,No,No,57,Yes,Yes,Fiber optic,No,Yes,Yes,Yes,No,Yes,Month-to-month,Yes,Electronic check,108.69,6179.76,Yes
3617-UQWJQ,Female,0,Yes,No,1,Yes,No,Fiber optic,No,No,No,No,No,No,Month-to-month,No,Mailed check,82.11,71.4,Yes
8743-CZXCW,Female,0,No,Yes,61,Yes,Yes,Fiber optic,No,No,Yes,Yes,No,Yes,Month-to-month,Yes,Credit card (automatic),114.36,6987.74,No
1138-FOUUT,Female,0,No,No,68,Yes,No,No,No internet service,No internet service,No internet service,No internet service,No internet service,No internet service,Month-to-month,No,Electronic check,18.32,1226.21,No
6391-YJUGH,Female,0,Yes,No,7,Yes,No,Fiber optic,Yes,No,Yes,No,No,No,Month-to-month,No,Electronic check,113.46,808.4,Yes
9941-FMWTP,Female,0,Yes,Yes,3,Yes,No,DSL,No,No,No,No,Yes,Yes,One year,No,Bank transfer (automatic),50.23,142.8,No
5286-VOWMR,Male,0,Yes,Yes,61,Yes,No,Fiber optic,No,No,No,No,No,No,Month-to-month,Yes,Electronic check,80.73,4940.11,No
8968-XEUOL,Male,0,No,Yes,71,Yes,No,DSL,Yes,Yes,Yes,No,No,Yes,Month-to-month,Yes,Bank transfer (automatic),66.11,4690.5,No
4414-UGTHT,Male,0,Yes,Yes,1,Yes,Yes,Fiber optic,No,No,No,No,No,No,Month-to-month,No,Bank transfer (automatic),77.13,85.36,Yes
5871-MGEUK,Female,0,No,Yes,2,Yes,Yes,Fiber optic,No,No,Yes,No,No,Yes,Month-to-month,No,Mailed check,89.2,164.25,No
9063-MDEGG,Male,0,Yes,No,51,Yes,No,Fiber optic,No,No,No,No,No,No,Two year,Yes,Mailed check,84.8,4326.53,No
6635-COTWW,Female,0,Yes,No,1,Yes,No,DSL,Yes,Yes,No,Yes,No,No,Month-to-month,No,Mailed check,66.98,60.13,Yes
7876-WIZZO,Female,0,Yes,No,11,Yes,No,No,No internet service,No internet service,No internet service,No internet service,No internet service,No internet service,Month-to-month,Yes,Electronic check,21.52,227.18,No
8158-PUROW,Female,0,Yes,No,50,Yes,No,Fiber optic,No,No,Yes,No,Yes,Yes,One year,Yes,Electronic check,107.63,5388.61,Yes
9010-XYEUO,Male,0,Yes,No,2,Yes,No,DSL,Yes,No,Yes,Yes,No,No,One year,No,Electronic check,46.79,109.76,Yes
4583-MLYNK,Female,0,Yes,No,54,Yes,No,DSL,Yes,Yes,No,No,No,Yes,Two year,No,Bank transfer (automatic),60.87,3292.36,No
3002-BSDAU,Female,0,Yes,No,53,Yes,No,DSL,No,Yes,Yes,No,No,No,Two year,No,Bank transfer (automatic),50.8,2707.76,No
9724-FNRFJ,Male,0,No,No,51,Yes,No,Fiber optic,No,No,No,No,No,No,Month-to-month,Yes,Mailed check,88.9,4528.92,Yes
7959-WURUF,Male,0,No,No,66,Yes,Yes,DSL,No,No,No,No,Yes,No,Month-to-month,Yes,Electronic check,41.67,2756.81,No
7110-UHJGI,Female,0,No,No,17,No,No phone service,DSL,No,No,Yes,No,No,Yes,One year,Yes,Electronic check,56.46,943.78,No
2790-AZMST,Female,0,No,No,0,Yes,No,DSL,No,Yes,Yes,No,No,No,Two year,Yes,Credit card (automatic),44.31,18.03,No
6814-QBXWZ,Male,0,No,Yes,2,Yes,Yes,Fiber optic,No,Yes,No,Yes,Yes,Yes,Two year,Yes,Electronic check,105.61,219.63,No
6005-PMGEI,Male,0,No,No,1,Yes,No,Fiber optic,No,No,No,Yes,No,No,Month-to-month,Yes,Electronic check,110.16,111.41,Yes
5985-NFAYU,Male,0,Yes,No,13,Yes,No,DSL,No,No,No,No,No,Yes,Month-to-month,Yes,Electronic check,55.39,734.75,No
3404-NAMJB,Female,0,No,No,5,Yes,No,No,No internet service,No internet service,No internet service,No internet service,No internet service,No internet service,Two year,No,Bank transfer (automatic),21.09,113.96,No
3424-FCDJD,Male,0,No,Yes,51,Yes,Yes,No,No internet service,No internet service,No internet service,No internet service,No internet service,No internet service,Month-to-month,No,Bank transfer (automatic),28.19,1435.51,No
7977-ROJCO,Male,0,No,Yes,0,No,No phone service,DSL,Yes,No,Yes,Yes,Yes,No,Month-to-month,No,Credit card (automatic),43.26,2.76,Yes
5425-YLJTA,Male,0,No,No,0,No,No phone service,Fiber optic,No,No,Yes,Yes,No,Yes,One year,Yes,Credit card (automatic),86.06,2.38,Yes
1502-WBPHM,Female,0,Yes,Yes,66,Yes,No,Fiber optic,Yes,No,No,No,No,No,Month-to-month,No,Electronic check,101.49,6704.81,Yes
9540-CJSSX,Male,0,No,No,58,Yes,No,Fiber optic,Yes,No,No,Yes,No,No,Two year,Yes,Credit card (automatic),78.99,4591.93,No
2443-AZZPM,Male,0,Yes,No,1,Yes,No,Fiber optic,No,No,Yes,No,No,No,Two year,Yes,Credit card (automatic),82.46,77.85,No
5385-XCANW,Male,0,Yes,No,1,Yes,No,Fiber optic,Yes,Yes,Yes,Yes,No,No,Month-to-month,No,Mailed check,113.62,124.27,No
6454-PHYVL,Male,0,Yes,Yes,57,Yes,No,Fiber optic,No,No,Yes,Yes,Yes,Yes,One year,No,Electronic check,97.32,5538.45,No
9273-EMCKG,Male,0,Yes,No,62,Yes,Yes,Fiber optic,No,No,Yes,No,No,Yes,One year,No,Electronic check,79.01,4893.8,Yes
7502-GLPNU,Female,0,Yes,Yes,20,Yes,No,Fiber optic,No,No,No,No,No,Yes,Month-to-month,Yes,Credit card (automatic),87.7,1748.92,No
5143-BUKLX,Female,0,Yes,No,8,Yes,No,No,No internet service,No internet service,No internet service,No internet service,No internet service,No internet service,Month-to-month,No,Credit card (automatic),28.05,207.65,Yes
8840-DSVCZ,Female,0,No,No,53,No,No phone service,DSL,No,No,No,Yes,No,No,Month-to-month,No,Credit card (automatic),54.46,2874.12,Yes
6623-SQKAG,Male,1,Yes,No,61,Yes,Yes,No,No internet service,No internet service,No internet service,No internet service,No internet service,No internet service,Two year,No,Mailed check,24.94,1540.62,No
4233-CWANT,Female,1,No,No,54,Yes,No,No,No internet service,No internet service,No internet service,No internet service,No internet service,No internet service,Month-to-month,No,Bank transfer (automatic),27.78,1500.32,No
3524-PTPIF,Female,0,No,No,4,Yes,Yes,No,No internet service,No internet service,No internet service,No internet service,No internet service,No internet service,Month-to-month,No,Bank transfer (automatic),19.36,66.27,Yes
7287-ZLFTP,Female,1,No,No,56,Yes,No,DSL,Yes,No,No,No,No,No,Month-to-month,Yes,Mailed check,58.58,3275.82,No
9253-RJLOC,Male,0,Yes,Yes,7,Yes,No,DSL,No,No,No,No,No,No,Month-to-month,Yes,Credit card (automatic),40.28,279.81,No
1255-JMPSU,Male,0,No,No,9,Yes,No,No,No internet service,No internet service,No internet service,No internet service,No internet service,No internet service,Month-to-month,Yes,Credit card (automatic),18.46,164.99,No
9348-IKYHC,Female,0,Yes,Yes,47,Yes,Yes,No,No internet service,No internet service,No internet service,No internet service,No internet service,No internet service,Month-to-month,Yes,Electronic check,23.93,1122.24,No
4857-ZGAEG,Female,0,Yes,No,0,Yes,Yes,DSL,Yes,Yes,No,No,No,No,Month-to-month,Yes,Electronic check,47.61,11.54,Yes
1958-RRPXL,Male,0,No,No,5,Yes,Yes,Fiber optic,No,No,No,No,No,No,One year,No,Mailed check,84.4,416.35,No
7543-LZQNB,Male,1,No,Yes,50,Yes,No,DSL,No,Yes,No,No,Yes,No,One year,No,Mailed check,69.32,3469.7,No
5838-DKEBQ,Female,0,No,No,60,Yes,No,DSL,No,No,No,Yes,No,No,One year,Yes,Electronic check,48.39,2901.54,No
1376-SEGOV,Male,0,Yes,Yes,71,No,No phone service,DSL,No,No,No,No,No,No,Month-to-month,No,Mailed check,53.75,3814.79,No
7762-MTSND,Female,0,Yes,Yes,1,Yes,Yes,DSL,Yes,Yes,Yes,No,No,No,One year,Yes,Credit card (automatic),42.83,60.51,No
6037-IRBJI,Male,0,Yes,No,11,Yes,No,Fiber optic,No,No,No,No,No,No,Month-to-month,Yes,Mailed check,85.34,931.78,No
6068-AUHPX,Female,0,No,No,4,Yes,Yes,DSL,No,No,Yes,No,No,No,Month-to-month,Yes,Bank transfer (automatic),40.71,148.09,Yes
7302-UQVYC,Female,0,Yes,Yes,1,Yes,Yes,No,No internet service,No internet service,No internet service,No internet service,No internet service,No internet service,Month-to-month,Yes,Bank transfer (automatic),28.12,23.33,Yes
8314-ASEXU,Male,0,No,No,51,No,No phone service,Fiber optic,No,Yes,No,No,No,No,Month-to-month,Yes,Electronic check,80.93,4112.69,Yes
5640-YRJJN,Female,0,Yes,No,50,Yes,Yes,Fiber optic,No,No,No,No,No,No,Month-to-month,Yes,Electronic check,103.39,5182.31,Yes
7922-SRMTJ,Female,0,Yes,No,62,Yes,Yes,No,No internet service,No internet service,No internet service,No internet service,No internet service,No internet service,Month-to-month,Yes,Credit card (automatic),27.38,1686.93,No
2624-HBKKA,Female,0,Yes,No,64,Yes,Yes,Fiber optic,No,No,No,No,Yes,No,Month-to-month,Yes,Mailed check,94.74,6065.86,Yes
4212-QRWLR,Male,1,Yes,Yes,6,Yes,No,DSL,No,No,No,Yes,No,No,Month-to-month,No,Credit card (automatic),52.33,301.81,No
2759-LMUSM,Male,0,No,Yes,9,Yes,Yes,Fiber optic,No,Yes,Yes,No,No,No,Month-to-month,Yes,Credit card (automatic),111.03,981.5,Yes
3434-NPYVG,Male,0,No,Yes,12,Yes,Yes,Fiber optic,No,Yes,Yes,No,No,Yes,Two year,Yes,Electronic check,72.12,858.33,Yes
4338-SHONU,Female,0,Yes,Yes,69,Yes,No,Fiber optic,Yes,No,No,No,No,No,One year,Yes,Electronic check,105.27,7283.32,No
2177-HZWUW,Male,0,Yes,Yes,67,Yes,Yes,Fiber optic,No,No,No,No,Yes,Yes,Two year,No,Mailed check,106.3,7141.09,No
1394-HKEOQ,Female,1,No,No,51,Yes,No,Fiber optic,No,Yes,No,Yes,No,No,One year,Yes,Mailed check,87.63,4468.06,No
1269-ZOINY,Female,0,No,No,60,Yes,No,Fiber optic,No,Yes,Yes,No,Yes,No,Month-to-month,Yes,Credit card (automatic),73.08,4380.05,No
2641-OPLIP,Male,0,No,No,0,Yes,Yes,Fiber optic,No,No,No,Yes,No,No,Two year,Yes,Mailed check,105.23,19.01,No
3105-FKHOO,Male,0,Yes,No,20,Yes,No,Fiber optic,No,Yes,No,No,No,No,Two year,Yes,Bank transfer (automatic),90.28,1802.92,No
6279-JBGWO,Female,1,Yes,Yes,62,Yes,Yes,DSL,Yes,No,Yes,No,Yes,No,Month-to-month,Yes,Bank transfer (automatic),66.47,4101.81,No
8755-VRFZD,Female,0,Yes,Yes,1,Yes,Yes,No,No internet service,No internet service,No internet service,No internet service,No internet service,No internet service,Month-to-month,No,Electronic check,27.85,46.1,Yes
9792-IXWNO,Male,0,Yes,No,4,Yes,No,Fiber optic,No,Yes,No,No,No,No,Month-to-month,Yes,Mailed check,77.5,323.76,No
9656-XNABG,Male,0,No,Yes,67,Yes,No,Fiber optic,No,Yes,No,No,Yes,Yes,Two year,No,Mailed check,86.46,5800.35,No
6975-QGFDJ,Male,0,Yes,No,11,Yes,No,Fiber optic,Yes,No,No,Yes,Yes,No,Month-to-month,No,Credit card (automatic),101.16,1127.39,No
6755-IUKGZ,Female,0,No,No,8,Yes,Yes,DSL,No,No,No,No,Yes,No,One year,No,Mailed check,64.49,501.78,No
8349-IQAHZ,Female,0,Yes,No,22,Yes,No,Fiber optic,Yes,No,No,No,No,No,One year,Yes,Electronic check,86.63,1895.02,No
9094-DQPYP,Female,0,No,No,12,Yes,No,Fiber optic,No,No,No,No,Yes,No,Month-to-month,No,Bank transfer (automatic),103.42,1224.32,Yes
8931-YAHFY,Female,0,Yes,Yes,62,Yes,No,Fiber optic,No,Yes,Yes,No,No,No,One year,Yes,Mailed check,103.55,6437.09,No
1841-NYVOD,Female,0,Yes,No,20,No,No phone service,Fiber optic,Yes,No,No,Yes,No,No,One year,No,Mailed check,97.03,1933.82,Yes
8400-ZKRAS,Male,0,No,No,9,No,No phone service,Fiber optic,No,No,No,Yes,No,No,Month-to-month,No,Electronic check,88.52,813.85,Yes
3287-GCPLD,Male,0,Yes,No,0,Yes,No,Fiber optic,No,No,No,No,Yes,Yes,Month-to-month,Yes,Electronic check,87.47,0.0,No
3313-SCGCY,Female,0,Yes,No,1,Yes,No,Fiber optic,No,Yes,No,No,No,No,Two year,No,Electronic check,83.18,92.1,No
2242-EAOEV,Female,0,Yes,Yes,5,Yes,No,Fiber optic,Yes,Yes,Yes,Yes,No,Yes,Month-to-month,Yes,Electronic check,73.4,377.1,Yes
4927-OANRB,Male,0,No,No,0,Yes,No,DSL,No,Yes,No,No,No,No,One year,No,Mailed check,69.53,0.0,Yes
9569-EGPEN,Male,0,No,No,1,Yes,No,Fiber optic,No,Yes,No,No,Yes,Yes,Month-to-month,No,Bank transfer (automatic),111.49,109.7,Yes
8058-JOESW,Male,0,No,No,5,Yes,Yes,Fiber optic,No,No,Yes,No,No,No,Month-to-month,Yes,Bank transfer (automatic),75.75,394.79,No
6679-THSMC,Male,0,No,No,51,Yes,No,Fiber optic,No,Yes,No,Yes,No,No,Two year,No,Electronic check,97.57,4987.45,Yes
3406-BNPXK,Female,0,No,Yes,0,Yes,No,Fiber optic,No,No,Yes,No,No,Yes,Month-to-month,No,Credit card (automatic),82.27,2.65,Yes
1052-GZLNT,Male,0,No,Yes,66,Yes,Yes,No,No internet service,No internet service,No internet service,No internet service,No internet service,No internet service,Month-to-month,Yes,Mailed check,18.42,1212.11,No
7879-BZPXO,Female,0,No,No,69,Yes,Yes,DSL,No,No,No,Yes,No,No,One year,Yes,Bank transfer (automatic),53.55,3714.03,No
9604-YUZDR,Male,0,No,No,1,Yes,Yes,DSL,Yes,No,Yes,Yes,Yes,No,One year,Yes,Bank transfer (automatic),64.86,46.51,No
4694-JRGYX,Male,0,Yes,No,71,Yes,No,Fiber optic,No,Yes,Yes,No,Yes,No,Month-to-month,Yes,Mailed check,74.1,5271.81,No
9082-WPDWI,Male,1,No,No,71,Yes,No,DSL,No,No,No,Yes,Yes,Yes,Two year,Yes,Credit card (automatic),52.25,3713.16,No
7607-SUEPF,Female,0,No,No,3,Yes,Yes,No,No internet service,No internet service,No internet service,No internet service,No internet service,No internet service,Month-to-month,Yes,Bank transfer (automatic),28.5,102.49,No
6593-YWZJW,Female,0,Yes,No,2,Yes,Yes,DSL,No,No,No,No,No,Yes,One year,Yes,Credit card (automatic),67.67,145.06,No
4833-HEESB,Male,0,Yes,No,68,Yes,No,Fiber optic,No,Yes,Yes,No,No,No,Month-to-month,Yes,Bank transfer (automatic),81.62,5535.97,Yes
5256-DFENL,Female,0,Yes,No,0,Yes,No,No,No internet service,No internet service,No internet service,No internet service,No internet service,No internet service,Month-to-month,Yes,Electronic check,28.86,11.52,No
5392-SPXDC,Female,0,Yes,Yes,9,Yes,Yes,DSL,No,Yes,No,No,Yes,No,Two year,Yes,Electronic check,59.26,526.38,No
8129-ZNVRL,Male,1,Yes,No,5,No,No phone service,Fiber optic,No,No,No,No,No,No,One year,No,Mailed check,105.64,521.84,No
6994-ELGYS,Male,0,Yes,No,51,Yes,No,DSL,No,Yes,No,No,No,Yes,One year,No,Mailed check,43.11,2198.14,No
5999-SHCZW,Female,0,Yes,Yes,4,Yes,No,No,No internet service,No internet service,No internet service,No internet service,No internet service,No internet service,Month-to-month,Yes,Electronic check,23.27,98.47,No
2258-PMZQT,Female,0,No,No,16,Yes,No,DSL,No,No,Yes,Yes,No,Yes,Two year,No,Mailed check,63.59,997.92,No
5936-SOSLT,Female,0,Yes,No,4,Yes,Yes,DSL,No,No,No,No,Yes,Yes,Month-to-month,Yes,Mailed check,56.87,245.72,Yes
4370-OUHIF,Male,0,Yes,No,9,No,No phone service,No,No internet service,No internet service,No internet service,No internet service,No internet service,No internet service,Month-to-month,Yes,Credit card (automatic),19.81,183.59,No
4829-LCKSG,Male,0,Yes,No,7,Yes,No,DSL,No,No,Yes,No,No,Yes,Two year,No,Electronic check,56.04,388.76,No
1754-HXNSA,Female,0,No,No,10,Yes,No,Fiber optic,No,Yes,No,Yes,No,No,Month-to-month,No,Electronic check,73.35,739.73,No
6016-ZBFXY,Male,1,Yes,No,6,Yes,Yes,DSL,Yes,No,No,No,No,No,Month-to-month,No,Electronic check,45.49,280.19,Yes
5112-GPHNA,Male,0,Yes,No,67,Yes,No,DSL,No,No,Yes,No,Yes,No,Two year,No,Bank transfer (automatic),42.05,2798.13,No
8722-WDRHK,Female,0,No,Yes,2,Yes,No,No,No internet service,No internet service,No internet service,No internet service,No internet service,No internet service,Two year,No,Mailed check,28.92,41.98,No
8179-GDGBK,Female,1,Yes,No,50,Yes,No,DSL,Yes,No,No,Yes,No,No,Two year,No,Electronic check,51.4,2572.36,No
8315-DSBTR,Male,0,Yes,No,9,Yes,No,DSL,No,No,No,No,No,Yes,Month-to-month,Yes,Mailed check,63.29,565.89,No
6394-LNILA,Male,0,Yes,No,3,Yes,Yes,No,No internet service,No internet service,No internet service,No internet service,No internet service,No internet service,Month-to-month,Yes,Bank transfer (automatic),23.32,68.81,No
7677-MWGOY,Female,0,No,Yes,69,Yes,Yes,Fiber optic,No,Yes,Yes,No,No,No,Month-to-month,Yes,Electronic check,70.87,4878.5,No
1851-GXXCV,Male,0,No,No,10,No,No phone service,Fiber optic,No,Yes,No,Yes,No,No,Month-to-month,No,Bank transfer (automatic),99.24,1009.88,Yes
8580-LTNDE,Male,0,No,No,58,Yes,No,DSL,No,Yes,No,No,No,Yes,Month-to-month,Yes,Electronic check,62.28,3606.25,Yes
5239-ANKEK,Female,0,Yes,No,17,Yes,No,Fiber optic,No,No,No,Yes,No,Yes,Month-to-month,No,Credit card (automatic),112.31,1891.63,No
8157-VQKDJ,Female,0,No,No,12,Yes,Yes,DSL,No,No,No,No,Yes,No,Month-to-month,No,Mailed check,40.45,490.97,Yes
2111-TKTND,Male,0,Yes,Yes,4,No,No phone service,No,No internet service,No internet service,No internet service,No internet service,No internet service,No internet service,Month-to-month,No,Mailed check,22.79,94.43,No
2572-OWGHH,Male,1,Yes,No,8,Yes,No,Fiber optic,Yes,No,No,No,Yes,Yes,One year,Yes,Bank transfer (automatic),77.25,621.28,No
4013-PXXNU,Male,0,Yes,No,4,Yes,No,Fiber optic,No,No,No,No,No,No,Month-to-month,No,Electronic check,85.52,324.99,Yes
6174-ULNVQ,Female,0,No,No,59,Yes,No,DSL,No,No,No,No,Yes,No,Two year,Yes,Electronic check,40.84,2420.39,No
8815-ESABQ,Male,0,Yes,No,56,Yes,No,Fiber optic,No,Yes,No,No,No,No,Month-to-month,Yes,Bank transfer (automatic),84.21,4709.11,No
9990-KNKKK,Male,0,No,No,5,Yes,Yes,No,No internet service,No internet service,No internet service,No internet service,No internet service,No internet service,Month-to-month,No,Electronic check,18.24,109.31,No
9698-DXQQP,Female,0,No,Yes,66,Yes,Yes,No,No internet service,No internet service,No internet service,No internet service,No internet service,No internet service,One year,Yes,Electronic check,18.93,1254.26,No
3116-OHYLE,Female,0,Yes,No,2,No,No phone service,DSL,No,No,No,No,No,No,Month-to-month,Yes,Mailed check,62.12,131.24,Yes
3857-JIGAV,Male,0,Yes,No,52,Yes,No,No,No internet service,No internet service,No internet service,No internet service,No internet service,No internet service,Month-to-month,No,Bank transfer (automatic),27.19,1417.24,Yes
7834-PAJIZ,Female,0,Yes,Yes,11,Yes,No,DSL,No,Yes,No,Yes,Yes,Yes,One year,Yes,Electronic check,50.23,550.62,No
6708-ECHZD,Female,0,Yes,No,71,Yes,Yes,Fiber optic,Yes,Yes,No,No,Yes,No,Month-to-month,No,Bank transfer (automatic),83.02,5887.99,No
2977-LFNKB,Male,0,Yes,No,67,Yes,Yes,No,No internet service,No internet service,No internet service,No internet service,No internet service,No internet service,Two year,No,Electronic check,22.13,1469.06,No
3890-ZBCQE,Female,0,No,No,71,Yes,Yes,No,No internet service,No internet service,No internet service,No internet service,No internet service,No internet service,One year,Yes,Mailed check,27.6,1964.31,No
6884-CROCN,Female,0,Yes,Yes,65,Yes,Yes,DSL,No,No,No,No,Yes,No,Month-to-month,Yes,Mailed check,48.16,3150.24,No
9013-RRRLM,Male,0,No,No,70,Yes,No,DSL,No,Yes,No,No,No,Yes,Month-to-month,No,Electronic check,44.04,3079.23,No
5794-TXSYT,Female,0,Yes,No,50,Yes,No,DSL,No,No,No,No,No,Yes,Two year,No,Credit card (automatic),52.37,2608.34,No
8091-XLKMC,Male,0,No,No,68,Yes,Yes,Fiber optic,No,Yes,Yes,No,Yes,Yes,One year,Yes,Bank transfer (automatic),77.0,5247.92,Yes
9603-XUUUZ,Male,1,No,No,1,Yes,Yes,DSL,Yes,No,No,No,Yes,No,Two year,Yes,Bank transfer (automatic),57.61,75.01,No
1897-UEAZU,Female,0,No,Yes,70,Yes,No,Fiber optic,No,No,No,No,No,No,One year,No,Electronic check,84.38,5926.03,No
2245-ZXFWB,Female,0,No,No,53,Yes,Yes,DSL,No,No,No,No,Yes,No,Month-to-month,Yes,Credit card (automatic),43.12,2299.55,No
9661-DOAIV,Female,0,Yes,No,53,Yes,No,DSL,No,No,No,No,Yes,No,Month-to-month,No,Bank transfer (automatic),66.08,3502.61,No
7036-BBMCS,Male,1,Yes,No,5,Yes,Yes,No,No internet service,No internet service,No internet service,No internet service,No internet service,No internet service,One year,No,Electronic check,29.02,159.22,No
2976-ECMVE,Female,0,No,No,22,Yes,No,Fiber optic,No,No,Yes,Yes,Yes,No,Month-to-month,Yes,Mailed check,72.66,1581.47,No
7823-LVOWA,Male,0,No,No,6,Yes,No,DSL,Yes,No,No,No,No,No,One year,Yes,Electronic check,51.39,320.68,No
8227-EJAIF,Female,0,No,No,24,Yes,Yes,Fiber optic,No,No,No,Yes,Yes,No,Two year,Yes,Bank transfer (automatic),97.48,2323.31,No
7124-KPWOL,Female,0,Yes,No,9,Yes,Yes,No,No internet service,No internet service,No internet service,No internet service,No internet service,No internet service,One year,Yes,Mailed check,28.91,264.53,No
7271-GVAMK,Female,0,Yes,No,68,Yes,No,Fiber optic,No,No,No,Yes,Yes,No,Month-to-month,Yes,Electronic check,106.73,7251.04,Yes
9819-NYJFP,Male,0,Yes,No,5,Yes,No,Fiber optic,No,Yes,No,No,Yes,No,One year,Yes,Credit card (automatic),97.98,492.32,No
1155-MVVJG,Female,0,No,No,9,Yes,No,No,No internet service,No internet service,No internet service,No internet service,No internet service,No internet service,Month-to-month,No,Credit card (automatic),21.53,185.99,No
6852-OEVRW,Female,0,No,No,4,Yes,No,Fiber optic,Yes,No,No,No,No,Yes,One year,No,Credit card (automatic),106.77,409.36,No
6653-ALVCH,Male,0,No,Yes,2,No,No phone service,Fiber optic,Yes,Yes,No,No,Yes,No,One year,No,Electronic check,98.17,208.07,Yes
6794-HGYEB,Male,1,No,No,55,Yes,Yes,Fiber optic,Yes,Yes,No,No,No,No,Month-to-month,Yes,Bank transfer (automatic),101.51,5567.91,Yes
4130-OYYNI,Female,0,No,Yes,23,No,No phone service,No,No internet service,No internet service,No internet service,No internet service,No internet service,No internet service,Month-to-month,Yes,Electronic check,21.6,501.47,No
5578-ULJZR,Female,0,No,No,2,Yes,Yes,Fiber optic,No,Yes,No,No,Yes,No,Two year,Yes,Electronic check,90.26,172.61,Yes
6277-FVYXI,Female,0,Yes,No,4,Yes,Yes,No,No internet service,No internet service,No internet service,No internet service,No internet service,No internet service,Month-to-month,Yes,Electronic check,23.72,100.1,No
8396-WGJOQ,Male,1,No,Yes,66,Yes,No,Fiber optic,No,No,Yes,Yes,No,No,Month-to-month,Yes,Bank transfer (automatic),82.87,5466.48,No
3471-EKGJM,Male,1,Yes,No,14,Yes,Yes,Fiber optic,No,No,Yes,No,No,No,Two year,No,Mailed check,97.81,1384.36,No
4097-ESCNH,Male,0,No,No,51,Yes,Yes,Fiber optic,Yes,No,Yes,Yes,No,Yes,Two year,Yes,Credit card (automatic),89.8,4588.89,No
5047-YPPQF,Male,0,Yes,Yes,0,Yes,Yes,No,No internet service,No internet service,No internet service,No internet service,No internet service,No internet service,One year,Yes,Bank transfer (automatic),23.27,0.0,No
8609-DPBHY,Female,0,No,No,0,Yes,Yes,Fiber optic,No,No,No,No,No,No,Month-to-month,No,Bank transfer (automatic),101.49,18.58,No
9878-BQIML,Male,1,No,No,6,Yes,Yes,DSL,No,No,Yes,Yes,No,Yes,Two year,No,Credit card (automatic),62.77,366.81,No
4497-EUNKK,Male,0,No,No,5,Yes,Yes,DSL,No,Yes,No,No,No,No,Two year,No,Bank transfer (automatic),48.06,226.6,No
7118-YBGKX,Male,0,No,No,60,Yes,No,Fiber optic,No,No,No,No,No,No,Month-to-month,No,Credit card (automatic),72.57,4373.21,No
1604-FDKAQ,Female,0,No,Yes,6,Yes,No,DSL,No,Yes,Yes,No,No,No,One year,No,Electronic check,46.08,259.79,No
8402-HJIRS,Female,1,No,Yes,0,Yes,No,Fiber optic,No,No,No,Yes,No,Yes,Month-to-month,No,Credit card (automatic),92.98,0.0,No
2749-XRPUZ,Male,0,Yes,No,6,No,No phone service,DSL,No,No,Yes,No,No,Yes,Month-to-month,Yes,Credit card (automatic),47.87,292.52,No
1268-MYJFL,Male,0,No,No,9,Yes,No,Fiber optic,No,Yes,No,Yes,No,Yes,Month-to-month,Yes,Mailed check,97.71,897.53,No
6382-RVJYT,Female,0,Yes,No,61,Yes,Yes,DSL,No,No,Yes,No,No,No,Month-to-month,No,Electronic check,67.78,4126.17,No
1191-SMOKV,Female,0,No,No,9,Yes,No,DSL,Yes,No,No,No,No,Yes,One year,Yes,Electronic check,55.23,503.35,No
9472-KDBMV,Female,0,No,No,51,Yes,No,Fiber optic,No,No,Yes,Yes,No,Yes,Month-to-month,Yes,Mailed check,105.52,5362.49,No
5333-OGCTV,Female,1,No,No,17,Yes,Yes,Fiber optic,No,Yes,Yes,No,No,Yes,Two year,Yes,Bank transfer (automatic),75.0,1283.59,Yes
8569-UTLUX,Female,1,No,No,13,No,No phone service,DSL,Yes,No,No,No,No,Yes,Month-to-month,No,Mailed check,60.48,802.88,Yes
7032-OCHED,Female,1,No,Yes,69,Yes,Yes,DSL,Yes,Yes,Yes,No,Yes,No,Month-to-month,No,Mailed check,64.41,4430.77,No
7979-GHTMZ,Female,0,No,Yes,70,Yes,Yes,DSL,Yes,No,No,No,No,No,Month-to-month,No,Electronic check,49.26,3459.35,No
5833-TCZPS,Female,0,No,No,1,Yes,Yes,No,No internet service,No internet service,No internet service,No internet service,No internet service,No internet service,Month-to-month,No,Credit card (automatic),27.75,27.77,Yes
4732-WCFGB,Male,1,No,No,51,Yes,No,Fiber optic,No,Yes,No,No,Yes,No,Month-to-month,Yes,Electronic check,108.81,5553.27,No
7044-WOOCS,Male,0,No,Yes,60,Yes,No,Fiber optic,No,No,Yes,No,No,Yes,Month-to-month,Yes,Bank transfer (automatic),104.36,6269.83,No
9150-FURQV,Male,0,Yes,No,7,Yes,Yes,No,No internet service,No internet service,No internet service,No internet service,No internet service,No internet service,One year,Yes,Electronic check,29.88,217.35,No
9618-IUZJY,Male,1,No,No,67,Yes,No,Fiber optic,Yes,No,No,Yes,No,No,One year,Yes,Mailed check,89.0,5962.03,No
4233-OXPSO,Male,0,No,Yes,1,Yes,Yes,No,No internet service,No internet service,No internet service,No internet service,No internet service,No internet service,One year,Yes,Electronic check,19.95,18.31,No
3407-SNNLD,Male,0,No,No,0,Yes,Yes,Fiber optic,Yes,No,No,No,No,No,One year,No,Credit card (automatic),97.66,0.0,No
5090-HUSYY,Female,0,No,Yes,5,Yes,Yes,DSL,No,Yes,Yes,Yes,Yes,No,Two year,No,Credit card (automatic),44.76,210.32,No
6340-KRMJB,Female,0,Yes,No,14,Yes,No,Fiber optic,Yes,No,No,No,No,No,Month-to-month,Yes,Electronic check,80.24,1137.45,No
5234-QRVTT,Male,0,Yes,Yes,8,Yes,No,DSL,No,Yes,Yes,No,Yes,Yes,Two year,Yes,Electronic check,49.73,410.89,No
8523-DRNOU,Male,0,No,No,2,Yes,Yes,Fiber optic,Yes,No,Yes,No,No,Yes,Month-to-month,Yes,Electronic check,100.75,215.83,No
6516-IJLNM,Female,0,No,Yes,68,Yes,No,Fiber optic,Yes,Yes,Yes,No,No,No,One year,No,Electronic check,100.55,6856.41,No
5144-YJCIO,Female,0,No,No,12,No,No phone service,DSL,Yes,No,No,Yes,Yes,Yes,One year,Yes,Mailed check,55.35,658.52,No
9635-XNFKL,Female,0,Yes,No,71,Yes,Yes,DSL,Yes,No,No,No,No,Yes,One year,Yes,Electronic check,58.09,4122.18,No
1373-XLBBU,Male,0,No,No,22,Yes,No,DSL,Yes,No,No,No,Yes,No,Two year,Yes,Electronic check,60.95,1357.65,No
1263-PZZDH,Female,1,No,No,59,Yes,No,No,No internet service,No internet service,No internet service,No internet service,No internet service,No internet service,Month-to-month,No,Mailed check,28.63,1676.81,No
3861-UQRTH,Male,0,Yes,No,27,Yes,No,DSL,No,No,No,No,Yes,No,Month-to-month,Yes,Mailed check,56.97,1542.26,Yes
3652-DQOMP,Male,0,Yes,Yes,8,Yes,No,DSL,No,Yes,No,No,No,No,Month-to-month,Yes,Electronic check,59.57,484.05,Yes
7439-QHTUR,Female,0,Yes,No,0,Yes,No,No,No internet service,No internet service,No internet service,No internet service,No internet service,No internet service,Month-to-month,Yes,Credit card (automatic),19.6,10.0,No
4917-YAMFX,Female,1,Yes,No,54,Yes,Yes,DSL,Yes,No,Yes,No,No,Yes,One year,Yes,Electronic check,60.65,3288.71,No
4252-LWXBM,Male,0,Yes,No,71,Yes,Yes,No,No internet service,No internet service,No internet service,No internet service,No internet service,No internet service,Month-to-month,Yes,Electronic check,27.4,1935.92,No
4636-UHEJP,Female,0,Yes,No,10,Yes,No,Fiber optic,Yes,No,No,No,Yes,No,Two year,Yes,Mailed check,73.71,741.07,No
9292-TSORR,Female,1,No,No,7,Yes,No,No,No internet service,No internet service,No internet service,No internet service,No internet service,No internet service,One year,No,Electronic check,26.38,202.12,No
4182-OGBKU,Male,0,Yes,No,13,Yes,No,DSL,No,Yes,Yes,No,No,No,Month-to-month,Yes,Credit card (automatic),57.65,765.45,No
6531-GJQJY,Female,1,Yes,No,66,Yes,No,DSL,Yes,No,Yes,No,Yes,No,Month-to-month,Yes,Electronic check,64.89,4286.42,No
3276-PBZGF,Male,1,Yes,No,8,Yes,Yes,No,No internet service,No internet service,No internet service,No internet service,No internet service,No internet service,Month-to-month,No,Bank transfer (automatic),20.76,156.96,No
8531-RYYJD,Male,1,Yes,No,0,Yes,Yes,No,No internet service,No internet service,No internet service,No internet service,No internet service,No internet service,Two year,Yes,Electronic check,27.61,1.14,No
9332-VUNGG,Female,0,No,No,2,Yes,No,Fiber optic,No,No,No,No,No,No,One year,Yes,Electronic check,111.29,216.79,No
2617-JJQUZ,Male,0,Yes,No,51,Yes,No,Fiber optic,No,No,Yes,No,Yes,No,Month-to-month,No,Bank transfer (automatic),74.43,3803.22,Yes
8702-JAFAK,Male,1,No,No,25,Yes,No,DSL,Yes,Yes,No,Yes,No,No,Month-to-month,No,Electronic check,50.79,1272.99,Yes
2713-RREZU,Female,0,No,No,5,Yes,Yes,Fiber optic,No,No,No,No,No,No,Month-to-month,No,Credit card (automatic),99.88,485.46,Yes
7692-MBCHU,Female,0,Yes,No,4,Yes,Yes,Fiber optic,No,No,Yes,Yes,No,No,Month-to-month,Yes,Electronic check,76.21,300.84,No
8017-BPGHV,Female,0,No,No,39,Yes,Yes,Fiber optic,No,Yes,No,Yes,Yes,Yes,Two year,No,Electronic check,112.31,4398.14,Yes
4536-DKEYT,Male,0,No,No,50,No,No phone service,Fiber optic,No,Yes,No,Yes,No,Yes,One year,Yes,Electronic check,95.92,4807.63,No
8928-UDIOQ,Male,0,Yes,Yes,10,Yes,No,DSL,No,No,Yes,Yes,Yes,No,Month-to-month,No,Credit card (automatic),49.37,490.35,No
1886-WSXXW,Female,0,No,Yes,2,Yes,No,Fiber optic,No,Yes,No,Yes,No,No,Two year,Yes,Bank transfer (automatic),75.71,165.99,No
9590-LGEMB,Male,0,No,No,68,Yes,No,DSL,No,Yes,No,No,No,No,Month-to-month,No,Electronic check,41.29,2806.96,Yes
2634-BSZZF,Female,0,No,No,55,Yes,Yes,Fiber optic,No,No,Yes,No,No,No,Month-to-month,Yes,Credit card (automatic),98.95,5441.83,No
2606-WLPMH,Female,0,Yes,No,9,No,No phone service,DSL,No,Yes,Yes,No,No,No,One year,Yes,Credit card (automatic),69.32,636.55,No
9121-QHVZS,Male,0,No,No,59,Yes,Yes,Fiber optic,No,Yes,Yes,No,Yes,No,Month-to-month,No,Mailed check,106.86,6314.02,No
8523-KSGHN,Female,0,Yes,No,68,Yes,No,DSL,No,Yes,Yes,No,No,Yes,Month-to-month,No,Electronic check,52.26,3534.16,Yes
1712-HGUND,Male,0,Yes,No,66,Yes,No,DSL,No,No,Yes,No,Yes,Yes,One year,No,Electronic check,44.71,2946.53,No
8676-UCXDR,Male,0,Yes,No,4,Yes,No,DSL,No,No,No,No,No,Yes,Month-to-month,Yes,Electronic check,49.08,176.59,Yes
8306-GRXAM,Female,0,No,Yes,5,Yes,No,DSL,No,No,No,No,No,No,Month-to-month,No,Credit card (automatic),67.49,339.45,No
6198-GRCSW,Male,0,No,No,66,Yes,No,DSL,Yes,No,No,Yes,Yes,No,One year,No,Electronic check,69.22,4566.26,No
4900-MGBRQ,Female,0,Yes,No,0,Yes,No,DSL,Yes,No,Yes,No,No,No,Month-to-month,No,Electronic check,41.8,0.0,Yes
2849-PWGNO,Male,0,Yes,No,0,Yes,No,DSL,No,Yes,Yes,No,Yes,No,Month-to-month,Yes,Electronic check,43.97,19.47,Yes
5135-FWVVG,Male,0,No,No,11,No,No phone service,DSL,No,No,No,Yes,No,No,Month-to-month,Yes,Electronic check,64.63,696.11,Yes
7389-ECKCM,Male,0,No,No,13,Yes,No,No,No internet service,No internet service,No internet service,No internet service,No internet service,No internet service,Month-to-month,Yes,Bank transfer (automatic),29.15,394.47,Yes
9963-NDSKJ,Female,0,Yes,Yes,11,Yes,No,DSL,No,Yes,No,No,Yes,No,Month-to-month,No,Mailed check,51.6,585.12,No
2262-QHDUB,Male,1,No,Yes,56,Yes,No,Fiber optic,Yes,Yes,No,No,No,Yes,Two year,Yes,Electronic check,101.5,5699.4,No
1471-LDDTD,Female,0,Yes,Yes,10,Yes,Yes,Fiber optic,No,No,No,No,No,No,Two year,Yes,Electronic check,90.9,907.09,No
4286-ZFKWN,Male,1,No,No,59,Yes,Yes,Fiber optic,Yes,No,Yes,No,No,Yes,Month-to-month,Yes,Mailed check,70.43,4174.27,No
3372-PIVEW,Male,0,No,Yes,57,Yes,No,DSL,Yes,Yes,No,No,Yes,No,Two year,Yes,Credit card (automatic),64.49,3656.41,No
8115-REINY,Female,0,Yes,Yes,68,Yes,Yes,DSL,No,No,No,Yes,No,Yes,Month-to-month,Yes,Mailed check,41.79,2833.69,Yes
8981-ATIVQ,Female,0,No,No,5,Yes,No,Fiber optic,Yes,No,Yes,No,Yes,Yes,Month-to-month,No,Electronic check,79.13,381.3,No
3343-RLTDH,Female,0,No,No,67,Yes,Yes,Fiber optic,No,No,Yes,No,No,No,One year,No,Electronic check,108.59,7261.72,No
3754-MAKSN,Female,0,Yes,No,50,Yes,No,Fiber optic,No,No,No,No,Yes,Yes,One year,Yes,Electronic check,80.27,4023.24,No
9430-PBPUW,Female,0,Yes,No,6,Yes,Yes,Fiber optic,No,No,No,No,No,Yes,Month-to-month,No,Bank transfer (automatic),90.34,532.84,No
2294-IDEYX,Male,0,Yes,No,3,Yes,No,Fiber optic,No,No,No,Yes,No,Yes,Month-to-month,No,Credit card (automatic),114.29,338.63,No
3954-UHFVA,Male,0,Yes,Yes,0,Yes,Yes,No,No internet service,No internet service,No internet service,No internet service,No internet service,No internet service,Month-to-month,Yes,Credit card (automatic),26.95,4.13,No
8513-HQPIG,Female,0,No,No,52,Yes,No,Fiber optic,Yes,No,No,No,No,Yes,Month-to-month,Yes,Electronic check,94.92,4947.22,Yes
1902-BYVPG,Male,0,Yes,No,51,Yes,Yes,DSL,No,No,No,Yes,No,No,Month-to-month,Yes,Credit card (automatic),59.43,3022.46,No
4144-XSMZH,Male,1,No,No,65,Yes,Yes,No,No internet service,No internet service,No internet service,No internet service,No internet service,No internet service,One year,Yes,Electronic check,21.56,1414.6,No
7170-UTATA,Male,0,Yes,No,67,Yes,No,Fiber optic,No,No,No,No,No,No,Month-to-month,No,Mailed check,93.6,6272.63,Yes
9899-MFEVT,Female,0,No,No,9,Yes,Yes,Fiber optic,No,No,No,No,No,No,Month-to-month,No,Mailed check,75.86,691.05,Yes
8305-DSINW,Male,0,Yes,No,2,Yes,No,No,No internet service,No internet service,No internet service,No internet service,No internet service,No internet service,Month-to-month,No,Electronic check,19.82,47.38,No
4418-VEZQK,Male,0,Yes,No,50,Yes,Yes,Fiber optic,No,No,No,No,No,No,Two year,Yes,Electronic check,86.3,4330.77,No
1647-NFVYU,Male,0,Yes,No,5,Yes,No,Fiber optic,No,Yes,Yes,No,No,No,Month-to-month,No,Electronic check,81.59,420.8,Yes
4677-TDYKF,Female,0,No,No,70,No,No phone service,Fiber optic,Yes,Yes,No,Yes,No,Yes,Month-to-month,Yes,Bank transfer (automatic),76.29,5355.28,No
7206-GIITK,Male,0,Yes,No,54,Yes,No,Fiber optic,No,No,No,No,No,No,Month-to-month,No,Credit card (automatic),100.01,5407.48,No
3638-HYGTP,Male,1,Yes,No,68,Yes,No,No,No internet service,No internet service,No internet service,No internet service,No internet service,No internet service,One year,Yes,Electronic check,19.57,1315.62,No
4574-JVVEV,Female,0,No,Yes,63,Yes,No,DSL,No,Yes,Yes,No,Yes,No,Month-to-month,Yes,Credit card (automatic),68.18,4281.57,No
8327-QRGQU,Female,1,No,No,61,Yes,No,Fiber optic,No,No,No,No,No,No,Month-to-month,No,Mailed check,106.81,6528.32,Yes
2658-EIHUB,Male,1,No,Yes,23,Yes,Yes,DSL,No,Yes,No,Yes,No,No,Month-to-month,No,Electronic check,49.74,1149.1,Yes
4341-UTXUR,Male,1,Yes,No,66,No,No phone service,DSL,No,Yes,No,No,Yes,Yes,Month-to-month,Yes,Electronic check,46.51,3050.9,No
8274-GPNRX,Female,0,Yes,No,5,Yes,No,Fiber optic,No,Yes,No,Yes,No,No,Month-to-month,No,Mailed check,95.46,463.69,Yes
1369-BSTKH,Female,0,No,No,64,Yes,Yes,DSL,No,No,No,No,No,No,Month-to-month,No,Bank transfer (automatic),69.41,4457.34,Yes
6161-QULUO,Female,0,No,No,1,Yes,No,DSL,No,No,Yes,No,Yes,No,Month-to-month,No,Electronic check,54.37,56.92,No
2016-WEKOK,Female,0,Yes,No,3,Yes,Yes,No,No internet service,No internet service,No internet service,No internet service,No internet service,No internet service,One year,Yes,Bank transfer (automatic),24.68,58.58,No
7444-HEDSK,Female,0,Yes,No,54,Yes,No,Fiber optic,No,No,No,Yes,No,No,Month-to-month,Yes,Electronic check,78.02,4195.3,Yes
6002-WYXGB,Female,0,No,No,15,Yes,No,Fiber optic,No,No,Yes,No,No,No,One year,Yes,Credit card (automatic),95.9,1458.48,No
8980-EKZPN,Female,0,Yes,No,3,Yes,No,Fiber optic,No,No,No,No,Yes,No,Month-to-month,Yes,Electronic check,76.71,221.95,No
6248-AERMN,Male,0,No,Yes,8,Yes,No,DSL,No,No,No,No,No,No,Two year,Yes,Credit card (automatic),57.54,466.72,No
4405-PAHFE,Female,0,Yes,No,2,Yes,Yes,Fiber optic,Yes,Yes,Yes,No,No,No,Two year,Yes,Electronic check,99.75,192.65,No
6570-KFGZT,Female,0,No,No,61,Yes,Yes,Fiber optic,No,No,No,No,No,Yes,Two year,No,Mailed check,89.76,5485.84,No
6380-KXQFH,Male,0,No,Yes,62,Yes,Yes,Fiber optic,Yes,No,Yes,No,No,No,Two year,Yes,Credit card (automatic),113.24,7037.24,No
2567-ZAPQH,Female,0,Yes,No,50,Yes,Yes,DSL,No,No,Yes,No,No,No,Month-to-month,Yes,Electronic check,65.35,3266.47,Yes
2957-LADXW,Female,0,Yes,Yes,2,Yes,No,DSL,No,No,No,No,No,Yes,One year,Yes,Electronic check,67.67,151.6,No
7427-JEERF,Male,0,No,No,69,Yes,No,No,No internet service,No internet service,No internet service,No internet service,No internet service,No internet service,Month-to-month,Yes,Credit card (automatic),18.63,1277.3,No
2450-MSGNA,Female,0,Yes,Yes,67,Yes,No,DSL,Yes,No,No,Yes,Yes,No,One year,Yes,Electronic check,47.89,3215.81,No
7938-KGGNT,Male,0,No,No,65,Yes,Yes,DSL,No,No,No,Yes,Yes,Yes,Month-to-month,Yes,Credit card (automatic),53.49,3463.32,No
5484-EDIZD,Male,0,No,No,61,Yes,No,DSL,Yes,Yes,No,Yes,No,No,Month-to-month,Yes,Mailed check,61.13,3719.08,No
8169-CQPMA,Male,0,No,No,64,Yes,Yes,No,No internet service,No internet service,No internet service,No internet service,No internet service,No internet service,Two year,No,Electronic check,22.5,1452.77,No
8653-TDKHR,Male,0,Yes,No,62,Yes,No,Fiber optic,No,No,Yes,No,Yes,Yes,Month-to-month,Yes,Mailed check,78.68,4895.62,No
7397-TLLUS,Female,0,Yes,No,55,Yes,Yes,No,No internet service,No internet service,No internet service,No internet service,No internet service,No internet service,One year,No,Mailed check,23.38,1294.77,No
9099-PHZPX,Male,0,No,No,4,Yes,No,No,No internet service,No internet service,No internet service,No internet service,No internet service,No internet service,One year,No,Electronic check,22.45,76.05,No
4658-EPABZ,Male,0,Yes,No,63,Yes,No,No,No internet service,No internet service,No internet service,No internet service,No internet service,No internet service,Month-to-month,No,Bank transfer (automatic),21.18,1315.32,No
7176-DLGTE,Female,0,No,No,2,Yes,No,Fiber optic,Yes,No,Yes,Yes,No,No,Month-to-month,No,Electronic check,109.6,202.53,Yes
5704-AILVU,Male,1,No,Yes,57,Yes,Yes,Fiber optic,Yes,No,No,Yes,Yes,Yes,Month-to-month,Yes,Electronic check,106.94,6088.69,Yes
2800-JJXWX,Male,0,Yes,Yes,6,Yes,Yes,No,No internet service,No internet service,No internet service,No internet service,No internet service,No internet service,Two year,No,Bank transfer (automatic),25.41,145.77,No
7780-FUUMB,Male,0,Yes,No,6,Yes,No,DSL,No,No,No,Yes,Yes,No,Two year,Yes,Credit card (automatic),68.02,389.84,Yes
3934-RSPCR,Male,0,Yes,No,71,Yes,Yes,DSL,No,Yes,No,No,No,No,One year,Yes,Bank transfer (automatic),63.92,4557.78,No
5142-OTOQJ,Female,0,No,Yes,67,Yes,No,DSL,No,No,No,Yes,No,No,Two year,Yes,Electronic check,52.18,3498.11,No
5994-OUTGC,Male,0,Yes,Yes,53,Yes,No,Fiber optic,No,No,Yes,No,No,No,Month-to-month,Yes,Mailed check,87.26,4606.81,No
5576-FBPVH,Female,0,Yes,No,7,Yes,Yes,DSL,No,No,No,Yes,Yes,No,Month-to-month,Yes,Bank transfer (automatic),69.19,491.36,No
9552-YHNHX,Female,0,No,No,51,Yes,Yes,No,No internet service,No internet service,No internet service,No internet service,No internet service,No internet service,Month-to-month,No,Electronic check,24.17,1247.33,No
5082-DMSWA,Male,0,Yes,No,50,Yes,Yes,No,No internet service,No internet service,No internet service,No internet service,No internet service,No internet service,One year,Yes,Bank transfer (automatic),21.41,1060.78,No
5613-BOEOJ,Male,0,Yes,No,58,No,No phone service,DSL,No,No,Yes,No,No,Yes,Month-to-month,Yes,Mailed check,55.99,3259.41,No
1264-KFBJO,Male,0,Yes,Yes,4,Yes,No,DSL,No,Yes,Yes,Yes,Yes,Yes,One year,Yes,Credit card (automatic),59.53,253.57,No
5540-EOBRL,Male,0,No,No,4,Yes,No,DSL,No,No,No,Yes,No,No,One year,Yes,Mailed check,64.55,243.69,No
8007-RZOJN,Female,0,Yes,No,55,Yes,No,Fiber optic,Yes,No,Yes,No,Yes,Yes,Month-to-month,Yes,Credit card (automatic),89.44,4915.75,Yes
2547-XGAHW,Female,0,No,No,62,Yes,Yes,Fiber optic,Yes,No,Yes,No,Yes,Yes,Month-to-month,Yes,Mailed check,78.73,4864.95,No
3992-EMLOC,Female,0,No,No,67,Yes,No,Fiber optic,Yes,Yes,No,No,Yes,Yes,Month-to-month,Yes,Bank transfer (automatic),73.48,4904.02,No
6091-AXSTH,Male,0,No,No,63,Yes,No,No,No internet service,No internet service,No internet service,No internet service,No internet service,No internet service,Two year,No,Electronic check,27.46,1740.55,No
6433-VNWVH,Female,0,No,No,3,Yes,No,DSL,No,No,Yes,No,No,No,Month-to-month,Yes,Electronic check,54.33,146.26,No
1734-MPJNO,Male,1,Yes,Yes,61,Yes,Yes,Fiber optic,No,No,No,No,Yes,No,Month-to-month,Yes,Electronic check,100.57,6136.76,No
8860-CDDSE,Male,1,Yes,Yes,58,Yes,Yes,Fiber optic,No,No,Yes,No,No,No,Two year,Yes,Bank transfer (automatic),80.57,4672.57,No
1188-YFDKD,Male,0,Yes,Yes,22,Yes,No,Fiber optic,Yes,No,No,No,No,No,Month-to-month,Yes,Mailed check,92.51,2034.64,No
2657-TWESC,Male,0,No,No,13,Yes,No,Fiber optic,No,Yes,Yes,No,No,No,Month-to-month,Yes,Mailed check,79.78,1052.86,Yes
7855-MMODA,Male,0,Yes,No,10,Yes,No,Fiber optic,No,No,No,Yes,No,No,One year,No,Electronic check,76.2,765.4,No
8865-UYWPD,Female,0,Yes,No,10,Yes,No,DSL,No,No,Yes,Yes,No,Yes,One year,Yes,Bank transfer (automatic),54.15,559.79,No
4683-OSCDE,Female,1,Yes,No,64,Yes,Yes,DSL,No,Yes,No,No,Yes,No,One year,Yes,Bank transfer (automatic),51.64,3314.45,No
9127-IGOAT,Male,0,Yes,No,60,Yes,Yes,Fiber optic,Yes,Yes,No,No,Yes,No,Month-to-month,Yes,Electronic check,72.52,4350.33,Yes
2457-AEKPG,Female,0,No,Yes,8,Yes,Yes,Fiber optic,Yes,Yes,No,No,Yes,No,Month-to-month,No,Bank transfer (automatic),106.81,839.53,No
2568-UZLTA,Male,0,No,Yes,57,Yes,Yes,DSL,No,No,Yes,Yes,No,Yes,One year,Yes,Credit card (automatic),67.64,3858.98,No
9347-FHVCW,Male,0,Yes,Yes,0,Yes,Yes,No,No internet service,No internet service,No internet service,No internet service,No internet service,No internet service,Month-to-month,Yes,Mailed check,24.08,7.67,No
3776-OWGIK,Male,1,No,No,7,Yes,Yes,No,No internet service,No internet service,No internet service,No internet service,No internet service,No internet service,Two year,No,Bank transfer (automatic),23.64,183.55,No
1673-FOWIN,Female,0,No,Yes,61,Yes,Yes,Fiber optic,No,Yes,Yes,No,No,Yes,Month-to-month,Yes,Credit card (automatic),104.14,6344.57,No
2896-FPJRZ,Male,0,No,No,65,Yes,Yes,DSL,No,No,Yes,No,No,No,Month-to-month,No,Mailed check,41.49,2716.77,No
5462-KAJET,Male,0,No,No,55,Yes,Yes,Fiber optic,No,Yes,No,No,Yes,No,Month-to-month,Yes,Electronic check,111.26,6101.78,Yes
6844-LQHEH,Female,0,Yes,Yes,69,Yes,No,DSL,No,No,No,Yes,Yes,Yes,Two year,No,Electronic check,63.0,4335.58,No
3667-OCWTK,Female,0,Yes,Yes,62,Yes,No,Fiber optic,No,No,Yes,No,No,No,One year,Yes,Bank transfer (automatic),92.74,5768.83,No
6693-VVRNG,Female,0,No,No,15,Yes,Yes,Fiber optic,No,No,No,No,No,No,Month-to-month,Yes,Mailed check,94.02,1406.83,Yes
6265-PXMNE,Male,0,No,Yes,54,Yes,Yes,DSL,No,No,No,No,No,No,One year,Yes,Electronic check,59.96,3257.31,No
3540-LHRQO,Male,0,No,Yes,1,Yes,Yes,DSL,No,No,No,No,No,Yes,Month-to-month,Yes,Electronic check,56.72,76.28,No
1255-UBUTI,Female,0,No,No,65,Yes,No,Fiber optic,No,Yes,No,No,No,No,Month-to-month,Yes,Mailed check,93.62,6077.22,No
5961-VGRRW,Male,0,No,No,2,Yes,Yes,Fiber optic,Yes,No,Yes,Yes,No,No,Month-to-month,No,Mailed check,99.45,197.85,Yes
4706-MGGYN,Female,0,No,Yes,8,Yes,Yes,DSL,No,No,No,No,Yes,No,Month-to-month,Yes,Credit card (automatic),54.93,427.77,Yes
1231-XFILK,Female,0,No,No,57,Yes,No,DSL,No,Yes,Yes,Yes,No,Yes,Month-to-month,Yes,Electronic check,40.91,2344.85,Yes
9056-UGOPT,Male,0,Yes,Yes,62,Yes,Yes,DSL,Yes,No,No,No,No,No,Month-to-month,Yes,Electronic check,51.17,3158.1,No
1798-VVINZ,Male,0,No,No,0,Yes,No,Fiber optic,Yes,No,No,No,No,Yes,Month-to-month,No,Credit card (automatic),108.38,0.0,Yes
7268-SRVMJ,Female,0,No,No,63,Yes,No,Fiber optic,No,Yes,No,No,No,No,Month-to-month,Yes,Electronic check,73.21,4624.46,No
1328-DZQNW,Female,0,No,No,1,Yes,No,No,No internet service,No internet service,No internet service,No internet service,No internet service,No internet service,Month-to-month,Yes,Credit card (automatic),19.12,30.3,No
5443-KYCHZ,Female,0,Yes,No,4,Yes,No,Fiber optic,Yes,No,Yes,No,No,Yes,Two year,Yes,Credit card (automatic),96.35,397.07,No
4490-UKMHL,Female,0,Yes,No,71,Yes,Yes,Fiber optic,No,Yes,No,Yes,Yes,No,One year,No,Electronic check,105.32,7466.03,No
7976-GUHMJ,Male,0,No,No,16,Yes,No,DSL,Yes,No,Yes,No,Yes,No,Two year,No,Mailed check,42.47,688.12,No
8532-OIXZF,Female,0,No,Yes,3,Yes,Yes,DSL,No,No,No,No,No,No,Month-to-month,No,Credit card (automatic),50.87,148.5,No
8222-TWQRP,Female,1,No,No,55,Yes,No,Fiber optic,Yes,No,No,No,No,No,Month-to-month,Yes,Bank transfer (automatic),89.66,4937.46,No
4691-SGVEQ,Female,0,Yes,No,50,Yes,Yes,DSL,Yes,No,Yes,No,No,Yes,One year,No,Credit card (automatic),54.1,2693.11,No
3666-RQLIB,Male,0,Yes,No,0,Yes,Yes,No,No internet service,No internet service,No internet service,No internet service,No internet service,No internet service,One year,Yes,Credit card (automatic),20.0,16.73,No
4056-PHXIN,Male,0,Yes,No,54,Yes,No,Fiber optic,No,Yes,Yes,No,No,No,Month-to-month,Yes,Mailed check,100.55,5433.43,No
4241-SXTYM,Female,0,No,No,54,Yes,No,DSL,No,Yes,Yes,No,Yes,Yes,One year,No,Electronic check,65.33,3538.16,Yes
3399-XDTKM,Male,0,Yes,Yes,64,Yes,Yes,No,No internet service,No internet service,No internet service,No internet service,No internet service,No internet service,One year,Yes,Mailed check,21.96,1402.94,No
6090-QLZBQ,Male,0,No,No,57,Yes,No,DSL,No,Yes,Yes,No,Yes,No,Two year,No,Electronic check,62.89,3598.8,No
1378-MWPEB,Male,0,Yes,Yes,64,Yes,No,DSL,No,Yes,No,Yes,No,Yes,One year,Yes,Electronic check,57.34,3665.18,No
5192-TZPQD,Female,0,No,Yes,6,Yes,No,DSL,Yes,No,No,No,No,No,Two year,Yes,Electronic check,64.58,379.18,No
2702-DLEAO,Female,0,No,Yes,0,Yes,No,Fiber optic,No,Yes,No,No,No,Yes,Two year,Yes,Mailed check,113.62,19.3,No
9705-ONGNY,Male,0,No,No,68,Yes,No,No,No internet service,No internet service,No internet service,No internet service,No internet service,No internet service,Month-to-month,Yes,Electronic check,19.11,1299.04,No
5938-ESMYP,Female,0,Yes,Yes,57,Yes,No,DSL,No,Yes,No,No,Yes,Yes,Month-to-month,No,Mailed check,42.33,2406.85,No
9887-NMEBP,Female,0,No,No,59,Yes,No,Fiber optic,Yes,No,No,Yes,No,Yes,Month-to-month,Yes,Electronic check,101.78,6007.45,No
7173-MWBXV,Male,0,Yes,No,4,Yes,No,DSL,No,No,No,No,No,No,Month-to-month,Yes,Electronic check,45.82,196.24,Yes
6526-UTKHE,Male,0,Yes,Yes,8,Yes,Yes,No,No internet service,No internet service,No internet service,No internet service,No internet service,No internet service,Month-to-month,Yes,Mailed check,29.9,239.86,No
2691-UZNPW,Female,1,Yes,Yes,14,Yes,Yes,No,No internet service,No internet service,No internet service,No internet service,No internet service,No internet service,Month-to-month,No,Electronic check,23.3,327.08,Yes
4373-AQPGS,Male,1,No,Yes,55,No,No phone service,Fiber optic,No,No,Yes,Yes,Yes,Yes,Month-to-month,Yes,Credit card (automatic),83.3,4582.5,No
8871-ZLFBY,Female,0,Yes,No,5,No,No phone service,Fiber optic,No,Yes,No,Yes,Yes,Yes,One year,No,Electronic check,95.1,475.06,No
8834-SXTKQ,Female,0,No,Yes,10,Yes,No,DSL,Yes,No,No,Yes,No,No,Month-to-month,Yes,Bank transfer (automatic),65.98,667.72,No
4841-FGNHS,Male,0,Yes,No,60,No,No phone service,DSL,Yes,No,No,No,No,No,Month-to-month,No,Electronic check,44.33,2673.16,No
2026-VIZJU,Female,0,Yes,No,12,Yes,No,Fiber optic,No,Yes,No,No,No,No,Month-to-month,No,Credit card (automatic),87.99,1060.75,No
3384-DAAAH,Female,1,Yes,No,61,Yes,No,Fiber optic,No,No,Yes,No,No,No,Two year,No,Bank transfer (automatic),103.77,6322.8,No
5154-YNCYY,Male,0,No,No,57,No,No phone service,Fiber optic,No,No,No,Yes,Yes,Yes,Two year,Yes,Bank transfer (automatic),98.91,5650.09,No
2363-POEVW,Male,0,Yes,No,0,Yes,No,DSL,No,No,No,No,Yes,Yes,Month-to-month,Yes,Electronic check,63.43,0.0,No
6245-PJRYU,Male,0,No,No,9,Yes,No,Fiber optic,Yes,No,No,Yes,Yes,Yes,Two year,No,Mailed check,109.0,976.24,Yes
8923-AQKGV,Female,0,No,No,57,Yes,No,Fiber optic,Yes,Yes,Yes,No,Yes,Yes,Month-to-month,Yes,Electronic check,81.1,4635.7,Yes
6384-DERAT,Male,0,No,Yes,56,Yes,Yes,DSL,No,No,No,No,Yes,Yes,Two year,No,Bank transfer (automatic),55.13,3095.95,No
8991-JDVUJ,Male,0,Yes,No,5,Yes,No,No,No internet service,No internet service,No internet service,No internet service,No internet service,No internet service,Month-to-month,No,Bank transfer (automatic),20.18,119.63,No
5042-JAQFW,Male,0,Yes,No,2,No,No phone service,Fiber optic,No,Yes,No,Yes,Yes,Yes,Month-to-month,No,Credit card (automatic),93.3,181.84,Yes
4500-MGKTX,Male,0,No,Yes,1,No,No phone service,DSL,No,Yes,Yes,No,Yes,Yes,Month-to-month,No,Credit card (automatic),46.28,51.78,No
7649-UEJBI,Female,0,No,No,60,Yes,Yes,DSL,No,Yes,No,No,No,Yes,Month-to-month,Yes,Credit card (automatic),52.85,3182.73,No
5155-VOUSI,Female,0,Yes,No,64,Yes,Yes,DSL,Yes,Yes,No,No,No,No,Two year,Yes,Bank transfer (automatic),50.99,3263.71,No
3633-LRNCO,Male,0,No,No,6,No,No phone service,DSL,No,Yes,No,No,No,Yes,One year,Yes,Electronic check,60.43,354.41,No
8653-BYOAX,Female,0,Yes,No,26,Yes,Yes,Fiber optic,Yes,No,No,Yes,Yes,Yes,Month-to-month,No,Credit card (automatic),84.91,2192.35,Yes
3663-TNSDR,Male,1,No,No,22,No,No phone service,No,No internet service,No internet service,No internet service,No internet service,No internet service,No internet service,Month-to-month,No,Credit card (automatic),20.25,434.38,No
6619-GFTLM,Male,0,Yes,Yes,17,Yes,No,No,No internet service,No internet service,No internet service,No internet service,No internet service,No internet service,Month-to-month,Yes,Mailed check,22.52,365.05,No
9199-JVYVY,Female,0,Yes,No,54,Yes,Yes,DSL,No,No,No,No,Yes,No,Month-to-month,No,Mailed check,47.79,2571.33,Yes
7907-XRACL,Female,0,Yes,Yes,55,Yes,No,No,No internet service,No internet service,No internet service,No internet service,No internet service,No internet service,Two year,Yes,Electronic check,28.43,1548.41,No
2379-MBHGW,Male,0,No,No,60,No,No phone service,No,No internet service,No internet service,No internet service,No internet service,No internet service,No internet service,Month-to-month,No,Mailed check,19.41,1145.94,No
9858-HCGWF,Male,0,No,No,7,Yes,No,DSL,No,Yes,No,No,No,Yes,Month-to-month,Yes,Credit card (automatic),45.51,313.49,Yes
3721-VRYPL,Female,0,Yes,Yes,64,Yes,Yes,No,No internet service,No internet service,No internet service,No internet service,No internet service,No internet service,Two year,No,Credit card (automatic),27.08,1732.33,No
7872-TOLKN,Male,1,No,No,5,Yes,Yes,No,No internet service,No internet service,No internet service,No internet service,No internet service,No internet service,Month-to-month,Yes,Mailed check,26.98,138.4,No
8518-WQITI,Female,0,No,Yes,14,Yes,No,No,No internet service,No internet service,No internet service,No internet service,No internet service,No internet service,Month-to-month,No,Electronic check,24.5,355.81,No
3187-USYLV,Male,1,No,Yes,61,Yes,Yes,Fiber optic,No,Yes,Yes,No,No,No,Month-to-month,Yes,Bank transfer (automatic),110.16,6702.06,No
7602-SJKMW,Male,1,Yes,No,68,Yes,No,Fiber optic,No,Yes,Yes,No,Yes,Yes,One year,Yes,Credit card (automatic),90.41,6132.18,Yes
3054-ZWBYA,Female,1,No,Yes,7,Yes,Yes,Fiber optic,No,No,No,No,No,No,One year,No,Bank transfer (automatic),72.91,506.47,Yes
2257-NUXBC,Female,0,Yes,No,63,Yes,No,No,No internet service,No internet service,No internet service,No internet service,No internet service,No internet service,Month-to-month,Yes,Mailed check,19.24,1216.32,No
1622-YDXYQ,Female,0,Yes,Yes,6,Yes,No,DSL,No,No,Yes,No,No,Yes,One year,No,Credit card (automatic),44.16,253.45,No
7835-VNGCX,Female,0,No,Yes,12,Yes,No,No,No internet service,No internet service,No internet service,No internet service,No internet service,No internet service,Two year,Yes,Bank transfer (automatic),23.95,275.81,No
4004-ODIRR,Female,0,No,Yes,6,No,No phone service,DSL,Yes,No,Yes,No,Yes,Yes,One year,No,Electronic check,65.98,377.17,No
5203-JDZXF,Female,0,No,No,62,Yes,No,DSL,Yes,No,No,No,No,No,Two year,No,Credit card (automatic),57.34,3558.3,No
7061-QEKKM,Female,0,No,Yes,53,Yes,Yes,No,No internet service,No internet service,No internet service,No internet service,No internet service,No internet service,Month-to-month,Yes,Bank transfer (automatic),19.56,1039.19,No
2917-OYZTA,Male,0,No,No,10,No,No phone service,No,No internet service,No internet service,No internet service,No internet service,No internet service,No internet service,Month-to-month,Yes,Mailed check,24.95,249.94,No
3402-CFFQE,Male,1,Yes,No,68,Yes,Yes,Fiber optic,Yes,Yes,Yes,No,No,Yes,One year,Yes,Electronic check,108.88,7421.31,No
9852-OUJQO,Male,0,Yes,Yes,65,Yes,No,No,No internet service,No internet service,No internet service,No internet service,No internet service,No internet service,Month-to-month,Yes,Electronic check,18.6,1208.24,Yes
1669-YHKVV,Female,0,No,Yes,0,Yes,No,No,No internet service,No internet service,No internet service,No internet service,No internet service,No internet service,Month-to-month,No,Credit card (automatic),18.87,12.16,No
2263-GZZLK,Female,0,No,No,59,Yes,No,No,No internet service,No internet service,No internet service,No internet service,No internet service,No internet service,Month-to-month,No,Credit card (automatic),26.74,1572.62,No
8609-GDKDF,Female,0,No,No,17,Yes,No,Fiber optic,No,Yes,No,No,Yes,No,Two year,No,Electronic check,74.02,1268.93,No
1446-IVWXS,Male,0,No,No,65,Yes,No,No,No internet service,No internet service,No internet service,No internet service,No internet service,No internet service,Month-to-month,No,Bank transfer (automatic),21.8,1429.9,No
9030-LDEQA,Female,1,No,No,0,No,No phone service,No,No internet service,No internet service,No internet service,No internet service,No internet service,No internet service,Month-to-month,Yes,Electronic check,23.8,0.0,No
8782-HTWFK,Female,0,No,No,50,Yes,No,No,No internet service,No internet service,No internet service,No internet service,No internet service,No internet service,Month-to-month,No,Mailed check,20.34,1001.81,No
2040-FNHRL,Male,0,Yes,No,1,Yes,No,DSL,No,Yes,No,No,No,No,One year,Yes,Mailed check,54.61,69.99,No
5954-FFXGC,Female,0,Yes,No,71,Yes,No,Fiber optic,No,No,No,No,No,Yes,Month-to-month,Yes,Credit card (automatic),107.5,7631.74,No
5791-AIPDL,Male,0,No,Yes,51,Yes,No,No,No internet service,No internet service,No internet service,No internet service,No internet service,No internet service,Month-to-month,Yes,Electronic check,21.92,1127.83,No
7715-NOVZG,Male,0,No,Yes,0,Yes,No,Fiber optic,No,Yes,No,No,Yes,Yes,One year,Yes,Electronic check,83.55,4.57,Yes
5365-XVFHZ,Female,0,No,No,62,Yes,Yes,No,No internet service,No internet service,No internet service,No internet service,No internet service,No internet service,One year,Yes,Bank transfer (automatic),24.05,1494.57,No
7333-DRTVP,Female,0,Yes,No,61,Yes,No,No,No internet service,No internet service,No internet service,No internet service,No internet service,No internet service,Month-to-month,Yes,Credit card (automatic),27.6,1668.32,No
2914-NFZTS,Female,0,No,Yes,50,Yes,No,No,No internet service,No internet service,No internet service,No internet service,No internet service,No internet service,Month-to-month,No,Bank transfer (automatic),28.86,1423.95,Yes
5946-RJIZY,Male,0,No,No,4,Yes,No,DSL,No,No,No,No,No,No,One year,Yes,Bank transfer (automatic),46.33,189.41,No
1028-DVBEC,Male,0,No,No,8,Yes,No,DSL,No,No,No,No,Yes,No,Two year,Yes,Mailed check,51.92,434.67,No
9617-GPAII,Male,1,Yes,No,61,Yes,Yes,DSL,No,No,Yes,No,No,No,Month-to-month,No,Mailed check,56.46,3449.27,No
8541-DNICI,Female,0,No,Yes,10,Yes,Yes,Fiber optic,No,No,Yes,No,No,Yes,Month-to-month,Yes,Electronic check,83.44,843.85,No
5326-BFIAX,Female,0,No,No,11,Yes,Yes,DSL,No,No,No,No,No,No,Month-to-month,Yes,Electronic check,61.75,661.55,Yes
3684-OFMIR,Female,0,No,Yes,2,Yes,Yes,DSL,Yes,No,No,No,Yes,No,One year,No,Mailed check,67.32,150.86,Yes
1579-OMJHB,Female,1,No,Yes,17,Yes,No,DSL,No,No,No,No,No,No,One year,Yes,Credit card (automatic),46.55,797.09,No
8269-XXEOU,Male,1,No,Yes,62,Yes,No,No,No internet service,No internet service,No internet service,No internet service,No internet service,No internet service,Month-to-month,No,Bank transfer (automatic),28.12,1752.6,No
5334-FHEHB,Male,0,Yes,No,3,Yes,No,DSL,No,No,Yes,No,No,No,Month-to-month,No,Credit card (automatic),49.11,162.12,No
2237-MVHVZ,Male,0,Yes,No,4,Yes,Yes,DSL,No,No,No,Yes,No,No,Two year,Yes,Electronic check,69.02,282.65,No
2180-ETBGT,Male,0,No,No,9,No,No phone service,Fiber optic,No,No,No,Yes,No,No,One year,No,Mailed check,93.6,827.69,No
5472-VPGJR,Female,0,Yes,No,9,Yes,Yes,DSL,No,No,Yes,No,No,No,Two year,No,Bank transfer (automatic),64.67,584.8,No
4533-YGHIW,Female,0,No,No,55,Yes,Yes,DSL,Yes,No,No,No,No,Yes,Two year,Yes,Electronic check,64.41,3529.61,No
4839-YTWAI,Female,0,Yes,Yes,10,Yes,No,DSL,No,Yes,Yes,No,No,Yes,Month-to-month,Yes,Electronic check,66.56,678.16,Yes
1035-WTUQD,Male,0,Yes,Yes,0,Yes,Yes,Fiber optic,Yes,No,Yes,Yes,No,Yes,Month-to-month,Yes,Mailed check,70.34,0.0,Yes
6479-AYSSU,Male,1,No,No,69,Yes,Yes,DSL,Yes,No,Yes,Yes,No,No,One year,Yes,Bank transfer (automatic),55.53,3815.69,No
4967-DYJMG,Female,0,Yes,No,67,Yes,No,No,No internet service,No internet service,No internet service,No internet service,No internet service,No internet service,Month-to-month,Yes,Mailed check,27.59,1847.33,No
1028-PXOLG,Female,0,No,No,71,Yes,Yes,DSL,No,No,No,No,No,Yes,Month-to-month,Yes,Credit card (automatic),55.4,3932.95,Yes
7495-AJJAC,Male,0,No,No,4,Yes,Yes,No,No internet service,No internet service,No internet service,No internet service,No internet service,No internet service,Month-to-month,Yes,Bank transfer (automatic),25.99,121.66,Yes
8039-FVUGY,Female,0,Yes,No,0,Yes,No,Fiber optic,No,Yes,Yes,No,No,No,Two year,Yes,Bank transfer (automatic),100.45,0.0,Yes
6061-WAQLE,Male,0,No,No,66,Yes,No,No,No internet service,No internet service,No internet service,No internet service,No internet service,No internet service,Month-to-month,No,Electronic check,24.65,1616.73,Yes
4236-BYUAN,Male,0,Yes,No,12,No,No phone service,DSL,No,No,Yes,Yes,Yes,Yes,Month-to-month,No,Electronic check,41.74,513.57,Yes
3924-RJWRB,Male,0,No,No,70,Yes,No,Fiber optic,No,No,No,No,No,Yes,One year,Yes,Electronic check,110.33,7713.67,No
1498-VZWTU,Female,0,Yes,No,9,Yes,No,No,No internet service,No internet service,No internet service,No internet service,No internet service,No internet service,Two year,Yes,Electronic check,29.15,279.39,No
6326-CZGWV,Female,0,Yes,No,9,Yes,Yes,Fiber optic,No,No,No,No,No,No,Two year,Yes,Credit card (automatic),103.59,926.21,Yes
6394-IDIOG,Male,0,No,No,57,Yes,Yes,Fiber optic,Yes,Yes,Yes,Yes,No,Yes,One year,Yes,Mailed check,97.17,5551.97,No
8190-GVDMO,Female,0,No,No,4,Yes,No,DSL,No,Yes,Yes,No,No,Yes,Month-to-month,Yes,Electronic check,49.37,203.76,Yes
5467-AMWDJ,Male,0,Yes,No,3,Yes,No,Fiber optic,Yes,No,Yes,Yes,No,No,Month-to-month,Yes,Electronic check,100.78,293.05,Yes
8608-BQNEG,Male,0,No,No,69,Yes,No,DSL,Yes,No,No,Yes,No,Yes,Two year,No,Bank transfer (automatic),66.96,4620.69,No
4214-POGFV,Male,0,No,No,14,Yes,No,No,No internet service,No internet service,No internet service,No internet service,No internet service,No internet service,Month-to-month,No,Credit card (automatic),20.34,279.96,Yes
1447-EJMIO,Male,0,No,No,56,Yes,Yes,Fiber optic,No,No,No,Yes,No,No,One year,No,Electronic check,98.65,5540.86,No
6900-EVBSI,Female,0,Yes,No,60,Yes,Yes,DSL,No,No,No,No,No,No,Month-to-month,Yes,Mailed check,46.65,2816.78,Yes
9654-MQFGF,Male,0,No,No,64,Yes,Yes,Fiber optic,No,No,Yes,Yes,Yes,Yes,Month-to-month,No,Electronic check,84.94,5456.05,No
7412-NEDJD,Male,0,No,No,1,Yes,Yes,Fiber optic,No,Yes,No,No,No,Yes,One year,No,Mailed check,99.58,114.67,Yes
2322-YWUWI,Female,1,No,Yes,8,Yes,No,DSL,Yes,No,No,No,No,No,Two year,Yes,Bank transfer (automatic),53.26,443.03,Yes
2192-RCXCU,Male,0,No,No,53,Yes,Yes,Fiber optic,Yes,No,No,Yes,Yes,No,Two year,Yes,Bank transfer (automatic),109.39,5803.16,No
6996-VOOLG,Male,0,Yes,No,52,Yes,Yes,DSL,No,No,No,No,No,No,Two year,Yes,Electronic check,45.15,2347.09,No
4480-KWAFF,Female,0,Yes,No,71,Yes,No,Fiber optic,No,No,Yes,No,Yes,Yes,One year,Yes,Electronic check,88.66,6299.33,No
6762-FAAFA,Female,0,Yes,No,50,Yes,Yes,Fiber optic,No,No,No,No,No,Yes,One year,Yes,Credit card (automatic),70.38,3532.78,Yes
7741-HHBTN,Female,0,Yes,No,63,No,No phone service,Fiber optic,No,No,No,Yes,No,Yes,Two year,No,Electronic check,96.51,6090.18,No
1364-ENXNH,Male,0,Yes,No,1,Yes,No,Fiber optic,No,No,Yes,No,No,No,Month-to-month,No,Bank transfer (automatic),94.86,78.13,Yes
6656-HELKL,Female,0,No,Yes,12,Yes,No,No,No internet service,No internet service,No internet service,No internet service,No internet service,No internet service,Two year,Yes,Bank transfer (automatic),25.56,308.61,No
3686-ASRBQ,Female,0,Yes,No,0,Yes,Yes,DSL,No,No,No,No,No,Yes,Month-to-month,No,Bank transfer (automatic),67.74,0.0,No
7033-GPOKM,Male,1,Yes,No,11,Yes,No,Fiber optic,No,No,No,No,Yes,Yes,Two year,Yes,Bank transfer (automatic),71.89,781.87,No
5827-PZQCR,Male,0,Yes,Yes,6,Yes,Yes,No,No internet service,No internet service,No internet service,No internet service,No internet service,No internet service,Two year,No,Mailed check,28.49,165.33,No
7665-XUQMO,Male,0,Yes,No,70,Yes,No,DSL,No,No,No,No,No,No,Month-to-month,No,Electronic check,58.39,4081.17,Yes
1709-MRSOV,Male,0,Yes,No,56,No,No phone service,DSL,Yes,No,Yes,No,No,Yes,Month-to-month,Yes,Bank transfer (automatic),48.8,2719.79,No
6688-YKZVA,Male,1,No,No,57,No,No phone service,No,No internet service,No internet service,No internet service,No internet service,No internet service,No internet service,Month-to-month,Yes,Bank transfer (automatic),27.7,1579.44,Yes
2329-OYCYR,Female,0,Yes,Yes,68,Yes,No,Fiber optic,Yes,Yes,No,Yes,No,Yes,Month-to-month,Yes,Bank transfer (automatic),96.89,6607.7,Yes
8674-PSYIV,Female,0,No,Yes,4,Yes,No,No,No internet service,No internet service,No internet service,No internet service,No internet service,No internet service,Month-to-month,Yes,Credit card (automatic),24.0,87.21,Yes
7007-DBVUG,Female,1,Yes,No,56,Yes,No,DSL,No,Yes,Yes,Yes,No,No,One year,No,Mailed check,63.73,3557.21,No
6815-JACZR,Male,0,No,Yes,56,No,No phone service,No,No internet service,No internet service,No internet service,No internet service,No internet service,No internet service,Month-to-month,Yes,Credit card (automatic),22.9,1288.75,No
8237-OBAGQ,Male,0,Yes,No,59,Yes,Yes,DSL,No,Yes,No,No,No,Yes,Month-to-month,No,Electronic check,44.46,2613.0,No
8441-PQOII,Male,0,No,No,4,Yes,No,No,No internet service,No internet service,No internet service,No internet service,No internet service,No internet service,Two year,Yes,Electronic check,21.87,96.2,No
9416-HRHNM,Female,0,No,No,1,Yes,Yes,No,No internet service,No internet service,No internet service,No internet service,No internet service,No internet service,Month-to-month,Yes,Electronic check,26.97,31.82,No
8643-LWBON,Female,1,No,Yes,68,Yes,No,Fiber optic,No,No,No,Yes,Yes,Yes,Two year,No,Electronic check,108.71,7409.18,No
6827-JKQNS,Male,0,No,No,6,Yes,No,Fiber optic,No,Yes,No,No,Yes,Yes,Month-to-month,No,Mailed check,100.03,589.8,No
1412-GMXDU,Female,1,No,No,51,Yes,Yes,Fiber optic,No,No,Yes,No,Yes,No,Two year,Yes,Bank transfer (automatic),73.01,3737.8,No
6748-HDWNI,Male,1,No,No,60,Yes,Yes,DSL,No,Yes,No,Yes,No,Yes,Month-to-month,No,Mailed check,59.45,3575.48,No
7612-EVGWO,Female,0,No,Yes,1,Yes,No,Fiber optic,No,No,Yes,No,No,Yes,One year,No,Mailed check,99.4,97.03,No
2827-XBDWO,Female,0,No,Yes,67,Yes,Yes,Fiber optic,No,No,No,No,Yes,Yes,One year,Yes,Mailed check,79.48,5316.91,No
7413-CVLLN,Female,0,No,No,59,Yes,Yes,No,No internet service,No internet service,No internet service,No internet service,No internet service,No internet service,Two year,No,Electronic check,26.72,1566.12,No
4491-IZBEX,Male,0,No,No,3,Yes,No,No,No internet service,No internet service,No internet service,No internet service,No internet service,No internet service,Month-to-month,Yes,Electronic check,22.25,64.41,Yes
7191-SOWSE,Female,0,Yes,No,56,Yes,Yes,Fiber optic,No,No,No,No,Yes,Yes,Month-to-month,Yes,Electronic check,89.08,4982.19,Yes
3716-HLLIT,Female,0,No,Yes,65,Yes,Yes,Fiber optic,No,No,No,No,No,Yes,Two year,Yes,Bank transfer (automatic),96.62,6284.64,No
6944-TMSLG,Male,0,No,No,4,Yes,No,DSL,No,No,No,Yes,Yes,No,Month-to-month,No,Credit card (automatic),44.83,175.47,Yes
4732-XOEJH,Female,0,No,No,58,Yes,Yes,Fiber optic,Yes,No,No,No,No,No,Month-to-month,Yes,Electronic check,108.01,6253.76,No
6179-ESHXA,Male,0,Yes,Yes,62,Yes,No,Fiber optic,No,Yes,Yes,No,Yes,No,Month-to-month,Yes,Electronic check,85.98,5342.69,No
4085-VUFYB,Male,1,No,No,59,Yes,No,No,No internet service,No internet service,No internet service,No internet service,No internet service,No internet service,Month-to-month,Yes,Bank transfer (automatic),25.89,1525.2,No
8619-RODUQ,Male,0,No,No,61,Yes,No,Fiber optic,Yes,No,Yes,No,Yes,Yes,Month-to-month,Yes,Credit card (automatic),101.96,6220.22,No
8964-IIZFW,Male,1,No,No,0,Yes,Yes,DSL,No,No,No,Yes,No,Yes,Month-to-month,Yes,Mailed check,65.94,7.12,Yes
1450-BJOAL,Male,0,Yes,No,5,Yes,No,DSL,No,Yes,Yes,Yes,No,Yes,Month-to-month,No,Electronic check,41.44,196.41,Yes
5969-ZTUKB,Female,0,Yes,No,70,Yes,Yes,Fiber optic,No,No,No,No,No,No,Month-to-month,No,Mailed check,89.07,6228.61,Yes
8445-IZNZV,Male,0,Yes,No,12,No,No phone service,DSL,No,No,No,No,No,Yes,Month-to-month,Yes,Electronic check,42.1,493.98,Yes
3373-HYOTF,Male,0,No,No,4,Yes,Yes,No,No internet service,No internet service,No internet service,No internet service,No internet service,No internet service,Two year,No,Mailed check,20.36,87.33,No
6850-FXMJT,Male,0,Yes,No,60,Yes,No,Fiber optic,Yes,No,No,No,No,No,Two year,No,Mailed check,72.03,4336.07,No
4996-OGBIG,Male,0,No,No,50,Yes,Yes,DSL,No,No,Yes,No,No,No,Month-to-month,Yes,Electronic check,40.44,2018.25,Yes
4423-AYPVG,Female,0,No,No,22,Yes,No,Fiber optic,No,No,Yes,No,Yes,No,Two year,No,Electronic check,83.8,1830.94,No
3421-OXVQE,Male,0,No,Yes,51,Yes,Yes,Fiber optic,Yes,No,No,No,No,No,Two year,Yes,Electronic check,94.35,4822.1,Yes
8364-SOQWV,Female,0,Yes,No,63,Yes,No,Fiber optic,No,No,No,Yes,Yes,Yes,One year,Yes,Bank transfer (automatic),82.88,5241.34,No
2664-BLRVT,Male,0,Yes,No,62,Yes,Yes,Fiber optic,No,Yes,No,Yes,No,No,Two year,Yes,Bank transfer (automatic),112.12,6939.49,No
5432-EOLHW,Female,0,No,Yes,1,Yes,No,Fiber optic,No,Yes,Yes,No,Yes,No,Month-to-month,No,Electronic check,113.87,103.1,Yes
7186-TAQHC,Male,0,No,No,1,Yes,No,No,No internet service,No internet service,No internet service,No internet service,No internet service,No internet service,Two year,No,Bank transfer (automatic),29.4,40.69,No
6177-VDFWX,Male,1,Yes,Yes,55,Yes,Yes,No,No internet service,No internet service,No internet service,No internet service,No internet service,No internet service,One year,No,Credit card (automatic),22.51,1232.55,No
5961-BZHYQ,Female,1,No,Yes,2,Yes,Yes,Fiber optic,Yes,No,No,Yes,No,Yes,Month-to-month,Yes,Mailed check,97.24,204.44,Yes
9998-VXCDX,Male,1,No,Yes,3,Yes,Yes,No,No internet service,No internet service,No internet service,No internet service,No internet service,No internet service,One year,Yes,Credit card (automatic),28.58,78.99,No
1593-DCPTJ,Female,0,Yes,No,17,Yes,No,DSL,Yes,No,No,Yes,No,Yes,Month-to-month,Yes,Bank transfer (automatic),40.04,690.49,Yes
1639-KMTOK,Male,0,Yes,No,18,Yes,Yes,No,No internet service,No internet service,No internet service,No internet service,No internet service,No internet service,Month-to-month,Yes,Electronic check,25.17,461.85,Yes
7922-QPMXK,Female,0,No,No,53,Yes,No,DSL,Yes,No,Yes,Yes,Yes,No,Month-to-month,No,Electronic check,56.33,2997.85,No
6732-MLUET,Male,0,Yes,No,61,Yes,Yes,DSL,No,Yes,No,No,No,No,One year,Yes,Bank transfer (automatic),55.42,3392.85,No
7989-GNNGS,Male,0,Yes,No,9,Yes,No,No,No internet service,No internet service,No internet service,No internet service,No internet service,No internet service,One year,Yes,Electronic check,28.01,234.96,No
7608-HZBNB,Female,0,Yes,No,7,Yes,No,Fiber optic,No,No,No,No,No,No,Month-to-month,No,Electronic check,98.26,694.77,Yes
8195-KZCGB,Male,0,No,Yes,17,Yes,No,Fiber optic,No,No,Yes,No,No,Yes,Month-to-month,Yes,Electronic check,75.23,1276.32,Yes
5449-QDLNF,Male,0,No,No,61,Yes,No,DSL,No,No,No,No,No,Yes,Month-to-month,No,Electronic check,57.04,3489.37,No
7566-AFMEQ,Male,0,Yes,No,52,Yes,No,DSL,No,Yes,No,No,Yes,No,Month-to-month,Yes,Credit card (automatic),42.13,2208.37,No
2869-WEANI,Male,0,Yes,Yes,19,Yes,Yes,DSL,Yes,Yes,No,No,No,No,Two year,No,Bank transfer (automatic),45.19,855.8,No
5001-AGQPK,Male,0,Yes,Yes,7,Yes,No,DSL,Yes,Yes,No,Yes,No,No,Two year,No,Electronic check,48.96,330.88,No
2254-MCHAC,Male,0,No,No,68,Yes,No,Fiber optic,No,No,No,No,Yes,No,One year,No,Electronic check,109.72,7465.28,No
6167-HDTOQ,Female,0,Yes,No,1,Yes,No,Fiber optic,No,No,No,No,Yes,No,Two year,Yes,Electronic check,107.99,93.35,No
8726-EICJS,Female,1,No,Yes,65,Yes,No,Fiber optic,Yes,No,No,No,Yes,Yes,Two year,No,Credit card (automatic),94.98,6160.58,No
3965-HEVNX,Female,0,Yes,Yes,20,Yes,Yes,Fiber optic,No,No,Yes,No,Yes,No,Month-to-month,Yes,Bank transfer (automatic),104.63,2110.7,Yes
4845-TURWX,Male,0,Yes,Yes,3,Yes,No,No,No internet service,No internet service,No internet service,No internet service,No internet service,No internet service,Month-to-month,No,Bank transfer (automatic),28.36,70.7,No
8517-DAKOZ,Female,1,Yes,No,52,No,No phone service,DSL,Yes,No,No,Yes,No,No,Month-to-month,Yes,Electronic check,64.73,3370.17,No
7392-XWKVA,Male,0,No,No,70,Yes,Yes,DSL,No,No,No,No,No,Yes,Month-to-month,No,Credit card (automatic),47.87,3362.51,No
6317-QAPXG,Male,0,No,Yes,2,Yes,No,No,No internet service,No internet service,No internet service,No internet service,No internet service,No internet service,Two year,Yes,Credit card (automatic),27.52,54.59,No
4007-TLPHD,Male,0,No,Yes,53,Yes,Yes,Fiber optic,No,No,Yes,No,No,No,Month-to-month,No,Bank transfer (automatic),93.86,4983.73,Yes
1308-NZZVW,Male,0,Yes,No,59,Yes,No,No,No internet service,No internet service,No internet service,No internet service,No internet service,No internet service,Two year,No,Bank transfer (automatic),19.92,1178.24,No
7120-SOGMA,Female,0,Yes,Yes,14,Yes,No,Fiber optic,Yes,No,Yes,No,No,Yes,One year,No,Mailed check,85.56,1217.77,No
5199-EUPIT,Male,0,No,No,66,Yes,No,Fiber optic,No,Yes,No,Yes,Yes,No,One year,No,Bank transfer (automatic),102.31,6735.64,No
1288-UZOYH,Female,0,No,Yes,65,Yes,No,DSL,Yes,No,Yes,Yes,Yes,No,Month-to-month,No,Mailed check,69.6,4513.27,Yes
4969-ESIDL,Male,0,No,Yes,1,Yes,Yes,No,No internet service,No internet service,No internet service,No internet service,No internet service,No internet service,Month-to-month,No,Bank transfer (automatic),18.42,21.28,Yes
2396-DVMOW,Female,1,Yes,No,6,No,No phone service,DSL,No,Yes,No,No,No,No,One year,No,Electronic check,64.1,385.07,No
1719-QRCFH,Female,0,Yes,No,7,Yes,No,DSL,Yes,Yes,No,No,No,Yes,Two year,Yes,Credit card (automatic),69.99,473.67,No
9343-BMKVM,Female,0,Yes,No,63,Yes,No,DSL,No,No,No,No,No,Yes,Two year,Yes,Credit card (automatic),44.22,2787.78,No
8570-SWWWD,Female,1,No,No,16,Yes,Yes,Fiber optic,Yes,Yes,No,Yes,Yes,No,One year,No,Electronic check,71.4,1126.77,No
8691-JZXCF,Female,0,No,No,1,Yes,No,DSL,No,Yes,Yes,No,No,No,Month-to-month,Yes,Credit card (automatic),65.02,72.66,No
9721-ENBOK,Female,0,No,No,58,Yes,Yes,No,No internet service,No internet service,No internet service,No internet service,No internet service,No internet service,Month-to-month,Yes,Electronic check,25.76,1500.17,No
5559-AZCNT,Male,0,Yes,No,1,Yes,Yes,No,No internet service,No internet service,No internet service,No internet service,No internet service,No internet service,Two year,No,Electronic check,28.59,11.25,No
4958-NRCVR,Female,0,No,No,62,Yes,No,No,No internet service,No internet service,No internet service,No internet service,No internet service,No internet service,Month-to-month,Yes,Electronic check,18.3,1133.26,Yes
2710-COOUD,Male,0,Yes,Yes,64,Yes,No,No,No internet service,No internet service,No internet service,No internet service,No internet service,No internet service,One year,Yes,Bank transfer (automatic),19.99,1287.81,No
4658-UHETO,Female,0,Yes,Yes,0,Yes,No,No,No internet service,No internet service,No internet service,No internet service,No internet service,No internet service,Month-to-month,No,Credit card (automatic),28.25,12.03,Yes
2738-VYPVE,Male,0,No,Yes,0,Yes,No,No,No internet service,No internet service,No internet service,No internet service,No internet service,No internet service,Month-to-month,No,Electronic check,29.53,0.0,Yes
4230-MZSNM,Female,0,No,No,13,Yes,No,No,No internet service,No internet service,No internet service,No internet service,No internet service,No internet service,Month-to-month,Yes,Mailed check,21.54,278.71,Yes
4992-DKFAV,Female,0,No,No,2,No,No phone service,No,No internet service,No internet service,No internet service,No internet service,No internet service,No internet service,Two year,Yes,Mailed check,18.44,56.38,No
4834-VPXHF,Male,1,No,Yes,2,Yes,Yes,DSL,Yes,No,No,No,Yes,No,Two year,Yes,Mailed check,46.98,89.31,No
7803-FXEPV,Female,0,Yes,No,69,Yes,No,DSL,No,No,No,No,No,No,Two year,No,Bank transfer (automatic),57.49,3968.17,No
2320-EPUYH,Female,1,No,Yes,0,Yes,Yes,Fiber optic,No,No,Yes,Yes,Yes,No,Month-to-month,Yes,Bank transfer (automatic),79.3,0.0,No
1657-RYDYF,Female,0,No,No,68,Yes,No,DSL,No,Yes,Yes,No,No,No,Month-to-month,Yes,Mailed check,51.39,3476.72,No
6052-NWQQL,Male,0,Yes,No,1,Yes,Yes,DSL,Yes,No,Yes,No,Yes,Yes,Two year,No,Credit card (automatic),46.43,62.57,Yes
2899-IIPBM,Female,0,No,No,52,Yes,Yes,Fiber optic,No,No,No,No,Yes,Yes,Month-to-month,Yes,Bank transfer (automatic),89.74,4671.74,No
1811-DVQST,Male,0,No,Yes,63,Yes,No,Fiber optic,No,No,Yes,No,No,No,Month-to-month,No,Electronic check,74.33,4683.72,No
1118-QFWHC,Female,0,Yes,No,4,Yes,No,Fiber optic,Yes,Yes,Yes,No,No,No,Month-to-month,Yes,Mailed check,104.93,432.16,Yes
6439-KUQZU,Female,0,Yes,No,64,No,No phone service,No,No internet service,No internet service,No internet service,No internet service,No internet service,No internet service,Month-to-month,Yes,Credit card (automatic),24.27,1539.16,No
8332-FLVXS,Male,0,Yes,No,7,Yes,Yes,Fiber optic,Yes,Yes,No,No,Yes,No,Month-to-month,Yes,Bank transfer (automatic),83.2,597.16,Yes
2369-SPFMN,Female,0,No,Yes,0,Yes,No,Fiber optic,No,No,No,No,No,Yes,Two year,No,Mailed check,90.34,4.38,No
4507-BMYHM,Female,1,No,Yes,59,Yes,No,DSL,No,No,No,Yes,Yes,No,Two year,Yes,Electronic check,53.44,3161.3,No
5651-CHDBG,Male,0,No,No,14,Yes,No,DSL,No,No,Yes,No,No,No,Month-to-month,Yes,Mailed check,56.42,794.71,No
5916-CKVCY,Female,0,Yes,No,7,Yes,Yes,DSL,Yes,No,No,Yes,No,No,Month-to-month,No,Electronic check,50.9,369.22,Yes
5760-EBERI,Male,0,No,No,0,No,No phone service,DSL,Yes,No,No,No,No,Yes,One year,Yes,Mailed check,65.01,11.71,No
4586-BYYSV,Male,0,No,No,56,Yes,Yes,DSL,Yes,Yes,No,No,Yes,No,Month-to-month,No,Credit card (automatic),68.38,3832.15,No
5352-FQHNR,Male,0,Yes,No,7,No,No phone service,No,No internet service,No internet service,No internet service,No internet service,No internet service,No internet service,Two year,No,Mailed check,26.91,201.97,No
9852-GRZNN,Female,0,No,No,5,Yes,Yes,Fiber optic,Yes,Yes,No,No,Yes,No,Month-to-month,Yes,Credit card (automatic),91.7,469.92,No
2129-WWWRD,Male,0,No,Yes,5,Yes,Yes,Fiber optic,No,No,Yes,No,Yes,No,Month-to-month,Yes,Electronic check,102.22,511.24,Yes
7912-RCEGL,Male,1,Yes,Yes,4,Yes,No,No,No internet service,No internet service,No internet service,No internet service,No internet service,No internet service,One year,Yes,Electronic check,20.93,67.49,No
5786-OTCSC,Female,0,Yes,No,1,Yes,No,DSL,No,No,No,No,Yes,Yes,One year,Yes,Bank transfer (automatic),46.29,60.98,No
9741-UEYQA,Male,1,No,Yes,7,Yes,No,Fiber optic,Yes,No,No,Yes,Yes,No,Month-to-month,Yes,Bank transfer (automatic),91.11,632.79,Yes
9287-DNHXR,Female,0,No,No,9,Yes,No,DSL,Yes,No,No,No,No,No,Month-to-month,No,Bank transfer (automatic),54.77,505.7,No
9549-UDOPU,Female,0,No,No,65,Yes,Yes,No,No internet service,No internet service,No internet service,No internet service,No internet service,No internet service,Month-to-month,No,Credit card (automatic),26.45,1730.14,No
2000-TLSRE,Female,0,No,No,64,Yes,Yes,Fiber optic,No,No,Yes,Yes,Yes,Yes,Month-to-month,Yes,Mailed check,92.92,5930.28,Yes
5240-HOKPU,Female,0,Yes,No,7,Yes,Yes,DSL,No,Yes,No,No,No,No,Month-to-month,No,Bank transfer (automatic),40.0,270.89,Yes
5844-YMCTX,Male,0,Yes,No,68,Yes,No,DSL,No,No,Yes,No,No,Yes,Two year,No,Electronic check,49.37,3370.26,No
7477-JAFVO,Male,0,No,Yes,69,No,No phone service,No,No internet service,No internet service,No internet service,No internet service,No internet service,No internet service,Month-to-month,Yes,Bank transfer (automatic),27.71,1915.29,No
7541-PPNQL,Male,0,Yes,No,3,Yes,No,DSL,Yes,No,No,No,Yes,No,Month-to-month,Yes,Bank transfer (automatic),58.68,168.95,No
9778-MTKWI,Male,0,No,No,53,No,No phone service,No,No internet service,No internet service,No internet service,No internet service,No internet service,No internet service,One year,Yes,Bank transfer (automatic),21.93,1148.62,No
6470-TWKLY,Male,1,Yes,No,52,Yes,Yes,Fiber optic,Yes,Yes,No,No,No,No,Month-to-month,Yes,Credit card (automatic),107.09,5566.0,Yes
8723-XJVJG,Female,0,Yes,Yes,11,Yes,Yes,DSL,No,Yes,Yes,No,No,No,Two year,Yes,Mailed check,49.32,547.64,No
9757-PTIZI,Male,1,Yes,No,4,No,No phone service,DSL,Yes,No,Yes,No,Yes,Yes,One year,No,Electronic check,54.85,213.5,No
4022-KCROL,Male,0,Yes,No,64,Yes,No,Fiber optic,No,No,No,No,Yes,Yes,Month-to-month,No,Electronic check,71.4,4573.65,Yes
4887-NALPN,Male,1,No,No,1,Yes,Yes,Fiber optic,Yes,No,No,No,No,No,Two year,Yes,Credit card (automatic),86.96,99.46,Yes
7847-RGIPL,Female,0,Yes,Yes,62,Yes,Yes,Fiber optic,No,Yes,Yes,No,No,No,Month-to-month,Yes,Credit card (automatic),85.37,5283.77,No
7961-YNXMX,Female,0,No,No,4,Yes,No,Fiber optic,No,Yes,No,No,No,Yes,One year,Yes,Electronic check,79.03,299.7,No
4761-BUFNN,Male,0,No,No,0,Yes,Yes,Fiber optic,No,No,Yes,No,No,No,Two year,Yes,Mailed check,75.89,0.0,No
3873-SSZEM,Female,0,No,No,18,Yes,No,DSL,No,No,No,Yes,Yes,No,Two year,No,Credit card (automatic),45.51,808.67,No
3421-SLQUZ,Male,0,Yes,No,56,Yes,No,Fiber optic,No,No,No,Yes,No,No,Month-to-month,Yes,Electronic check,88.5,4941.18,No
3915-MTOZD,Male,0,No,No,33,Yes,No,Fiber optic,Yes,No,No,No,Yes,Yes,Month-to-month,Yes,Mailed check,102.73,3386.33,No
6594-XRMMS,Female,0,Yes,No,51,No,No phone service,Fiber optic,No,Yes,No,Yes,No,No,Month-to-month,Yes,Bank transfer (automatic),95.55,4866.11,No
6757-YCZEQ,Female,0,No,No,3,Yes,No,DSL,No,No,No,No,No,Yes,Two year,Yes,Electronic check,43.98,127.29,Yes
4347-UHRKC,Male,0,No,No,64,No,No phone service,Fiber optic,No,Yes,No,No,No,No,Two year,No,Bank transfer (automatic),108.14,6915.37,No
3638-USTOT,Male,0,Yes,No,13,Yes,No,Fiber optic,No,No,No,No,Yes,Yes,Month-to-month,No,Electronic check,110.57,1427.36,No
6577-RFBID,Female,0,No,No,57,Yes,Yes,DSL,No,No,No,No,Yes,No,Month-to-month,No,Credit card (automatic),40.47,2312.42,No
1793-MCTIA,Male,1,Yes,No,62,Yes,No,Fiber optic,No,Yes,No,No,No,Yes,Two year,No,Electronic check,107.95,6682.58,No
6069-XCYJX,Female,0,Yes,No,1,Yes,No,No,No internet service,No internet service,No internet service,No internet service,No internet service,No internet service,Month-to-month,Yes,Credit card (automatic),25.1,42.35,Yes
7283-NKTQV,Male,0,No,Yes,1,No,No phone service,DSL,No,No,Yes,No,No,No,Month-to-month,No,Bank transfer (automatic),63.98,56.73,No
4451-TISTV,Female,1,Yes,Yes,67,Yes,No,No,No internet service,No internet service,No internet service,No internet service,No internet service,No internet service,Month-to-month,Yes,Bank transfer (automatic),28.32,1915.57,No
7493-SZKOI,Male,0,No,No,33,Yes,Yes,Fiber optic,No,Yes,Yes,No,No,No,Month-to-month,Yes,Electronic check,111.48,3666.44,No
5382-NSSPZ,Male,0,No,Yes,58,Yes,No,Fiber optic,Yes,No,Yes,No,No,No,Two year,Yes,Credit card (automatic),114.33,6614.59,No
8320-IUEXX,Female,0,Yes,No,53,Yes,Yes,Fiber optic,No,Yes,No,No,No,Yes,Two year,No,Credit card (automatic),96.89,5127.48,No
3280-ZTIGD,Male,0,Yes,No,0,Yes,Yes,Fiber optic,Yes,No,Yes,No,Yes,Yes,Month-to-month,Yes,Mailed check,85.41,0.0,No
4114-BJECD,Male,0,Yes,No,3,Yes,No,DSL,Yes,Yes,No,No,Yes,Yes,Two year,No,Mailed check,58.71,188.47,No
3204-XITIB,Female,0,Yes,Yes,59,No,No phone service,No,No internet service,No internet service,No internet service,No internet service,No internet service,No internet service,Month-to-month,Yes,Electronic check,28.0,1662.92,No
3965-KGVLT,Male,0,Yes,Yes,8,Yes,No,Fiber optic,No,Yes,No,No,No,No,Two year,Yes,Electronic check,103.83,818.07,No
4840-ORREN,Male,0,No,No,20,Yes,No,Fiber optic,No,No,No,No,No,No,Month-to-month,No,Mailed check,79.32,1603.31,No
8712-UIXVJ,Male,0,No,No,9,Yes,No,Fiber optic,No,Yes,No,Yes,Yes,Yes,Two year,Yes,Electronic check,74.32,663.05,No
5436-SIORZ,Female,1,No,No,8,No,No phone service,Fiber optic,Yes,No,Yes,Yes,No,No,Month-to-month,No,Electronic check,110.53,903.73,No
8781-TWNLF,Female,0,Yes,No,0,Yes,No,No,No internet service,No internet service,No internet service,No internet service,No internet service,No internet service,Month-to-month,Yes,Credit card (automatic),18.94,18.61,No
7563-XJQMS,Female,1,No,Yes,3,Yes,No,DSL,Yes,Yes,No,Yes,Yes,Yes,Two year,Yes,Mailed check,64.9,185.62,No
7124-LQBCV,Male,1,No,Yes,67,Yes,No,No,No internet service,No internet service,No internet service,No internet service,No internet service,No internet service,Month-to-month,No,Credit card (automatic),27.34,1829.82,No
7083-LIDOE,Male,0,Yes,No,66,Yes,No,DSL,No,No,No,No,Yes,No,Two year,Yes,Electronic check,43.33,2873.58,No
6826-PQOTQ,Male,0,Yes,No,17,Yes,No,Fiber optic,No,No,No,No,Yes,Yes,Month-to-month,Yes,Credit card (automatic),78.66,1329.3,Yes
8114-MRGMH,Male,0,Yes,No,0,Yes,No,DSL,No,No,Yes,No,No,Yes,Month-to-month,No,Bank transfer (automatic),68.31,0.0,Yes
9257-IWUFK,Female,1,No,Yes,7,Yes,Yes,Fiber optic,No,No,No,Yes,No,Yes,Two year,Yes,Electronic check,101.8,700.3,No
7226-JLDPE,Male,0,No,Yes,61,Yes,No,DSL,No,Yes,No,Yes,No,No,One year,No,Electronic check,55.38,3378.06,No
7596-NCMUX,Male,1,No,No,7,Yes,Yes,Fiber optic,No,No,No,Yes,Yes,No,Month-to-month,No,Credit card (automatic),112.15,775.99,Yes
1077-HQXAC,Male,0,No,No,2,Yes,Yes,No,No internet service,No internet service,No internet service,No internet service,No internet service,No internet service,Month-to-month,Yes,Electronic check,29.58,43.71,No
1512-DLDHS,Female,0,No,Yes,58,Yes,No,Fiber optic,No,No,Yes,No,Yes,Yes,One year,Yes,Mailed check,93.58,5435.29,No
1046-KTSBQ,Male,0,Yes,No,5,Yes,Yes,DSL,No,Yes,No,No,No,No,Month-to-month,No,Credit card (automatic),60.8,298.31,Yes
4959-LPOKK,Male,0,No,Yes,13,Yes,No,DSL,No,No,Yes,No,No,No,Month-to-month,Yes,Electronic check,59.34,772.69,No
3326-CEQVU,Male,0,No,No,6,No,No phone service,Fiber optic,No,No,Yes,No,Yes,No,One year,No,Electronic check,99.52,599.28,No
5596-HBZBK,Male,0,Yes,Yes,7,Yes,No,DSL,No,No,No,No,No,No,One year,No,Electronic check,61.58,434.68,No
8720-ZZABX,Male,0,No,No,8,Yes,No,DSL,No,No,No,No,Yes,No,Two year,Yes,Electronic check,62.87,513.78,Yes
9223-GADMU,Female,0,Yes,Yes,1,Yes,Yes,Fiber optic,No,No,No,No,Yes,No,One year,Yes,Bank transfer (automatic),84.32,93.03,No
6898-YAJJC,Male,1,Yes,Yes,58,Yes,No,DSL,No,No,Yes,No,Yes,No,Month-to-month,Yes,Electronic check,51.79,3014.19,No
8084-DMGOK,Male,1,No,No,3,Yes,Yes,DSL,No,No,No,Yes,No,No,Month-to-month,No,Electronic check,45.9,150.18,No
4135-LYWMC,Male,0,No,No,6,Yes,No,Fiber optic,No,No,No,Yes,Yes,No,Month-to-month,Yes,Bank transfer (automatic),94.7,564.01,Yes
6997-PEEJE,Male,0,Yes,No,3,Yes,No,DSL,No,No,No,No,No,Yes,Month-to-month,Yes,Credit card (automatic),44.04,143.87,No
9780-DZBWH,Male,0,No,Yes,23,Yes,Yes,DSL,No,No,Yes,No,No,No,Month-to-month,Yes,Mailed check,56.47,1293.16,No
8967-TLNZZ,Male,0,No,No,55,Yes,No,Fiber optic,No,No,No,Yes,No,Yes,Two year,Yes,Mailed check,74.41,4089.2,No
1549-FDLED,Male,0,No,No,8,Yes,Yes,DSL,No,Yes,No,No,No,Yes,Two year,Yes,Electronic check,55.26,458.17,Yes
2775-LODTN,Male,0,Yes,No,65,Yes,Yes,DSL,No,No,No,No,No,Yes,One year,Yes,Bank transfer (automatic),65.76,4281.42,No
1428-AURCE,Male,0,Yes,Yes,2,Yes,Yes,Fiber optic,No,No,No,No,Yes,No,One year,No,Electronic check,98.76,187.5,Yes
2855-LOLHN,Male,1,Yes,Yes,62,Yes,Yes,Fiber optic,No,No,Yes,No,Yes,No,Month-to-month,No,Bank transfer (automatic),77.98,4841.38,Yes
4417-WZODB,Female,0,Yes,No,68,Yes,No,DSL,Yes,Yes,No,No,Yes,Yes,One year,Yes,Credit card (automatic),62.91,4264.02,No
5935-SSFYN,Female,0,Yes,No,55,Yes,Yes,Fiber optic,No,Yes,Yes,Yes,Yes,Yes,Two year,Yes,Electronic check,111.24,6108.62,Yes
7341-JYKVJ,Female,0,No,No,2,No,No phone service,No,No internet service,No internet service,No internet service,No internet service,No internet service,No internet service,One year,Yes,Bank transfer (automatic),20.65,23.55,No
5924-RMSYN,Female,0,Yes,No,50,Yes,No,No,No internet service,No internet service,No internet service,No internet service,No internet service,No internet service,Month-to-month,Yes,Bank transfer (automatic),22.18,1116.22,No
4321-YTSPS,Male,0,Yes,No,3,Yes,No,Fiber optic,No,No,No,No,No,Yes,One year,Yes,Bank transfer (automatic),107.87,341.54,Yes
5632-QYVSE,Female,0,Yes,No,2,Yes,No,DSL,Yes,Yes,No,No,Yes,No,One year,Yes,Bank transfer (automatic),40.33,97.99,Yes
2717-YODRR,Female,0,Yes,No,53,Yes,No,Fiber optic,Yes,No,No,No,Yes,Yes,Month-to-month,Yes,Mailed check,98.36,5225.4,Yes
3780-UEWTH,Male,1,Yes,No,10,Yes,No,DSL,No,No,No,No,No,No,Month-to-month,Yes,Electronic check,62.28,609.21,Yes
5554-RIIQY,Female,0,Yes,Yes,58,Yes,Yes,Fiber optic,No,No,No,Yes,No,No,Two year,Yes,Electronic check,98.01,5698.34,No
7115-SYZQX,Female,1,No,Yes,2,Yes,No,No,No internet service,No internet service,No internet service,No internet service,No internet service,No internet service,One year,Yes,Mailed check,22.69,25.5,No
3981-DOVQA,Male,0,Yes,Yes,4,No,No phone service,Fiber optic,No,Yes,Yes,No,Yes,No,Two year,Yes,Credit card (automatic),99.28,413.77,No
9964-EOPSF,Male,1,No,No,9,No,No phone service,Fiber optic,Yes,Yes,No,No,Yes,Yes,Month-to-month,Yes,Bank transfer (automatic),106.65,968.01,Yes
8809-JVYMY,Male,0,No,No,2,Yes,No,DSL,Yes,No,No,No,Yes,No,Month-to-month,No,Electronic check,64.68,116.36,No
4937-OBNDU,Female,0,Yes,No,58,Yes,No,DSL,No,No,Yes,No,No,Yes,Month-to-month,Yes,Electronic check,48.38,2808.61,No
2907-ISPQG,Female,0,Yes,No,10,Yes,Yes,No,No internet service,No internet service,No internet service,No internet service,No internet service,No internet service,Month-to-month,Yes,Bank transfer (automatic),24.65,251.58,No
2493-HCRSA,Male,0,Yes,No,59,Yes,Yes,DSL,Yes,No,No,No,No,No,Month-to-month,No,Credit card (automatic),52.73,3101.8,No
5213-QHWPK,Male,0,Yes,Yes,68,Yes,No,DSL,Yes,No,Yes,No,No,No,Two year,Yes,Credit card (automatic),66.53,4538.09,No
2817-BMBEN,Female,0,Yes,No,61,Yes,No,Fiber optic,No,No,Yes,No,No,No,One year,Yes,Bank transfer (automatic),88.55,5402.06,No
2102-BMPLB,Male,0,No,No,67,Yes,No,Fiber optic,Yes,No,No,Yes,No,Yes,Two year,Yes,Electronic check,90.97,6097.57,No
2904-DIROP,Female,0,Yes,Yes,4,Yes,No,DSL,Yes,No,Yes,No,No,No,Month-to-month,No,Credit card (automatic),67.58,285.76,No
9655-DEBPA,Male,1,No,Yes,3,Yes,No,Fiber optic,Yes,Yes,No,No,No,No,Month-to-month,Yes,Credit card (automatic),104.82,320.65,No
5725-TCVPK,Male,0,Yes,Yes,3,No,No phone service,DSL,Yes,No,Yes,Yes,No,Yes,Month-to-month,No,Credit card (automatic),50.09,153.87,No
3252-MSRNJ,Female,0,No,No,4,Yes,Yes,Fiber optic,No,No,Yes,No,Yes,No,Month-to-month,No,Mailed check,106.23,409.96,Yes
2059-ZOYHT,Male,0,No,Yes,1,Yes,No,DSL,No,No,No,Yes,No,Yes,Month-to-month,No,Credit card (automatic),42.89,44.56,Yes
5884-YPQUU,Male,0,Yes,No,1,No,No phone service,Fiber optic,No,Yes,Yes,No,Yes,No,One year,No,Credit card (automatic),99.69,116.25,No
1774-DTZMV,Male,0,Yes,No,1,Yes,No,DSL,Yes,Yes,Yes,Yes,No,No,Month-to-month,Yes,Bank transfer (automatic),50.67,54.93,No
3782-WLFLM,Female,0,No,No,1,Yes,No,No,No internet service,No internet service,No internet service,No internet service,No internet service,No internet service,Month-to-month,No,Credit card (automatic),27.4,18.79,No
1498-OEQWM,Male,0,No,No,7,Yes,Yes,Fiber optic,No,Yes,No,Yes,Yes,No,Month-to-month,Yes,Electronic check,79.78,571.62,No
7126-DOKVN,Male,0,Yes,No,52,Yes,No,No,No internet service,No internet service,No internet service,No internet service,No internet service,No internet service,Month-to-month,Yes,Bank transfer (automatic),25.21,1308.29,No
8975-RHNCY,Male,0,Yes,Yes,51,Yes,No,Fiber optic,No,No,No,No,Yes,Yes,Two year,No,Electronic check,75.69,3843.36,No
5781-PUNPG,Male,0,Yes,Yes,4,Yes,Yes,DSL,No,No,No,Yes,No,No,Two year,Yes,Mailed check,52.13,207.85,No
7915-WVVEY,Male,0,Yes,Yes,10,Yes,Yes,Fiber optic,No,No,No,Yes,No,Yes,Month-to-month,Yes,Credit card (automatic),85.29,863.36,Yes
1636-DMECC,Male,0,No,No,69,Yes,No,Fiber optic,No,No,Yes,No,No,No,Two year,No,Electronic check,105.29,7281.75,No
9711-NBCWI,Female,0,No,No,12,Yes,Yes,Fiber optic,No,No,No,No,Yes,Yes,One year,No,Bank transfer (automatic),106.19,1280.86,Yes
7381-KUGOW,Female,1,Yes,No,69,Yes,No,Fiber optic,No,Yes,No,No,Yes,No,Month-to-month,Yes,Bank transfer (automatic),90.57,6262.88,No
5154-DYJLJ,Male,1,Yes,No,53,Yes,No,DSL,No,No,Yes,No,Yes,Yes,Month-to-month,No,Bank transfer (automatic),46.13,2454.88,No
1735-XFBOQ,Female,0,Yes,Yes,0,Yes,No,Fiber optic,No,No,No,No,Yes,Yes,One year,Yes,Credit card (automatic),109.39,0.0,No
8767-OQEPJ,Female,0,No,No,55,Yes,No,No,No internet service,No internet service,No internet service,No internet service,No internet service,No internet service,Month-to-month,Yes,Mailed check,20.2,1130.37,No
9719-UWYFK,Male,0,No,Yes,9,Yes,No,DSL,No,No,No,No,No,No,Month-to-month,Yes,Electronic check,48.83,421.73,Yes
5264-RSCZE,Female,0,Yes,Yes,1,Yes,Yes,No,No internet service,No internet service,No internet service,No internet service,No internet service,No internet service,Month-to-month,No,Bank transfer (automatic),28.69,19.65,No
4752-UQKGP,Female,0,Yes,No,5,Yes,No,DSL,No,No,No,No,No,No,Month-to-month,No,Credit card (automatic),53.82,279.64,No
4099-IERXN,Female,0,No,No,61,Yes,Yes,DSL,No,No,Yes,No,Yes,No,One year,No,Bank transfer (automatic),50.9,3090.26,No
7789-STHNF,Female,0,Yes,Yes,69,Yes,Yes,Fiber optic,No,No,No,No,Yes,Yes,Two year,No,Credit card (automatic),105.29,7267.73,No
7760-KRYXX,Female,0,Yes,No,55,No,No phone service,Fiber optic,No,Yes,Yes,No,No,No,One year,No,Credit card (automatic),113.08,6224.63,No
7580-BFQYN,Female,0,Yes,No,64,Yes,No,Fiber optic,Yes,Yes,No,Yes,No,No,Two year,No,Electronic check,79.4,5089.1,No
4727-PSMHN,Female,0,Yes,Yes,4,Yes,No,Fiber optic,No,Yes,Yes,No,No,No,Two year,Yes,Electronic check,101.08,390.75,Yes
1458-KBPRA,Female,0,Yes,Yes,20,Yes,No,DSL,Yes,No,No,Yes,No,No,Month-to-month,No,Mailed check,49.74,983.1,No
2217-FCPZI,Male,0,No,No,3,Yes,Yes,DSL,No,Yes,No,No,Yes,No,Month-to-month,No,Credit card (automatic),47.67,127.97,No
8008-HQLIE,Male,0,No,No,2,Yes,Yes,DSL,No,Yes,Yes,No,No,Yes,Month-to-month,No,Mailed check,61.31,109.47,No
2374-AOQOP,Female,0,Yes,No,28,Yes,Yes,No,No internet service,No internet service,No internet service,No internet service,No internet service,No internet service,One year,Yes,Credit card (automatic),20.08,575.56,No
4461-ERMTX,Female,0,Yes,Yes,30,Yes,Yes,Fiber optic,No,Yes,No,No,No,Yes,One year,Yes,Mailed check,88.27,2632.65,No
6811-HPPWW,Male,0,No,No,10,Yes,No,No,No internet service,No internet service,No internet service,No internet service,No internet service,No internet service,One year,Yes,Mailed check,21.79,213.96,No
7230-LTAUY,Female,0,Yes,No,5,Yes,Yes,Fiber optic,No,No,Yes,No,No,No,Month-to-month,No,Electronic check,91.57,438.47,Yes
2634-HBGYR,Female,0,Yes,No,4,Yes,No,DSL,No,No,No,No,No,Yes,One year,No,Mailed check,43.85,185.94,No
4798-DUCLY,Male,0,Yes,Yes,9,Yes,No,Fiber optic,Yes,No,No,No,No,Yes,Month-to-month,Yes,Mailed check,79.83,736.76,Yes
3734-GLULK,Male,0,No,No,55,Yes,No,Fiber optic,No,No,No,Yes,Yes,No,Month-to-month,No,Mailed check,85.73,4707.12,No
8331-KCUIF,Male,0,Yes,No,1,Yes,No,Fiber optic,No,No,No,Yes,No,No,Month-to-month,Yes,Electronic check,109.65,101.85,No
6776-URJMH,Female,0,Yes,No,15,Yes,No,Fiber optic,No,No,No,Yes,No,No,One year,No,Mailed check,79.03,1188.41,No
5234-ZURBV,Female,1,Yes,No,66,No,No phone service,Fiber optic,No,Yes,No,Yes,No,No,Month-to-month,Yes,Bank transfer (automatic),101.67,6695.46,No
2285-CMKWO,Male,1,Yes,No,3,Yes,No,Fiber optic,No,No,Yes,No,Yes,Yes,Month-to-month,No,Electronic check,108.21,328.71,Yes
3140-RJMOX,Male,0,No,No,67,Yes,Yes,DSL,No,No,No,Yes,Yes,No,Month-to-month,Yes,Mailed check,44.45,2980.16,No
2256-YEEJX,Female,1,No,No,51,No,No phone service,No,No internet service,No internet service,No internet service,No internet service,No internet service,No internet service,Month-to-month,No,Electronic check,19.6,995.57,No
5794-RMXBP,Male,0,Yes,No,0,Yes,Yes,Fiber optic,Yes,No,No,No,Yes,Yes,One year,Yes,Bank transfer (automatic),94.28,8.03,No
3877-QFFJD,Female,0,Yes,No,61,Yes,Yes,Fiber optic,Yes,Yes,Yes,Yes,Yes,No,Month-to-month,No,Mailed check,104.26,6361.6,No
1014-ZHGWO,Female,0,No,No,5,Yes,No,Fiber optic,Yes,No,No,Yes,Yes,Yes,Two year,No,Mailed check,93.53,481.41,No
4808-FLUOF,Male,1,Yes,No,2,No,No phone service,DSL,No,No,Yes,No,No,No,Month-to-month,Yes,Credit card (automatic),65.84,140.76,No
1187-TAGVO,Male,0,No,Yes,1,Yes,No,No,No internet service,No internet service,No internet service,No internet service,No internet service,No internet service,Month-to-month,Yes,Bank transfer (automatic),29.58,32.79,Yes
8861-ICBNK,Female,0,No,No,61,Yes,No,DSL,Yes,No,Yes,No,Yes,Yes,Two year,No,Credit card (automatic),45.83,2788.32,No
4189-UKINN,Male,0,Yes,Yes,57,Yes,No,DSL,No,Yes,No,No,No,No,Two year,Yes,Electronic check,48.59,2750.78,No
2978-WHLXZ,Male,0,No,No,53,Yes,No,No,No internet service,No internet service,No internet service,No internet service,No internet service,No internet service,Two year,No,Mailed check,29.07,1535.56,No
2531-EIMNE,Male,0,Yes,Yes,6,Yes,No,DSL,Yes,No,No,Yes,No,No,Month-to-month,No,Electronic check,63.5,391.92,Yes
7997-XBIYT,Male,0,Yes,No,14,Yes,Yes,No,No internet service,No internet service,No internet service,No internet service,No internet service,No internet service,Month-to-month,Yes,Electronic check,26.5,386.65,No
6190-JLWGO,Female,0,No,No,71,Yes,No,DSL,No,Yes,No,No,Yes,No,One year,No,Bank transfer (automatic),43.37,3093.31,No
2552-QNUME,Female,0,No,Yes,7,Yes,Yes,Fiber optic,No,No,Yes,No,Yes,Yes,Month-to-month,Yes,Bank transfer (automatic),85.6,593.98,No
5741-PXYQU,Female,0,No,No,6,Yes,No,DSL,Yes,No,No,Yes,No,Yes,Two year,No,Mailed check,43.8,244.0,No
4740-IPQOL,Female,0,No,Yes,5,Yes,No,Fiber optic,No,Yes,Yes,Yes,No,No,Month-to-month,Yes,Electronic check,84.07,437.85,Yes
2605-QYCKV,Male,0,Yes,No,60,Yes,No,DSL,Yes,No,No,Yes,No,No,Month-to-month,No,Mailed check,49.97,3005.55,No
5746-TQLAR,Male,0,Yes,No,4,Yes,Yes,No,No internet service,No internet service,No internet service,No internet service,No internet service,No internet service,Month-to-month,No,Mailed check,19.86,78.62,No
5904-KHBWW,Female,0,Yes,No,3,Yes,No,Fiber optic,Yes,No,No,No,No,No,Two year,No,Mailed check,78.84,247.66,No
1015-NRRGW,Female,0,No,No,70,Yes,Yes,Fiber optic,Yes,Yes,No,No,Yes,Yes,Month-to-month,No,Mailed check,105.82,7390.98,No
3033-KPHDS,Male,0,Yes,No,3,Yes,No,DSL,No,No,Yes,No,No,No,Two year,No,Electronic check,42.89,112.15,No
8713-ZCJEI,Female,0,Yes,No,59,Yes,No,No,No internet service,No internet service,No internet service,No internet service,No internet service,No internet service,Month-to-month,No,Mailed check,20.91,1241.98,No
9758-NCPIL,Female,1,No,No,50,Yes,No,No,No internet service,No internet service,No internet service,No internet service,No internet service,No internet service,Two year,No,Electronic check,23.02,1133.71,No
6710-WZEFO,Male,1,Yes,No,68,Yes,No,Fiber optic,Yes,Yes,Yes,No,Yes,Yes,Month-to-month,Yes,Electronic check,86.2,5843.56,No
4496-IOTTY,Female,0,Yes,No,61,Yes,Yes,No,No internet service,No internet service,No internet service,No internet service,No internet service,No internet service,Two year,Yes,Bank transfer (automatic),26.33,1614.94,No
6514-CDCDP,Male,0,Yes,Yes,61,Yes,No,No,No internet service,No internet service,No internet service,No internet service,No internet service,No internet service,Month-to-month,Yes,Bank transfer (automatic),25.6,1571.26,No
4249-QGAUH,Male,1,Yes,Yes,1,Yes,No,Fiber optic,No,No,No,No,No,Yes,Two year,Yes,Credit card (automatic),79.75,76.26,No
5848-UTHUP,Female,1,Yes,Yes,52,Yes,No,DSL,No,No,Yes,Yes,Yes,No,Month-to-month,Yes,Bank transfer (automatic),62.29,3234.74,No
8089-BHIUF,Male,1,Yes,No,3,Yes,No,Fiber optic,No,No,Yes,No,Yes,No,Month-to-month,Yes,Electronic check,72.33,214.67,Yes
2651-GQBBX,Female,1,Yes,No,27,Yes,Yes,DSL,Yes,No,No,Yes,No,No,Month-to-month,No,Mailed check,46.75,1257.01,No
8500-TMWYA,Male,0,Yes,Yes,68,Yes,No,Fiber optic,Yes,No,No,No,Yes,No,One year,Yes,Bank transfer (automatic),101.28,6884.89,No
6629-SXZPO,Female,0,Yes,Yes,51,Yes,No,No,No internet service,No internet service,No internet service,No internet service,No internet service,No internet service,Month-to-month,No,Mailed check,22.61,1140.53,No
7909-QFMOB,Female,0,Yes,No,68,Yes,No,DSL,No,Yes,No,No,Yes,No,Month-to-month,Yes,Bank transfer (automatic),56.17,3822.92,No
1295-QOMBR,Female,0,Yes,Yes,5,Yes,Yes,No,No internet service,No internet service,No internet service,No internet service,No internet service,No internet service,Month-to-month,No,Credit card (automatic),23.96,120.48,No
3312-MBHKM,Male,0,Yes,No,5,Yes,No,No,No internet service,No internet service,No internet service,No internet service,No internet service,No internet service,Month-to-month,Yes,Bank transfer (automatic),22.9,121.12,No
7164-FLLQD,Male,0,Yes,No,16,Yes,Yes,No,No internet service,No internet service,No internet service,No internet service,No internet service,No internet service,One year,No,Electronic check,24.57,380.42,No
8091-SQWLF,Female,0,No,No,70,Yes,Yes,Fiber optic,No,Yes,No,No,Yes,No,Month-to-month,No,Electronic check,89.58,6254.16,No
5429-TZWSZ,Male,0,No,Yes,69,Yes,No,Fiber optic,No,No,No,No,No,No,Month-to-month,Yes,Credit card (automatic),78.94,5459.1,Yes
3890-ZWPJT,Female,0,Yes,No,15,Yes,No,No,No internet service,No internet service,No internet service,No internet service,No internet service,No internet service,Month-to-month,No,Mailed check,27.3,425.66,No
7551-VIPTH,Female,0,Yes,No,5,Yes,No,DSL,No,No,Yes,No,No,No,Month-to-month,Yes,Credit card (automatic),65.69,315.33,No
4433-XTVZI,Male,0,No,Yes,60,No,No phone service,Fiber optic,No,Yes,Yes,No,No,Yes,Month-to-month,Yes,Electronic check,81.89,4910.04,No
2853-SUGUK,Female,0,No,No,26,Yes,No,Fiber optic,Yes,No,No,Yes,No,No,Month-to-month,Yes,Credit card (automatic),83.18,2171.69,Yes
7976-HCYCL,Male,0,No,No,3,Yes,No,Fiber optic,No,Yes,No,Yes,No,No,Month-to-month,No,Electronic check,113.3,340.88,Yes
9645-TTKCA,Female,0,Yes,Yes,58,No,No phone service,Fiber optic,Yes,No,Yes,No,No,Yes,Month-to-month,Yes,Credit card (automatic),86.97,5046.94,No
7559-PNGEP,Male,0,No,No,64,Yes,No,DSL,No,No,Yes,No,No,Yes,Two year,Yes,Electronic check,58.97,3767.76,No
6125-CJMNJ,Female,0,No,Yes,8,Yes,Yes,No,No internet service,No internet service,No internet service,No internet service,No internet service,No internet service,Month-to-month,Yes,Bank transfer (automatic),28.86,215.68,No
5598-HHSEF,Female,0,Yes,No,6,Yes,No,Fiber optic,Yes,No,Yes,No,No,No,Two year,No,Electronic check,95.33,590.4,No
1164-HVLAG,Male,0,Yes,No,60,Yes,Yes,Fiber optic,No,Yes,No,No,No,Yes,Month-to-month,No,Bank transfer (automatic),73.79,4437.14,Yes
3530-TYZGV,Female,0,Yes,Yes,0,Yes,No,Fiber optic,Yes,Yes,Yes,Yes,Yes,No,One year,Yes,Credit card (automatic),113.98,0.0,No
8239-ISXNR,Female,1,Yes,Yes,10,No,No phone service,DSL,No,No,No,No,Yes,No,Month-to-month,No,Electronic check,44.77,456.29,No
8717-IMZFY,Male,0,Yes,No,4,No,No phone service,Fiber optic,No,No,No,No,Yes,No,Month-to-month,No,Mailed check,108.32,428.91,Yes
9244-EVCQU,Female,0,No,No,51,Yes,No,Fiber optic,No,Yes,Yes,No,Yes,No,One year,No,Electronic check,100.98,5137.78,No
8160-XBXBJ,Male,0,Yes,No,70,Yes,No,DSL,No,Yes,Yes,No,No,Yes,Two year,Yes,Bank transfer (automatic),45.02,3158.52,No
6573-JZZTD,Female,0,Yes,No,70,Yes,Yes,Fiber optic,No,Yes,No,Yes,Yes,Yes,Month-to-month,No,Bank transfer (automatic),101.07,7071.32,No
9017-GAZMH,Male,0,No,No,55,Yes,No,No,No internet service,No internet service,No internet service,No internet service,No internet service,No internet service,Month-to-month,No,Bank transfer (automatic),27.0,1469.61,No
7232-XUDRL,Female,1,Yes,Yes,6,Yes,Yes,Fiber optic,Yes,No,No,No,Yes,Yes,Month-to-month,No,Credit card (automatic),72.61,429.01,Yes
3377-BHZHH,Female,0,Yes,No,52,Yes,No,Fiber optic,Yes,No,Yes,Yes,No,No,Two year,Yes,Electronic check,85.99,4467.12,No
3603-AFSYA,Female,0,Yes,No,5,Yes,Yes,DSL,No,No,Yes,No,Yes,Yes,Two year,Yes,Mailed check,41.87,204.83,No
8015-AFGUW,Male,0,Yes,No,70,Yes,No,Fiber optic,Yes,No,No,No,No,Yes,Month-to-month,Yes,Electronic check,109.84,7691.67,No
1590-ISZUR,Male,0,Yes,Yes,52,Yes,Yes,No,No internet service,No internet service,No internet service,No internet service,No internet service,No internet service,Two year,Yes,Electronic check,20.95,1086.87,No
8818-EUILS,Male,0,No,No,0,Yes,No,Fiber optic,No,Yes,Yes,Yes,No,No,Month-to-month,No,Electronic check,99.78,9.62,No
5352-GZPWY,Male,0,Yes,No,8,Yes,Yes,DSL,Yes,No,No,No,No,Yes,One year,No,Credit card (automatic),56.56,457.4,No
1333-HUAPU,Female,0,No,No,4,Yes,Yes,DSL,No,No,No,No,No,Yes,Month-to-month,No,Electronic check,50.49,202.93,No
7552-TCGLM,Female,0,Yes,No,3,Yes,No,Fiber optic,No,Yes,Yes,No,Yes,Yes,Month-to-month,Yes,Electronic check,101.91,316.21,Yes
4472-EBULT,Male,1,No,No,64,Yes,Yes,Fiber optic,Yes,Yes,No,No,Yes,No,Month-to-month,Yes,Mailed check,70.47,4527.34,No
9138-LFIQK,Male,0,No,Yes,8,Yes,Yes,DSL,No,No,No,No,Yes,Yes,Two year,No,Electronic check,40.31,311.46,Yes
1674-NWLZY,Male,0,No,No,50,Yes,No,Fiber optic,No,Yes,Yes,Yes,No,No,Two year,Yes,Electronic check,114.31,5727.13,Yes
3980-LBDJL,Female,0,Yes,Yes,55,Yes,No,Fiber optic,No,No,No,No,No,Yes,Two year,No,Mailed check,80.41,4419.78,No
5119-ATHGU,Male,0,No,Yes,54,Yes,Yes,DSL,No,No,No,No,No,No,Month-to-month,No,Credit card (automatic),49.19,2658.94,No
2096-RPDVN,Male,0,No,No,2,Yes,Yes,DSL,No,No,No,No,Yes,No,Month-to-month,Yes,Credit card (automatic),61.51,135.88,No
7309-XUUTZ,Female,0,No,No,2,Yes,No,Fiber optic,No,No,Yes,No,No,No,One year,Yes,Mailed check,112.81,227.85,No
1269-YFQDT,Female,0,Yes,No,14,Yes,No,Fiber optic,No,No,No,No,No,No,Two year,Yes,Credit card (automatic),83.47,1155.87,No
6885-DPMVO,Male,0,Yes,No,57,Yes,Yes,Fiber optic,No,Yes,Yes,No,Yes,No,Two year,Yes,Electronic check,84.29,4823.63,No
4818-PZYCT,Female,0,Yes,No,69,Yes,Yes,Fiber optic,Yes,No,No,No,No,No,Month-to-month,Yes,Electronic check,97.91,6769.43,No
7283-MEJCD,Male,0,Yes,No,68,Yes,Yes,Fiber optic,No,No,No,No,No,Yes,One year,Yes,Electronic check,102.17,6931.76,No
4772-IGDZT,Female,0,No,Yes,12,Yes,No,No,No internet service,No internet service,No internet service,No internet service,No internet service,No internet service,One year,Yes,Credit card (automatic),29.36,339.16,No
3713-KDYDB,Male,0,No,No,64,Yes,No,No,No internet service,No internet service,No internet service,No internet service,No internet service,No internet service,Month-to-month,No,Bank transfer (automatic),18.92,1204.97,No
2841-FDKHL,Male,1,No,Yes,2,Yes,Yes,No,No internet service,No internet service,No internet service,No internet service,No internet service,No internet service,Month-to-month,Yes,Bank transfer (automatic),26.26,51.45,No
7069-HRTDC,Male,0,Yes,No,50,Yes,No,Fiber optic,No,No,Yes,No,Yes,No,Month-to-month,No,Bank transfer (automatic),93.52,4662.49,Yes
9926-DKSHO,Male,0,Yes,No,1,No,No phone service,No,No internet service,No internet service,No internet service,No internet service,No internet service,No internet service,One year,No,Electronic check,28.48,26.43,Yes
8808-JIIBH,Female,0,Yes,Yes,63,Yes,Yes,DSL,No,No,Yes,Yes,No,No,Two year,Yes,Electronic check,67.51,4251.0,No
7152-ZSRFG,Female,0,Yes,Yes,58,Yes,No,DSL,No,No,Yes,No,No,No,Two year,No,Credit card (automatic),40.58,2343.91,No
9363-SDFJN,Female,0,No,No,32,Yes,No,No,No internet service,No internet service,No internet service,No internet service,No internet service,No internet service,One year,Yes,Mailed check,25.68,807.66,No
8974-QWJFJ,Female,1,Yes,No,11,Yes,Yes,No,No internet service,No internet service,No internet service,No internet service,No internet service,No internet service,Month-to-month,Yes,Bank transfer (automatic),23.36,243.36,No
5878-CQXEL,Male,0,No,No,14,Yes,No,No,No internet service,No internet service,No internet service,No internet service,No internet service,No internet service,One year,Yes,Electronic check,26.61,385.78,No
7952-QHJZV,Male,1,No,No,58,Yes,No,No,No internet service,No internet service,No internet service,No internet service,No internet service,No internet service,Two year,Yes,Electronic check,27.48,1605.65,No
8198-ARWVO,Female,0,No,No,0,Yes,No,Fiber optic,No,No,No,No,Yes,No,One year,Yes,Credit card (automatic),74.79,0.0,No
8069-HSUBX,Female,0,Yes,No,54,Yes,No,No,No internet service,No internet service,No internet service,No internet service,No internet service,No internet service,Month-to-month,No,Electronic check,22.48,1202.6,No
4291-GTZBV,Female,0,Yes,No,0,Yes,Yes,DSL,Yes,No,Yes,No,Yes,No,Two year,Yes,Electronic check,60.67,0.0,No
4414-EAUOP,Female,0,Yes,Yes,70,Yes,No,No,No internet service,No internet service,No internet service,No internet service,No internet service,No internet service,Two year,Yes,Mailed check,19.66,1361.69,No
9342-NWZKE,Female,0,Yes,No,2,Yes,No,Fiber optic,No,No,Yes,Yes,No,Yes,Two year,Yes,Mailed check,110.26,203.62,No
9811-REWKG,Male,1,No,No,4,Yes,No,DSL,No,No,No,No,No,No,Two year,No,Bank transfer (automatic),65.81,273.73,No
2245-GGYPF,Male,0,No,No,17,Yes,Yes,Fiber optic,Yes,No,Yes,No,Yes,Yes,Month-to-month,Yes,Credit card (automatic),73.11,1237.11,Yes
9426-LJXGF,Male,1,Yes,No,6,Yes,No,DSL,Yes,No,Yes,No,No,Yes,Two year,Yes,Bank transfer (automatic),68.69,420.17,No
9108-USAMC,Female,1,Yes,No,6,Yes,Yes,DSL,No,Yes,No,No,Yes,No,One year,Yes,Mailed check,48.85,294.63,No
1624-NYLKF,Female,1,No,Yes,64,No,No phone service,DSL,No,Yes,Yes,No,Yes,No,Month-to-month,Yes,Electronic check,63.72,4067.91,No
2264-ZOHAM,Female,0,Yes,No,4,Yes,No,DSL,Yes,Yes,No,No,Yes,No,One year,No,Electronic check,43.81,175.13,Yes
5992-KGVUJ,Female,0,No,Yes,2,Yes,No,Fiber optic,No,No,No,No,Yes,Yes,Month-to-month,No,Electronic check,106.66,202.6,Yes
1291-JVPLH,Male,0,No,Yes,1,Yes,No,Fiber optic,No,No,No,No,No,No,Month-to-month,No,Credit card (automatic),95.35,89.09,Yes
2762-CGXJM,Male,0,No,No,0,Yes,Yes,No,No internet service,No internet service,No internet service,No internet service,No internet service,No internet service,Two year,Yes,Credit card (automatic),27.14,15.24,No
9299-OXVWX,Female,0,No,No,6,Yes,Yes,Fiber optic,Yes,No,Yes,No,No,No,Month-to-month,Yes,Electronic check,82.75,509.12,No
9182-TGTKR,Male,0,No,No,67,Yes,No,No,No internet service,No internet service,No internet service,No internet service,No internet service,No internet service,Two year,Yes,Electronic check,19.14,1279.9,No
6269-OPUOT,Male,0,No,Yes,6,Yes,Yes,No,No internet service,No internet service,No internet service,No internet service,No internet service,No internet service,Month-to-month,No,Electronic check,25.15,137.61,Yes
8147-BUJJR,Female,1,No,No,1,Yes,Yes,DSL,No,No,No,No,Yes,Yes,Month-to-month,Yes,Electronic check,53.86,40.23,Yes
8641-GRLBB,Female,1,Yes,Yes,61,Yes,No,DSL,Yes,No,Yes,No,No,Yes,Month-to-month,Yes,Electronic check,61.9,3781.92,Yes
7541-UQKRO,Female,0,Yes,No,50,Yes,No,Fiber optic,No,Yes,Yes,Yes,Yes,No,One year,Yes,Mailed check,108.12,5405.79,No
6640-TVUKA,Female,0,No,No,4,Yes,No,No,No internet service,No internet service,No internet service,No internet service,No internet service,No internet service,Month-to-month,No,Credit card (automatic),19.48,79.29,No
6026-QETTW,Female,0,Yes,No,6,Yes,Yes,No,No internet service,No internet service,No internet service,No internet service,No internet service,No internet service,Two year,Yes,Electronic check,25.46,135.79,No
2284-XDKPC,Female,0,No,No,4,Yes,Yes,Fiber optic,No,Yes,No,Yes,No,No,One year,No,Electronic check,70.28,276.29,No
9112-JVPNC,Male,0,No,Yes,53,Yes,No,DSL,No,No,Yes,No,No,No,Two year,Yes,Bank transfer (automatic),52.07,2754.54,No
1389-DRLFG,Male,0,No,No,57,Yes,No,No,No internet service,No internet service,No internet service,No internet service,No internet service,No internet service,Month-to-month,Yes,Bank transfer (automatic),20.6,1164.97,No
4011-NOOCR,Female,0,Yes,No,4,No,No phone service,Fiber optic,No,No,Yes,Yes,No,No,Month-to-month,Yes,Electronic check,113.08,462.54,Yes
8750-DXRRF,Male,0,Yes,No,18,No,No phone service,DSL,Yes,Yes,Yes,No,No,Yes,Two year,Yes,Credit card (automatic),57.23,1015.5,No
6713-YOKWL,Female,0,Yes,No,1,Yes,Yes,No,No internet service,No internet service,No internet service,No internet service,No internet service,No internet service,Month-to-month,Yes,Bank transfer (automatic),22.66,34.2,No
5383-NENTG,Female,0,Yes,No,3,Yes,Yes,No,No internet service,No internet service,No internet service,No internet service,No internet service,No internet service,Month-to-month,Yes,Mailed check,29.58,72.21,Yes
7574-JNPBL,Female,1,No,No,8,Yes,Yes,DSL,No,No,No,No,No,Yes,Month-to-month,No,Credit card (automatic),56.06,434.71,Yes
3625-EDFDV,Female,0,No,No,59,No,No phone service,DSL,Yes,No,No,No,No,Yes,Two year,Yes,Electronic check,58.66,3461.99,No
8004-UGWPW,Male,0,No,No,52,Yes,No,No,No internet service,No internet service,No internet service,No internet service,No internet service,No internet service,Month-to-month,No,Electronic check,26.38,1374.87,No
8336-NRWJA,Female,0,Yes,Yes,71,Yes,Yes,Fiber optic,No,Yes,No,No,No,Yes,Month-to-month,No,Electronic check,87.31,6217.71,No
1205-UUGPQ,Male,0,Yes,Yes,3,Yes,Yes,No,No internet service,No internet service,No internet service,No internet service,No internet service,No internet service,One year,No,Electronic check,18.52,59.8,No
9199-AYPEN,Female,0,Yes,Yes,52,Yes,No,No,No internet service,No internet service,No internet service,No internet service,No internet service,No internet service,Two year,No,Credit card (automatic),23.91,1245.88,No
2819-SIXBC,Female,0,Yes,No,57,Yes,No,DSL,No,No,No,No,No,No,Month-to-month,No,Mailed check,66.54,3780.3,No
7583-TMHKY,Female,0,No,Yes,70,Yes,Yes,Fiber optic,No,Yes,No,Yes,No,No,Month-to-month,Yes,Credit card (automatic),93.24,6510.23,No
5618-FXMPJ,Male,0,Yes,Yes,0,Yes,Yes,Fiber optic,Yes,No,No,Yes,Yes,No,Month-to-month,No,Credit card (automatic),73.44,11.61,Yes
7951-WXZZA,Female,0,Yes,No,3,Yes,No,DSL,No,Yes,No,No,No,No,Month-to-month,Yes,Electronic check,60.33,191.93,Yes
4159-OSVAG,Female,0,No,No,0,Yes,No,DSL,Yes,Yes,No,No,Yes,Yes,Month-to-month,Yes,Electronic check,45.94,0.0,Yes
1549-SSASM,Female,0,No,No,0,Yes,No,Fiber optic,Yes,No,No,Yes,No,No,Month-to-month,No,Credit card (automatic),103.21,0.0,Yes
3484-EINQB,Male,0,Yes,No,59,Yes,No,Fiber optic,Yes,No,No,No,Yes,Yes,Month-to-month,No,Electronic check,109.45,6456.79,No
5861-NSZTE,Male,0,No,Yes,6,Yes,No,Fiber optic,No,No,Yes,No,No,No,Month-to-month,Yes,Mailed check,111.89,667.38,Yes
7341-QUSTE,Male,0,Yes,No,53,Yes,No,DSL,No,Yes,Yes,No,No,Yes,Month-to-month,No,Electronic check,46.25,2460.66,No
3365-JKTZA,Female,1,Yes,Yes,1,Yes,Yes,Fiber optic,No,No,No,No,Yes,No,Two year,Yes,Credit card (automatic),79.68,82.64,No
5455-SAONY,Male,0,Yes,No,3,Yes,No,Fiber optic,No,No,No,No,Yes,No,Month-to-month,Yes,Electronic check,93.13,265.04,No
3262-YYEHG,Female,1,No,Yes,3,Yes,No,No,No internet service,No internet service,No internet service,No internet service,No internet service,No internet service,Month-to-month,Yes,Credit card (automatic),25.58,63.86,No
7777-PNFUE,Male,0,Yes,No,61,Yes,Yes,DSL,No,No,No,No,No,Yes,Month-to-month,No,Credit card (automatic),42.32,2567.46,No
2673-TMBOK,Male,1,Yes,Yes,71,Yes,Yes,No,No internet service,No internet service,No internet service,No internet service,No internet service,No internet service,Month-to-month,Yes,Credit card (automatic),20.24,1430.45,No
8565-VYHRM,Female,0,No,No,6,Yes,No,Fiber optic,Yes,Yes,Yes,Yes,No,No,One year,Yes,Mailed check,81.45,479.9,No
7508-YFMZL,Male,0,Yes,Yes,2,Yes,Yes,Fiber optic,No,No,Yes,No,Yes,Yes,Two year,Yes,Mailed check,96.43,183.21,No
5651-TRZPS,Female,1,Yes,Yes,1,No,No phone service,DSL,No,No,No,No,Yes,No,Month-to-month,Yes,Mailed check,45.84,43.8,Yes
1150-QEUYE,Female,0,Yes,No,6,No,No phone service,No,No internet service,No internet service,No internet service,No internet service,No internet service,No internet service,Two year,Yes,Mailed check,18.6,124.79,No
5667-DLZJH,Male,0,Yes,Yes,51,Yes,No,No,No internet service,No internet service,No internet service,No internet service,No internet service,No internet service,Two year,Yes,Electronic check,23.84,1208.37,No
1212-WPMLY,Female,0,No,No,38,Yes,No,No,No internet service,No internet service,No internet service,No internet service,No internet service,No internet service,Month-to-month,No,Bank transfer (automatic),21.39,804.57,No
4936-ZKBLR,Female,0,No,No,25,Yes,Yes,Fiber optic,No,No,Yes,No,No,Yes,Month-to-month,Yes,Electronic check,98.73,2466.87,No
2218-CNRRT,Male,0,Yes,No,4,Yes,No,DSL,Yes,Yes,Yes,No,No,Yes,One year,No,Bank transfer (automatic),50.62,195.03,Yes
2223-ZNYFC,Male,0,Yes,No,2,Yes,No,Fiber optic,No,No,Yes,No,No,No,Two year,Yes,Credit card (automatic),80.12,164.65,No
5164-OTAME,Female,1,No,No,0,Yes,Yes,No,No internet service,No internet service,No internet service,No internet service,No internet service,No internet service,Month-to-month,Yes,Electronic check,29.61,0.0,Yes
2654-HMBYV,Male,0,Yes,No,1,Yes,Yes,Fiber optic,No,Yes,No,No,No,Yes,Month-to-month,Yes,Credit card (automatic),101.62,90.74,Yes
6945-ATRDE,Female,1,No,No,51,Yes,Yes,No,No internet service,No internet service,No internet service,No internet service,No internet service,No internet service,Two year,Yes,Mailed check,24.42,1255.46,No
3418-ZDEDI,Female,1,Yes,Yes,2,Yes,Yes,DSL,No,No,Yes,No,Yes,No,Month-to-month,Yes,Bank transfer (automatic),49.69,114.03,No
8907-XETKU,Male,0,No,Yes,68,Yes,No,No,No internet service,No internet service,No internet service,No internet service,No internet service,No internet service,One year,Yes,Electronic check,27.23,1848.45,No
4034-QPCDP,Male,0,No,Yes,68,Yes,Yes,Fiber optic,No,Yes,No,No,Yes,No,Month-to-month,Yes,Credit card (automatic),74.06,5025.59,No
1037-AEQNE,Male,0,No,No,70,Yes,Yes,No,No internet service,No internet service,No internet service,No internet service,No internet service,No internet service,Month-to-month,Yes,Bank transfer (automatic),20.3,1415.13,No
9728-YGUMO,Male,0,Yes,No,63,Yes,No,Fiber optic,No,No,No,No,No,No,Month-to-month,Yes,Credit card (automatic),80.05,5056.11,Yes
2867-GCGWK,Female,0,No,No,70,Yes,No,Fiber optic,No,No,No,Yes,No,No,One year,No,Bank transfer (automatic),83.1,5821.79,No
9953-NPJHN,Female,0,No,No,51,No,No phone service,Fiber optic,No,No,No,No,Yes,No,Month-to-month,No,Credit card (automatic),98.3,5006.1,No
8025-KFATN,Male,0,No,No,54,No,No phone service,No,No internet service,No internet service,No internet service,No internet service,No internet service,No internet service,Two year,No,Electronic check,24.5,1334.04,No
2689-EEZSA,Male,0,Yes,No,3,Yes,Yes,Fiber optic,Yes,No,No,No,No,No,Month-to-month,Yes,Bank transfer (automatic),71.53,211.29,Yes
1711-QJGWE,Female,0,No,No,59,No,No phone service,No,No internet service,No internet service,No internet service,No internet service,No internet service,No internet service,Month-to-month,No,Mailed check,18.14,1055.98,No
8299-UHGFQ,Female,0,Yes,No,8,Yes,Yes,DSL,No,No,No,No,No,No,Month-to-month,No,Credit card (automatic),52.51,406.44,Yes
1649-CHRCQ,Female,0,Yes,No,50,Yes,Yes,DSL,No,No,Yes,Yes,No,Yes,One year,No,Credit card (automatic),57.8,2909.34,No
4366-SCEVS,Female,0,No,Yes,58,Yes,Yes,Fiber optic,No,No,No,No,No,No,Two year,No,Electronic check,90.27,5223.76,No
1918-TTIOE,Male,0,Yes,No,1,Yes,No,No,No internet service,No internet service,No internet service,No internet service,No internet service,No internet service,Month-to-month,Yes,Bank transfer (automatic),27.78,43.85,Yes
8353-MJRPU,Female,1,No,No,50,Yes,Yes,DSL,No,No,No,No,No,No,Month-to-month,No,Bank transfer (automatic),49.32,2477.7,No
4724-TBSFL,Female,0,No,Yes,55,Yes,Yes,Fiber optic,Yes,No,No,Yes,No,No,Two year,No,Mailed check,107.94,5930.94,No
1643-ZTYDY,Male,0,No,No,52,Yes,No,Fiber optic,No,No,Yes,No,Yes,No,Month-to-month,Yes,Electronic check,109.48,5687.2,No
5768-UFWQF,Female,0,No,Yes,68,Yes,Yes,DSL,No,No,No,Yes,No,Yes,Month-to-month,No,Electronic check,45.4,3092.83,No
3484-PLAEI,Female,1,No,No,1,Yes,Yes,DSL,Yes,Yes,No,No,No,No,Month-to-month,Yes,Electronic check,51.97,48.17,No
8445-LOEVH,Male,0,Yes,Yes,68,Yes,Yes,DSL,No,No,Yes,No,No,No,Two year,Yes,Credit card (automatic),57.2,3874.4,No
8111-CHZXM,Male,0,No,No,58,Yes,No,Fiber optic,No,No,Yes,Yes,No,No,Two year,Yes,Credit card (automatic),92.24,5368.22,No
8906-CDOKB,Male,1,Yes,No,3,Yes,Yes,Fiber optic,No,No,Yes,No,Yes,Yes,Month-to-month,Yes,Bank transfer (automatic),102.55,303.34,Yes
9194-GFMES,Female,0,Yes,No,14,Yes,No,DSL,Yes,No,Yes,No,Yes,No,One year,Yes,Bank transfer (automatic),51.21,707.58,No
5176-IBYDJ,Female,0,No,No,58,Yes,Yes,No,No internet service,No internet service,No internet service,No internet service,No internet service,No internet service,Two year,No,Mailed check,18.86,1077.29,No
1412-UBKIS,Male,0,Yes,No,50,No,No phone service,No,No internet service,No internet service,No internet service,No internet service,No internet service,No internet service,Month-to-month,Yes,Credit card (automatic),25.3,1266.58,Yes
2666-PDSFL,Male,1,Yes,No,53,Yes,No,Fiber optic,No,No,Yes,Yes,Yes,No,Month-to-month,Yes,Credit card (automatic),90.52,4794.49,No
3614-UXSVC,Female,0,No,No,3,Yes,No,Fiber optic,No,No,No,Yes,No,Yes,Month-to-month,Yes,Credit card (automatic),91.28,291.38,Yes
1738-ZMCKY,Male,0,Yes,Yes,4,Yes,Yes,DSL,No,No,No,Yes,No,No,Month-to-month,Yes,Mailed check,63.2,233.77,Yes
4673-ONYLI,Male,0,Yes,No,0,Yes,No,Fiber optic,No,No,No,Yes,No,No,Two year,Yes,Electronic check,108.95,18.16,Yes
4001-CLUYB,Male,0,Yes,No,60,Yes,No,No,No internet service,No internet service,No internet service,No internet service,No internet service,No internet service,Month-to-month,Yes,Bank transfer (automatic),23.62,1432.58,No
5353-ZGFCO,Female,0,No,No,64,No,No phone service,No,No internet service,No internet service,No internet service,No internet service,No internet service,No internet service,Month-to-month,Yes,Bank transfer (automatic),21.24,1356.52,No
1443-RCEAZ,Female,0,No,Yes,1,No,No phone service,DSL,No,Yes,Yes,Yes,Yes,No,Month-to-month,Yes,Bank transfer (automatic),65.91,63.06,No
5033-RLQHJ,Female,0,No,Yes,3,Yes,No,DSL,No,No,No,No,Yes,Yes,Two year,Yes,Mailed check,50.35,146.84,No
8059-NLRHM,Female,0,Yes,No,0,Yes,Yes,No,No internet service,No internet service,No internet service,No internet service,No internet service,No internet service,Two year,Yes,Mailed check,26.08,0.0,No
8341-FGUWV,Female,0,No,No,3,Yes,No,DSL,No,No,Yes,No,No,Yes,One year,No,Electronic check,58.58,184.2,Yes
2904-AGZIP,Female,0,No,Yes,56,Yes,No,Fiber optic,No,Yes,No,No,Yes,Yes,Two year,Yes,Bank transfer (automatic),86.32,4842.39,No
8889-UQGHM,Male,0,Yes,No,63,No,No phone service,DSL,No,No,No,Yes,Yes,No,Month-to-month,Yes,Mailed check,45.21,2838.41,No
3123-HDEQY,Female,0,Yes,Yes,7,Yes,Yes,No,No internet service,No internet service,No internet service,No internet service,No internet service,No internet service,Two year,Yes,Electronic check,29.12,200.31,No
9864-KYFQG,Female,0,No,No,10,Yes,Yes,DSL,No,Yes,No,No,Yes,No,One year,No,Mailed check,47.83,464.92,Yes
1920-YGYJI,Male,0,No,No,52,Yes,No,Fiber optic,No,Yes,No,Yes,No,No,Month-to-month,Yes,Mailed check,104.89,5467.6,No
7902-XXCGJ,Female,0,No,No,59,Yes,No,DSL,Yes,No,No,Yes,Yes,No,Month-to-month,No,Bank transfer (automatic),64.62,3803.15,Yes
5123-STLKQ,Female,0,Yes,Yes,8,Yes,No,DSL,No,Yes,Yes,Yes,No,Yes,Month-to-month,Yes,Credit card (automatic),68.44,553.83,No
1877-QHSWR,Male,0,No,Yes,70,Yes,No,Fiber optic,No,Yes,No,No,No,No,Two year,No,Mailed check,75.49,5300.06,No
2405-FCSDV,Male,0,Yes,No,62,Yes,No,DSL,No,Yes,No,No,No,No,Two year,No,Credit card (automatic),46.34,2866.12,No
6658-AYMUC,Male,0,Yes,No,64,Yes,Yes,DSL,Yes,Yes,No,Yes,No,No,One year,No,Electronic check,55.7,3572.96,No
7259-MXPVR,Female,1,Yes,No,58,Yes,Yes,DSL,Yes,No,Yes,No,No,No,Month-to-month,Yes,Bank transfer (automatic),57.61,3346.83,No
1707-BERYG,Male,0,No,No,1,Yes,No,DSL,No,No,No,Yes,No,No,Two year,Yes,Mailed check,43.83,42.5,No
5839-LAWEY,Female,0,No,No,66,Yes,No,No,No internet service,No internet service,No internet service,No internet service,No internet service,No internet service,Month-to-month,No,Mailed check,26.09,1733.9,No
4530-HLNPA,Female,1,No,Yes,66,Yes,No,Fiber optic,Yes,Yes,No,Yes,No,Yes,One year,Yes,Electronic check,104.91,6933.11,No
3136-CERDW,Female,0,No,Yes,1,Yes,Yes,No,No internet service,No internet service,No internet service,No internet service,No internet service,No internet service,Two year,No,Electronic check,27.95,36.53,No
1818-LZGAV,Female,0,Yes,No,0,Yes,No,Fiber optic,No,Yes,No,No,Yes,No,Month-to-month,Yes,Mailed check,76.34,5.47,No
7190-DUDJP,Male,0,No,No,10,No,No phone service,DSL,Yes,Yes,Yes,No,Yes,Yes,One year,No,Credit card (automatic),48.28,471.58,No
3242-IHTOP,Male,0,No,No,70,Yes,No,Fiber optic,No,Yes,No,No,No,No,Month-to-month,No,Mailed check,92.85,6516.34,No
3076-OZEVD,Female,0,Yes,No,4,Yes,No,DSL,No,Yes,No,No,No,Yes,Month-to-month,Yes,Bank transfer (automatic),53.89,209.72,Yes
3925-RHWEF,Male,0,Yes,Yes,69,Yes,Yes,Fiber optic,Yes,No,No,Yes,No,No,One year,No,Bank transfer (automatic),82.58,5710.98,No
9669-IWVLA,Female,0,Yes,No,63,Yes,Yes,DSL,No,No,Yes,No,No,Yes,Month-to-month,Yes,Electronic check,43.15,2724.4,Yes
8755-BEUMA,Female,0,Yes,No,1,Yes,Yes,Fiber optic,No,No,Yes,No,Yes,No,Month-to-month,No,Mailed check,89.28,81.89,No
1280-PROHT,Female,0,Yes,No,67,Yes,Yes,No,No internet service,No internet service,No internet service,No internet service,No internet service,No internet service,Month-to-month,No,Credit card (automatic),23.74,1606.68,No
5488-QREQV,Male,1,Yes,No,14,Yes,Yes,No,No internet service,No internet service,No internet service,No internet service,No internet service,No internet service,Month-to-month,Yes,Electronic check,22.06,292.63,No
6988-TLYBE,Female,0,No,No,0,Yes,No,Fiber optic,No,Yes,No,No,No,Yes,Month-to-month,Yes,Mailed check,98.61,3.9,No
3987-IPXQP,Female,0,Yes,Yes,0,Yes,Yes,Fiber optic,No,Yes,No,Yes,Yes,No,One year,No,Mailed check,108.97,6.18,No
3791-WTJZO,Male,0,Yes,No,68,Yes,No,DSL,Yes,No,Yes,No,No,No,Month-to-month,Yes,Mailed check,41.3,2817.21,Yes
5083-MLMXY,Male,0,No,Yes,62,Yes,No,Fiber optic,No,No,Yes,Yes,Yes,Yes,Two year,No,Bank transfer (automatic),96.57,5990.67,No
3968-PKTKC,Male,0,Yes,No,68,No,No phone service,No,No internet service,No internet service,No internet service,No internet service,No internet service,No internet service,One year,No,Mailed check,18.59,1251.57,No
3057-BIPWV,Male,0,No,Yes,68,No,No phone service,Fiber optic,Yes,No,Yes,No,No,Yes,Month-to-month,Yes,Credit card (automatic),97.09,6606.51,No
2529-XBJEB,Female,0,No,Yes,67,Yes,Yes,No,No internet service,No internet service,No internet service,No internet service,No internet service,No internet service,Two year,Yes,Electronic check,28.48,1916.94,No
1701-MOYPI,Male,0,Yes,Yes,13,Yes,No,No,No internet service,No internet service,No internet service,No internet service,No internet service,No internet service,Month-to-month,Yes,Electronic check,21.97,299.63,Yes
1052-FBRHG,Female,0,Yes,Yes,12,Yes,Yes,No,No internet service,No internet service,No internet service,No internet service,No internet service,No internet service,Month-to-month,Yes,Credit card (automatic),20.54,256.24,No
8851-UWLEH,Male,0,Yes,No,0,Yes,No,Fiber optic,No,No,No,No,No,Yes,Month-to-month,No,Electronic check,102.32,0.0,Yes
5101-VEWJF,Male,1,Yes,No,3,Yes,No,DSL,No,No,No,No,No,No,Month-to-month,No,Electronic check,42.87,131.87,No
9065-HYHTQ,Male,1,Yes,No,52,Yes,No,Fiber optic,No,No,Yes,Yes,Yes,Yes,Two year,Yes,Mailed check,92.87,4836.72,No
2761-YKYJL,Male,0,Yes,No,0,Yes,No,DSL,No,No,No,Yes,No,Yes,Month-to-month,No,Credit card (automatic),62.61,18.88,Yes
7688-SUZKY,Male,0,Yes,Yes,2,Yes,No,Fiber optic,Yes,No,Yes,No,No,Yes,Two year,Yes,Bank transfer (automatic),101.34,187.92,No
9247-HSFJE,Male,0,No,No,4,Yes,No,DSL,No,No,No,No,No,No,One year,No,Mailed check,62.97,243.23,Yes
3958-VRVCA,Female,0,Yes,Yes,5,Yes,No,No,No internet service,No internet service,No internet service,No internet service,No internet service,No internet service,Month-to-month,Yes,Mailed check,28.13,152.89,No
7814-RSPQT,Male,1,No,Yes,6,Yes,No,No,No internet service,No internet service,No internet service,No internet service,No internet service,No internet service,Two year,Yes,Credit card (automatic),23.02,141.92,No
1765-ZDJCZ,Male,0,Yes,Yes,68,Yes,No,Fiber optic,Yes,Yes,No,Yes,No,Yes,Two year,Yes,Bank transfer (automatic),80.79,5486.15,Yes
4608-RXVGL,Male,0,No,No,69,Yes,Yes,DSL,No,Yes,No,No,Yes,No,Two year,Yes,Electronic check,43.4,3001.99,Yes
4749-LCHPY,Male,1,Yes,Yes,21,Yes,Yes,No,No internet service,No internet service,No internet service,No internet service,No internet service,No internet service,Month-to-month,No,Bank transfer (automatic),20.13,414.16,No
5305-ZTHWW,Female,1,No,No,63,No,No phone service,No,No internet service,No internet service,No internet service,No internet service,No internet service,No internet service,Month-to-month,No,Credit card (automatic),20.3,1266.21,Yes
8621-LGSQG,Male,0,Yes,No,0,Yes,Yes,Fiber optic,Yes,No,No,No,Yes,Yes,Month-to-month,Yes,Electronic check,96.63,0.0,Yes
1092-HWBEB,Male,0,No,No,59,No,No phone service,No,No internet service,No internet service,No internet service,No internet service,No internet service,No internet service,One year,No,Bank transfer (automatic),19.24,1138.79,No
8607-WEOAD,Male,0,Yes,No,62,Yes,Yes,DSL,Yes,Yes,No,No,No,No,Month-to-month,Yes,Mailed check,46.38,2866.45,No
9366-IJTHS,Male,0,No,No,6,Yes,Yes,Fiber optic,No,No,No,Yes,Yes,No,One year,No,Electronic check,104.31,632.07,No
6049-HAAUH,Female,0,Yes,No,11,No,No phone service,Fiber optic,Yes,No,No,No,Yes,No,Two year,Yes,Credit card (automatic),81.08,901.02,No
3393-TOMSC,Male,0,No,Yes,51,Yes,No,DSL,No,Yes,No,No,No,No,Month-to-month,No,Bank transfer (automatic),68.23,3492.61,No
6166-GNLBW,Female,0,Yes,No,7,Yes,No,Fiber optic,No,Yes,No,No,No,Yes,Month-to-month,No,Electronic check,111.02,776.11,Yes
1437-BVJXQ,Male,0,Yes,Yes,3,Yes,No,No,No internet service,No internet service,No internet service,No internet service,No internet service,No internet service,Two year,Yes,Credit card (automatic),21.37,50.89,No
5017-RERPQ,Female,0,Yes,No,0,Yes,No,DSL,No,No,No,No,Yes,No,Month-to-month,No,Mailed check,66.14,0.0,Yes
9478-WXGTY,Female,0,Yes,No,10,Yes,No,No,No internet service,No internet service,No internet service,No internet service,No internet service,No internet service,Month-to-month,Yes,Bank transfer (automatic),26.83,262.4,No
8496-UTCGS,Male,0,No,No,50,Yes,No,DSL,No,No,No,No,No,No,Month-to-month,No,Mailed check,42.6,2136.8,No
9505-RIGQK,Male,0,No,No,66,Yes,Yes,Fiber optic,No,No,No,Yes,Yes,Yes,Month-to-month,Yes,Mailed check,85.03,5628.2,Yes
6348-QIWQA,Female,0,Yes,Yes,12,No,No phone service,No,No internet service,No internet service,No internet service,No internet service,No internet service,No internet service,Month-to-month,No,Electronic check,19.45,250.93,No
3373-JZHHT,Female,0,No,No,62,Yes,No,DSL,No,No,Yes,No,No,No,Month-to-month,No,Bank transfer (automatic),47.58,2939.83,Yes
1939-MBDCH,Male,0,No,No,58,Yes,No,Fiber optic,No,Yes,No,No,No,Yes,Month-to-month,No,Bank transfer (automatic),95.46,5522.66,No
6475-VYHCA,Female,0,No,No,66,Yes,No,Fiber optic,Yes,Yes,No,No,No,No,One year,No,Credit card (automatic),97.93,6477.67,No
9405-ZGMOX,Female,0,Yes,Yes,6,Yes,No,Fiber optic,No,Yes,No,Yes,No,Yes,Month-to-month,Yes,Bank transfer (automatic),80.22,488.89,No
5105-QZILT,Female,0,Yes,No,17,Yes,No,Fiber optic,No,No,No,No,No,No,Month-to-month,Yes,Electronic check,76.86,1303.31,Yes
1288-WLIZD,Male,0,No,No,55,Yes,No,DSL,No,No,No,No,No,No,Two year,Yes,Mailed check,63.64,3484.72,No
2770-EASTM,Female,0,Yes,No,62,Yes,No,DSL,No,Yes,No,No,No,No,One year,No,Electronic check,45.36,2807.39,No
6106-SZMTY,Female,0,No,No,62,Yes,Yes,No,No internet service,No internet service,No internet service,No internet service,No internet service,No internet service,Month-to-month,Yes,Bank transfer (automatic),19.08,1163.37,No
4766-GWEJI,Female,0,No,No,5,Yes,Yes,DSL,No,No,No,Yes,No,No,Two year,Yes,Electronic check,46.01,245.31,Yes
1190-UFYFS,Male,0,Yes,No,12,No,No phone service,DSL,No,Yes,No,No,No,No,Month-to-month,No,Credit card (automatic),48.93,597.66,No
9878-BQWRD,Male,0,Yes,No,50,Yes,No,DSL,No,Yes,No,No,Yes,Yes,Month-to-month,No,Electronic check,55.95,2798.56,No
7716-PIEUI,Female,1,No,No,65,Yes,Yes,DSL,Yes,No,Yes,No,Yes,Yes,Two year,No,Credit card (automatic),49.59,3224.94,No
9318-RGMKM,Male,0,Yes,No,7,Yes,No,DSL,No,No,Yes,No,No,Yes,Month-to-month,Yes,Bank transfer (automatic),69.91,474.84,Yes
5145-LPNEJ,Female,0,Yes,No,63,Yes,No,DSL,Yes,Yes,No,No,No,No,Two year,No,Electronic check,59.34,3754.8,No
3062-JFKEY,Male,0,Yes,Yes,71,Yes,No,DSL,No,No,No,Yes,No,No,Two year,No,Credit card (automatic),65.09,4611.12,No
4806-VURLE,Male,0,No,No,71,Yes,No,DSL,Yes,Yes,No,No,Yes,No,Month-to-month,Yes,Credit card (automatic),45.9,3243.24,No
4833-NRDRZ,Female,0,Yes,No,1,No,No phone service,DSL,No,No,No,No,Yes,Yes,Month-to-month,Yes,Electronic check,43.91,56.37,Yes
6910-JXSNZ,Male,0,No,No,71,Yes,No,DSL,No,No,Yes,No,No,No,Month-to-month,Yes,Credit card (automatic),48.41,3443.67,Yes
9826-AHALT,Male,0,Yes,Yes,60,Yes,No,Fiber optic,No,No,No,Yes,Yes,No,Month-to-month,Yes,Credit card (automatic),107.66,6445.57,Yes
4243-OWVVI,Male,0,Yes,No,5,Yes,No,Fiber optic,No,Yes,Yes,No,No,No,Two year,Yes,Bank transfer (automatic),100.18,481.09,No
7612-EDZJM,Female,0,No,No,1,Yes,No,Fiber optic,No,Yes,Yes,No,Yes,No,Month-to-month,No,Electronic check,79.12,90.24,Yes
2749-FMHVL,Male,1,No,No,1,Yes,Yes,Fiber optic,No,Yes,Yes,No,Yes,No,Month-to-month,Yes,Bank transfer (automatic),88.14,103.34,Yes
4179-XTRXW,Male,0,Yes,Yes,59,Yes,Yes,Fiber optic,Yes,Yes,Yes,No,No,No,One year,Yes,Electronic check,102.25,6038.94,No
8446-LAHUC,Female,0,No,Yes,10,Yes,Yes,Fiber optic,No,No,No,Yes,No,Yes,Month-to-month,Yes,Electronic check,77.06,784.55,Yes
1020-NJDBQ,Male,0,Yes,No,55,Yes,Yes,No,No internet service,No internet service,No internet service,No internet service,No internet service,No internet service,Month-to-month,Yes,Electronic check,18.2,1007.69,No
8297-PAIYD,Male,0,No,No,6,Yes,No,Fiber optic,No,No,No,No,Yes,No,Month-to-month,Yes,Electronic check,84.78,527.97,Yes
2286-NCVWP,Male,0,Yes,No,1,Yes,No,DSL,No,No,Yes,No,Yes,No,Two year,Yes,Mailed check,57.46,76.53,No
2184-LIEVO,Male,0,No,No,66,Yes,Yes,Fiber optic,No,No,No,No,Yes,Yes,Month-to-month,Yes,Mailed check,70.01,4634.68,No
5507-AKZXI,Male,0,No,No,5,Yes,No,Fiber optic,No,No,No,No,Yes,No,Month-to-month,Yes,Electronic check,83.59,424.01,Yes
5839-DSCRK,Female,0,Yes,No,51,Yes,Yes,Fiber optic,No,No,Yes,No,Yes,No,Month-to-month,No,Bank transfer (automatic),79.43,4034.07,No
9491-MLFGU,Female,0,No,Yes,69,Yes,No,Fiber optic,No,Yes,Yes,Yes,No,Yes,One year,No,Electronic check,112.28,7759.28,No
3743-AVNXA,Male,0,No,Yes,0,Yes,Yes,Fiber optic,No,Yes,Yes,No,No,Yes,Month-to-month,Yes,Electronic check,107.56,8.8,No
6710-VQGXJ,Male,0,Yes,No,2,Yes,No,DSL,No,Yes,No,Yes,Yes,No,Month-to-month,Yes,Mailed check,64.17,142.16,No
9942-YNJPC,Male,0,No,No,3,Yes,No,Fiber optic,No,No,Yes,Yes,No,Yes,Month-to-month,No,Mailed check,74.09,240.46,No
1348-QSZRN,Female,1,No,No,0,Yes,Yes,No,No internet service,No internet service,No internet service,No internet service,No internet service,No internet service,One year,No,Mailed check,23.64,19.77,No
5845-IPRKY,Female,1,No,No,0,Yes,No,Fiber optic,No,No,No,No,No,Yes,Month-to-month,Yes,Electronic check,87.61,0.0,No
6865-ZMZZH,Male,0,No,No,4,Yes,No,DSL,No,No,Yes,No,No,No,Two year,Yes,Credit card (automatic),67.51,250.38,No
3027-FTHEI,Male,0,No,No,22,Yes,Yes,Fiber optic,Yes,Yes,No,No,Yes,No,Month-to-month,Yes,Bank transfer (automatic),80.16,1772.57,No
7862-HFBXN,Female,0,No,No,1,Yes,Yes,No,No internet service,No internet service,No internet service,No internet service,No internet service,No internet service,One year,No,Electronic check,21.84,37.19,No
4049-KHZWL,Male,0,No,Yes,11,Yes,Yes,No,No internet service,No internet service,No internet service,No internet service,No internet service,No internet service,One year,No,Mailed check,21.91,243.82,No
5586-YKCJI,Female,0,Yes,No,4,Yes,No,Fiber optic,Yes,No,No,No,Yes,No,Two year,Yes,Mailed check,92.82,353.68,No
7722-LHFNC,Female,1,No,No,3,Yes,No,Fiber optic,No,Yes,Yes,No,Yes,Yes,Month-to-month,Yes,Electronic check,79.09,249.24,Yes
7922-MVNXC,Male,0,Yes,No,53,Yes,No,Fiber optic,No,Yes,Yes,No,No,Yes,Month-to-month,Yes,Credit card (automatic),109.26,5778.23,Yes
6054-AIRHW,Female,0,No,No,71,Yes,Yes,Fiber optic,No,Yes,No,No,No,No,Two year,Yes,Bank transfer (automatic),100.97,7168.16,No
8747-UPKPW,Male,0,No,No,0,Yes,No,Fiber optic,No,No,No,No,No,No,Two year,No,Credit card (automatic),88.41,0.0,Yes
5359-FEJKK,Male,0,Yes,No,1,Yes,Yes,DSL,No,No,No,No,No,No,Two year,Yes,Bank transfer (automatic),57.7,57.46,No
4302-BTNWR,Male,0,Yes,No,71,Yes,No,No,No internet service,No internet service,No internet service,No internet service,No internet service,No internet service,Month-to-month,Yes,Mailed check,27.44,1934.45,No
7848-ZQVVV,Male,0,Yes,Yes,4,Yes,No,No,No internet service,No internet service,No internet service,No internet service,No internet service,No internet service,One year,Yes,Mailed check,28.44,120.67,No
6981-BZHVA,Male,0,Yes,No,0,Yes,No,Fiber optic,Yes,No,Yes,No,Yes,No,Month-to-month,No,Electronic check,80.22,0.0,No
3063-XNLVQ,Male,0,No,Yes,9,Yes,No,DSL,No,No,No,No,No,Yes,One year,Yes,Mailed check,41.01,364.45,Yes
3499-SMCVJ,Female,1,Yes,No,2,Yes,Yes,Fiber optic,No,No,No,No,No,Yes,Two year,Yes,Credit card (automatic),83.35,153.79,No
2191-GGZER,Female,0,No,No,5,Yes,Yes,Fiber optic,Yes,No,No,No,No,No,Month-to-month,No,Bank transfer (automatic),96.19,485.76,Yes
5954-GKHPK,Female,1,No,No,55,Yes,Yes,Fiber optic,No,Yes,No,No,Yes,No,One year,Yes,Bank transfer (automatic),99.16,5460.2,No
5336-YUKRJ,Female,0,No,Yes,62,Yes,No,DSL,Yes,Yes,No,No,Yes,No,Month-to-month,Yes,Electronic check,64.77,3998.96,No
3762-ERBGH,Male,0,Yes,No,9,Yes,No,DSL,No,Yes,No,No,No,No,Month-to-month,Yes,Electronic check,41.91,390.12,Yes
1490-AGBHN,Female,0,No,No,9,Yes,Yes,No,No internet service,No internet service,No internet service,No internet service,No internet service,No internet service,Month-to-month,Yes,Mailed check,28.52,272.16,Yes
6799-MJBRQ,Female,0,Yes,Yes,56,No,No phone service,Fiber optic,No,No,No,No,No,No,Month-to-month,No,Mailed check,89.91,5054.53,No
6133-YCRHD,Female,0,No,No,61,No,No phone service,DSL,No,Yes,No,No,No,No,Month-to-month,Yes,Bank transfer (automatic),53.27,3243.28,No
1489-RKVYJ,Male,0,No,No,0,Yes,Yes,Fiber optic,Yes,No,Yes,No,Yes,No,Month-to-month,Yes,Electronic check,92.27,4.28,Yes
7953-LDFYD,Female,0,Yes,No,5,Yes,Yes,Fiber optic,No,No,No,No,Yes,Yes,Month-to-month,Yes,Electronic check,70.65,338.1,Yes
3251-CIKNR,Male,0,Yes,No,7,Yes,Yes,DSL,No,Yes,No,No,No,No,Month-to-month,No,Bank transfer (automatic),46.81,324.47,Yes
9654-UVHNX,Female,0,Yes,No,4,Yes,Yes,No,No internet service,No internet service,No internet service,No internet service,No internet service,No internet service,Two year,Yes,Bank transfer (automatic),27.77,125.43,No
1691-XJOPJ,Male,0,No,Yes,2,Yes,Yes,Fiber optic,Yes,No,Yes,No,No,Yes,Month-to-month,Yes,Electronic check,82.72,174.3,Yes
1278-YWDCP,Male,0,Yes,No,3,Yes,No,No,No internet service,No internet service,No internet service,No internet service,No internet service,No internet service,Month-to-month,No,Credit card (automatic),22.7,68.7,No
4121-GUGVZ,Female,0,No,No,0,Yes,No,DSL,Yes,Yes,Yes,Yes,No,No,Month-to-month,Yes,Mailed check,62.77,13.57,Yes
1464-HONTW,Male,0,Yes,No,17,Yes,No,Fiber optic,No,Yes,Yes,No,No,No,Two year,No,Mailed check,104.61,1791.59,No
5952-ZAOIV,Male,0,No,No,5,Yes,No,Fiber optic,Yes,No,No,Yes,No,Yes,Month-to-month,Yes,Electronic check,108.94,561.04,Yes
7652-GEXKE,Female,0,Yes,No,14,Yes,No,No,No internet service,No internet service,No internet service,No internet service,No internet service,No internet service,Two year,No,Credit card (automatic),25.11,339.58,No
9716-JJCFJ,Female,1,Yes,No,60,Yes,Yes,Fiber optic,Yes,No,No,No,No,No,Month-to-month,No,Bank transfer (automatic),95.54,5721.56,Yes
7806-SAFTR,Female,0,Yes,No,13,Yes,Yes,DSL,Yes,No,Yes,No,No,Yes,Month-to-month,Yes,Electronic check,65.96,876.52,Yes
9165-CTYPN,Male,0,No,No,58,Yes,Yes,No,No internet service,No internet service,No internet service,No internet service,No internet service,No internet service,Month-to-month,Yes,Credit card (automatic),25.46,1476.95,No
8245-BGIHK,Male,1,No,No,60,Yes,No,DSL,No,No,No,No,No,Yes,Month-to-month,No,Mailed check,61.52,3697.14,No
7868-VWXMI,Male,1,Yes,No,51,Yes,Yes,No,No internet service,No internet service,No internet service,No internet service,No internet service,No internet service,Month-to-month,Yes,Mailed check,27.9,1439.15,No
7571-XILRF,Female,0,Yes,Yes,2,Yes,No,DSL,No,Yes,No,No,No,No,Month-to-month,Yes,Electronic check,69.21,140.16,No
5007-PHUMM,Male,1,Yes,No,5,Yes,No,Fiber optic,Yes,No,No,No,Yes,Yes,One year,Yes,Mailed check,77.01,371.02,Yes
5524-HXYBI,Male,0,No,Yes,68,No,No phone service,Fiber optic,Yes,No,No,Yes,No,No,Month-to-month,Yes,Credit card (automatic),76.95,5227.99,No
1832-LZCHK,Male,0,Yes,No,4,Yes,Yes,DSL,No,No,No,Yes,No,No,One year,Yes,Mailed check,48.82,195.96,No
6678-WDWLY,Male,0,No,No,2,Yes,Yes,No,No internet service,No internet service,No internet service,No internet service,No internet service,No internet service,Two year,Yes,Bank transfer (automatic),21.16,41.33,Yes
1567-TKASS,Male,0,No,Yes,7,Yes,No,Fiber optic,No,No,Yes,Yes,Yes,No,One year,Yes,Credit card (automatic),81.67,591.46,No
1401-ARHRQ,Male,0,No,No,68,Yes,Yes,Fiber optic,No,No,No,No,No,No,Month-to-month,Yes,Bank transfer (automatic),100.74,6839.58,Yes
7735-ZISCT,Male,0,No,Yes,66,Yes,Yes,DSL,Yes,No,Yes,No,Yes,Yes,Month-to-month,Yes,Electronic check,49.62,3285.41,No
2925-FNEVZ,Female,1,Yes,No,21,Yes,Yes,DSL,No,No,No,Yes,No,No,Month-to-month,Yes,Mailed check,69.67,1444.33,No
7219-MYDHV,Female,0,No,No,10,Yes,No,Fiber optic,Yes,No,Yes,No,Yes,Yes,One year,No,Electronic check,80.84,803.02,No
2466-TMONI,Female,0,Yes,Yes,0,Yes,No,Fiber optic,No,Yes,No,No,No,No,One year,Yes,Credit card (automatic),106.2,0.0,Yes
4012-ERSTU,Male,0,Yes,No,2,Yes,Yes,DSL,No,No,No,No,Yes,Yes,Month-to-month,Yes,Credit card (automatic),55.12,112.94,Yes
4988-SIBYK,Male,0,No,No,70,Yes,No,No,No internet service,No internet service,No internet service,No internet service,No internet service,No internet service,Month-to-month,Yes,Bank transfer (automatic),26.6,1853.41,No
1037-KLNGK,Female,0,Yes,No,6,Yes,No,DSL,No,No,Yes,No,No,No,Month-to-month,Yes,Electronic check,65.39,397.28,No
6279-EZYMG,Male,0,Yes,No,6,Yes,No,No,No internet service,No internet service,No internet service,No internet service,No internet service,No internet service,Two year,Yes,Credit card (automatic),29.26,179.08,No
5206-ODHMU,Female,1,Yes,No,54,Yes,Yes,No,No internet service,No internet service,No internet service,No internet service,No internet service,No internet service,Month-to-month,Yes,Credit card (automatic),27.06,1461.84,No
2224-GSJVF,Male,0,Yes,Yes,3,Yes,No,No,No internet service,No internet service,No internet service,No internet service,No internet service,No internet service,Two year,No,Bank transfer (automatic),26.4,93.0,No
7460-HZZMU,Male,0,Yes,No,0,Yes,Yes,DSL,No,No,No,No,No,No,Two year,No,Electronic check,50.76,0.0,Yes
2731-SDRTR,Female,0,Yes,No,0,Yes,Yes,No,No internet service,No internet service,No internet service,No internet service,No internet service,No internet service,Two year,Yes,Electronic check,26.3,10.14,No
9774-RZMSO,Female,0,Yes,No,3,Yes,No,DSL,No,No,No,No,No,Yes,Month-to-month,Yes,Credit card (automatic),57.03,168.17,Yes
6345-UYMFY,Female,1,No,Yes,10,No,No phone service,Fiber optic,No,Yes,No,No,No,No,Month-to-month,Yes,Mailed check,110.74,1125.7,No
3599-RQCGJ,Female,0,No,No,58,Yes,No,No,No internet service,No internet service,No internet service,No internet service,No internet service,No internet service,Month-to-month,Yes,Electronic check,25.04,1438.72,Yes
1764-IPKYI,Female,0,No,No,3,Yes,Yes,Fiber optic,No,No,No,No,No,No,Two year,No,Bank transfer (automatic),71.68,224.42,Yes
3593-QVZFK,Male,0,No,No,55,Yes,No,Fiber optic,Yes,Yes,Yes,No,Yes,No,Month-to-month,No,Bank transfer (automatic),84.58,4634.49,No
2648-OEZNC,Male,0,No,No,7,Yes,No,DSL,Yes,Yes,No,No,No,Yes,One year,Yes,Mailed check,42.95,287.03,No
5689-ZEIMM,Male,0,No,No,58,Yes,No,Fiber optic,No,Yes,No,No,Yes,Yes,Two year,Yes,Mailed check,89.7,5203.78,No
9020-QZKYX,Female,0,No,No,58,Yes,No,Fiber optic,Yes,Yes,Yes,No,Yes,No,Two year,No,Bank transfer (automatic),95.43,5533.07,No
6610-RGAHN,Female,0,No,No,5,Yes,Yes,No,No internet service,No internet service,No internet service,No internet service,No internet service,No internet service,One year,Yes,Mailed check,22.42,130.5,No
1012-ATCBO,Female,0,Yes,No,71,Yes,Yes,DSL,No,Yes,No,No,No,No,Month-to-month,Yes,Credit card (automatic),63.97,4521.91,No
2230-OMYIF,Female,0,No,No,12,Yes,No,DSL,Yes,No,No,No,No,Yes,Month-to-month,No,Credit card (automatic),60.44,729.16,No
4926-WUUFH,Female,0,No,No,1,Yes,No,DSL,No,No,No,No,No,Yes,Month-to-month,Yes,Credit card (automatic),51.4,44.11,Yes
1234-DJFYV,Female,0,No,No,9,Yes,No,DSL,Yes,No,No,Yes,No,No,Two year,Yes,Bank transfer (automatic),56.84,510.97,No
8640-QGGCU,Male,0,No,Yes,67,No,No phone service,DSL,Yes,No,No,Yes,Yes,Yes,Two year,Yes,Electronic check,64.19,4302.95,No
7457-FEPEC,Male,1,Yes,Yes,12,No,No phone service,DSL,No,No,No,No,Yes,No,Month-to-month,No,Mailed check,43.08,518.57,No
7205-UYUNP,Male,0,Yes,No,50,No,No phone service,Fiber optic,Yes,No,No,No,No,Yes,Month-to-month,No,Bank transfer (automatic),108.51,5443.88,No
5891-DXWJP,Male,0,No,No,6,Yes,No,DSL,No,Yes,Yes,Yes,No,No,One year,Yes,Electronic check,48.61,311.13,Yes
5848-MAGFK,Male,0,No,Yes,65,Yes,Yes,Fiber optic,No,No,No,Yes,No,No,Month-to-month,Yes,Bank transfer (automatic),70.14,4559.29,Yes
5091-GOEWW,Female,0,Yes,No,4,Yes,No,DSL,No,Yes,No,No,No,No,Month-to-month,No,Electronic check,48.5,190.09,Yes
3870-QGFZF,Female,0,Yes,No,66,Yes,No,No,No internet service,No internet service,No internet service,No internet service,No internet service,No internet service,Month-to-month,No,Electronic check,20.74,1377.75,No
8591-DYTNN,Female,1,No,No,3,Yes,Yes,DSL,No,No,No,No,No,Yes,Two year,Yes,Mailed check,61.39,184.92,No
3622-MQSEL,Female,0,Yes,No,59,No,No phone service,DSL,No,No,No,Yes,No,Yes,Two year,No,Electronic check,69.94,4135.89,No
8422-AQXMI,Female,0,Yes,No,51,Yes,Yes,No,No internet service,No internet service,No internet service,No internet service,No internet service,No internet service,One year,Yes,Bank transfer (automatic),23.83,1210.66,No
7907-LQKML,Female,0,Yes,Yes,10,Yes,No,Fiber optic,Yes,No,No,Yes,No,No,One year,Yes,Mailed check,83.05,829.13,No
4616-LNXCM,Male,1,Yes,No,13,No,No phone service,No,No internet service,No internet service,No internet service,No internet service,No internet service,No internet service,Month-to-month,Yes,Bank transfer (automatic),25.59,315.92,No
3058-JLURP,Female,0,Yes,No,2,No,No phone service,DSL,No,No,Yes,No,Yes,No,One year,Yes,Electronic check,40.56,87.39,Yes
9740-IJFHZ,Female,0,No,No,69,Yes,Yes,Fiber optic,Yes,Yes,No,Yes,Yes,No,Month-to-month,No,Mailed check,104.88,7249.52,No
9209-BZIDC,Female,1,Yes,No,59,Yes,No,Fiber optic,Yes,No,No,Yes,Yes,No,Month-to-month,Yes,Bank transfer (automatic),71.57,4209.74,No
6179-OYOYD,Female,0,Yes,Yes,8,Yes,No,Fiber optic,No,Yes,No,No,Yes,No,Month-to-month,Yes,Bank transfer (automatic),98.18,803.5,Yes
8523-JJXUH,Male,0,No,No,53,Yes,No,Fiber optic,No,Yes,No,No,No,Yes,Month-to-month,No,Mailed check,108.79,5785.16,No
6109-GBBXN,Male,0,No,No,54,Yes,No,Fiber optic,No,No,No,No,Yes,No,Two year,No,Electronic check,86.89,4695.11,No
1407-ZBTGG,Female,0,Yes,No,7,Yes,Yes,Fiber optic,Yes,No,Yes,Yes,No,Yes,Two year,No,Bank transfer (automatic),97.21,663.61,No
6632-CSNIA,Male,0,No,Yes,50,Yes,Yes,Fiber optic,No,No,No,Yes,No,Yes,One year,Yes,Bank transfer (automatic),98.17,4920.32,No
5770-DQDXM,Male,0,No,No,0,Yes,No,Fiber optic,No,No,No,No,No,No,One year,Yes,Mailed check,75.43,0.0,No
5505-FYQSC,Female,0,No,Yes,56,Yes,No,Fiber optic,Yes,No,Yes,No,No,Yes,Month-to-month,Yes,Bank transfer (automatic),79.99,4494.05,No
5050-QFHJR,Female,0,No,No,16,Yes,No,Fiber optic,No,No,No,No,No,Yes,Month-to-month,Yes,Mailed check,79.4,1282.8,No
7830-KUBKQ,Female,0,No,No,1,Yes,Yes,Fiber optic,No,Yes,No,No,Yes,No,One year,Yes,Mailed check,75.01,78.44,Yes
1855-GNWVT,Female,0,Yes,No,26,No,No phone service,DSL,No,No,No,No,Yes,No,Month-to-month,Yes,Credit card (automatic),64.17,1649.82,Yes
8470-SHAED,Female,0,No,No,51,Yes,No,Fiber optic,No,Yes,No,No,No,No,Month-to-month,Yes,Credit card (automatic),90.74,4631.43,Yes
8819-ZLFMB,Male,0,No,No,3,Yes,No,No,No internet service,No internet service,No internet service,No internet service,No internet service,No internet service,One year,Yes,Electronic check,21.36,74.56,Yes
5401-YEPGR,Female,0,Yes,Yes,3,Yes,Yes,Fiber optic,No,No,No,No,Yes,No,Month-to-month,No,Electronic check,108.93,332.99,Yes
7421-RNAWQ,Female,0,No,No,12,Yes,No,Fiber optic,Yes,Yes,No,Yes,Yes,Yes,Month-to-month,Yes,Mailed check,112.65,1357.98,Yes
1257-KWFEJ,Female,0,No,No,2,Yes,No,Fiber optic,No,No,Yes,No,No,No,Month-to-month,Yes,Mailed check,92.06,194.78,Yes
6629-BLJRD,Male,0,No,Yes,16,Yes,No,Fiber optic,No,No,Yes,Yes,Yes,Yes,Month-to-month,Yes,Electronic check,107.97,1728.69,Yes
4370-LJGQZ,Female,0,Yes,Yes,25,Yes,No,No,No internet service,No internet service,No internet service,No internet service,No internet service,No internet service,One year,Yes,Credit card (automatic),21.21,540.86,No
3635-CXJKS,Female,0,Yes,No,66,Yes,No,DSL,Yes,Yes,No,No,No,No,One year,Yes,Bank transfer (automatic),49.62,3263.8,No
9620-HEQQG,Female,0,No,No,10,No,No phone service,DSL,Yes,No,No,No,No,No,Month-to-month,Yes,Credit card (automatic),50.52,501.48,Yes
6113-VHFFJ,Male,0,Yes,No,2,Yes,No,No,No internet service,No internet service,No internet service,No internet service,No internet service,No internet service,Two year,No,Bank transfer (automatic),29.9,66.16,No
9348-GWRQM,Female,0,No,No,18,Yes,No,Fiber optic,Yes,Yes,Yes,No,No,Yes,Two year,Yes,Electronic check,83.44,1488.48,No
8369-ESVQP,Female,0,Yes,No,1,No,No phone service,Fiber optic,No,No,No,No,No,Yes,Month-to-month,No,Mailed check,71.05,81.71,Yes
7015-QZOVG,Female,0,No,No,21,Yes,Yes,Fiber optic,Yes,No,No,Yes,Yes,Yes,One year,Yes,Electronic check,88.02,1851.85,No
3943-GXPWX,Male,0,No,Yes,1,Yes,No,Fiber optic,No,No,No,No,Yes,Yes,Month-to-month,Yes,Credit card (automatic),91.69,100.94,Yes
6208-BVWDE,Female,0,Yes,No,0,Yes,No,Fiber optic,No,Yes,Yes,Yes,Yes,Yes,One year,No,Electronic check,87.74,14.43,No
9944-OFODO,Female,0,Yes,No,0,Yes,No,Fiber optic,No,Yes,Yes,No,No,No,Two year,No,Mailed check,82.42,18.71,No
1963-DVUBT,Female,0,Yes,No,57,Yes,No,Fiber optic,Yes,No,Yes,No,Yes,Yes,Month-to-month,Yes,Bank transfer (automatic),108.6,6181.78,No
9718-KBJZB,Male,1,Yes,No,67,Yes,No,Fiber optic,No,Yes,No,No,No,No,One year,No,Mailed check,92.9,6236.07,No
7584-LAPBY,Female,0,No,No,19,Yes,Yes,No,No internet service,No internet service,No internet service,No internet service,No internet service,No internet service,Two year,Yes,Mailed check,21.63,405.38,No
2895-GYEEO,Female,0,No,No,5,No,No phone service,DSL,No,No,No,No,No,No,Month-to-month,Yes,Electronic check,44.39,221.36,Yes
2930-HSUNV,Female,0,Yes,No,54,Yes,No,DSL,No,No,No,No,No,No,Month-to-month,Yes,Electronic check,45.48,2460.38,No
7170-VYFTX,Male,0,Yes,No,22,Yes,Yes,Fiber optic,No,No,No,Yes,No,No,Month-to-month,No,Bank transfer (automatic),106.04,2322.36,Yes
2980-DYCLT,Male,0,Yes,Yes,3,Yes,No,Fiber optic,No,No,No,No,No,No,Month-to-month,No,Bank transfer (automatic),110.87,321.11,No
7870-FEDZK,Female,0,No,No,61,Yes,Yes,Fiber optic,No,No,No,No,Yes,No,Month-to-month,No,Mailed check,102.78,6273.26,No
3937-VRPZR,Male,0,Yes,Yes,60,Yes,No,DSL,No,No,No,No,Yes,No,Month-to-month,Yes,Credit card (automatic),54.0,3247.99,Yes
1509-UVPAE,Male,0,No,Yes,6,Yes,Yes,DSL,No,No,No,Yes,No,Yes,Month-to-month,Yes,Mailed check,45.89,293.55,No
3311-NYQKK,Male,0,No,No,53,Yes,Yes,No,No internet service,No internet service,No internet service,No internet service,No internet service,No internet service,Month-to-month,No,Bank transfer (automatic),21.9,1163.41,No
2615-CVAHA,Female,0,No,No,10,Yes,No,Fiber optic,No,No,No,No,No,No,One year,No,Bank transfer (automatic),97.56,979.26,No
1092-EVNBX,Female,1,No,No,55,Yes,No,DSL,No,No,No,No,No,Yes,Two year,No,Mailed check,62.07,3410.42,No
7363-RGKMU,Male,0,No,No,59,Yes,Yes,Fiber optic,No,No,No,Yes,No,Yes,Two year,Yes,Credit card (automatic),98.55,5825.81,No
6415-OGYNU,Male,1,No,Yes,9,Yes,No,DSL,No,No,No,No,Yes,No,Month-to-month,Yes,Mailed check,60.63,555.1,Yes
1531-KHLIO,Male,0,No,Yes,63,Yes,No,Fiber optic,No,Yes,No,No,No,No,Two year,No,Bank transfer (automatic),99.31,6244.14,No
6510-UNEVK,Female,1,Yes,Yes,58,Yes,No,Fiber optic,Yes,No,No,Yes,No,No,Two year,Yes,Electronic check,82.95,4806.48,No
4772-JJJXL,Female,0,No,No,17,Yes,Yes,Fiber optic,No,No,No,No,Yes,No,Two year,No,Bank transfer (automatic),88.31,1486.68,No
9868-ATDPY,Male,0,Yes,Yes,20,Yes,No,Fiber optic,No,Yes,No,No,No,No,Two year,Yes,Bank transfer (automatic),96.07,1905.77,No
3405-GLLYB,Male,0,No,Yes,0,Yes,Yes,Fiber optic,No,No,No,Yes,No,Yes,Two year,Yes,Credit card (automatic),83.52,17.27,No
5732-GVXPN,Male,1,No,No,59,Yes,Yes,Fiber optic,Yes,Yes,No,No,No,No,Month-to-month,Yes,Electronic check,78.92,4662.86,Yes
7526-JGNRI,Male,0,No,Yes,18,Yes,No,No,No internet service,No internet service,No internet service,No internet service,No internet service,No internet service,Month-to-month,Yes,Electronic check,29.21,541.6,Yes
9729-GVMBP,Female,0,No,Yes,56,Yes,Yes,DSL,Yes,No,Yes,Yes,Yes,Yes,Month-to-month,Yes,Mailed check,55.56,3114.3,No
6739-OULPK,Male,1,Yes,No,70,Yes,No,Fiber optic,No,Yes,No,No,Yes,Yes,Month-to-month,No,Mailed check,76.88,5371.89,Yes
9281-WPMRU,Female,0,No,No,62,No,No phone service,No,No internet service,No internet service,No internet service,No internet service,No internet service,No internet service,Two year,No,Electronic check,26.1,1608.62,No
9646-RZLMF,Male,0,Yes,No,3,Yes,Yes,DSL,No,Yes,No,Yes,Yes,No,Month-to-month,No,Electronic check,40.41,110.97,No
9640-FTVTV,Male,1,Yes,No,7,Yes,No,DSL,No,Yes,No,No,No,Yes,Two year,No,Bank transfer (automatic),51.63,354.04,No
1313-GFPMK,Male,0,Yes,No,0,Yes,No,Fiber optic,No,Yes,No,No,Yes,No,Two year,Yes,Bank transfer (automatic),94.25,0.0,No
3875-ZFTYL,Male,0,Yes,Yes,4,Yes,No,DSL,Yes,No,No,No,No,Yes,Month-to-month,Yes,Credit card (automatic),44.03,161.74,No
1899-IRABE,Male,0,No,No,0,Yes,No,No,No internet service,No internet service,No internet service,No internet service,No internet service,No internet service,Month-to-month,No,Electronic check,18.28,15.97,Yes
9512-VOTSR,Female,0,No,No,0,Yes,Yes,DSL,Yes,No,No,Yes,Yes,Yes,Month-to-month,No,Mailed check,50.1,2.97,No
8310-SQPGN,Male,0,No,No,53,Yes,Yes,DSL,No,No,No,No,Yes,No,One year,No,Electronic check,57.7,3046.88,No
6221-ZAYVC,Male,1,Yes,No,50,No,No phone service,No,No internet service,No internet service,No internet service,No internet service,No internet service,No internet service,Two year,Yes,Electronic check,18.6,932.9,No
1729-JRATS,Male,0,No,No,66,Yes,No,DSL,No,No,No,Yes,No,No,Two year,Yes,Electronic check,40.75,2679.38,No
5454-VSZMT,Female,0,No,No,4,Yes,No,No,No internet service,No internet service,No internet service,No internet service,No internet service,No internet service,Month-to-month,Yes,Electronic check,27.18,116.04,No
7874-FOGTP,Female,0,No,No,64,Yes,No,DSL,No,Yes,Yes,No,Yes,No,Month-to-month,No,Electronic check,54.18,3482.95,Yes
4101-KOMJO,Female,0,No,No,8,Yes,No,No,No internet service,No internet service,No internet service,No internet service,No internet service,No internet service,Month-to-month,No,Mailed check,28.56,215.04,No
7605-LKDXM,Female,0,No,No,60,Yes,Yes,DSL,No,Yes,No,Yes,No,No,Month-to-month,No,Bank transfer (automatic),64.73,3885.85,No
5987-RILHS,Male,0,Yes,No,1,No,No phone service,DSL,No,No,Yes,Yes,Yes,Yes,Two year,Yes,Mailed check,61.09,55.87,No
6609-NASXN,Male,0,No,No,0,Yes,Yes,Fiber optic,No,No,No,No,No,Yes,Month-to-month,No,Electronic check,91.33,13.01,Yes
4252-FNDMY,Male,0,No,Yes,57,Yes,No,Fiber optic,Yes,Yes,No,No,Yes,No,Month-to-month,No,Mailed check,72.17,4095.62,No
6286-YQXIN,Female,0,No,No,56,Yes,Yes,DSL,No,No,No,No,No,Yes,Month-to-month,Yes,Mailed check,66.79,3748.06,No
5345-LUXQN,Male,0,Yes,Yes,5,Yes,Yes,DSL,No,Yes,No,No,No,No,Month-to-month,Yes,Bank transfer (automatic),42.97,220.65,Yes
6267-HDKVP,Male,0,No,Yes,68,Yes,No,Fiber optic,Yes,No,No,Yes,Yes,No,One year,Yes,Credit card (automatic),76.73,5228.85,No
5095-MMBFO,Female,0,No,No,55,Yes,Yes,No,No internet service,No internet service,No internet service,No internet service,No internet service,No internet service,Month-to-month,No,Bank transfer (automatic),20.2,1113.06,No
6175-QANJG,Female,0,No,No,8,Yes,No,No,No internet service,No internet service,No internet service,No internet service,No internet service,No internet service,Month-to-month,Yes,Bank transfer (automatic),28.35,224.6,Yes
2113-DMQEK,Female,0,No,Yes,7,Yes,No,Fiber optic,No,Yes,Yes,Yes,Yes,Yes,One year,Yes,Mailed check,92.78,639.64,Yes
8767-UGDQC,Male,0,Yes,No,12,Yes,Yes,DSL,No,No,No,No,No,No,Month-to-month,Yes,Bank transfer (automatic),68.45,836.54,Yes
5948-BMTUQ,Male,0,Yes,No,71,Yes,Yes,Fiber optic,No,Yes,No,Yes,No,No,One year,Yes,Mailed check,87.09,6199.14,No
3614-WTUSV,Female,0,No,No,6,Yes,Yes,DSL,No,Yes,Yes,No,No,No,Two year,Yes,Credit card (automatic),65.88,395.18,No
6696-RJFCK,Male,0,No,Yes,72,Yes,Yes,DSL,No,No,Yes,No,Yes,No,One year,Yes,Bank transfer (automatic),50.21,3631.38,No
4474-GHMFM,Female,0,No,No,9,Yes,No,Fiber optic,No,No,No,No,No,Yes,Month-to-month,No,Electronic check,110.85,979.26,No
6887-UJPCO,Female,0,Yes,No,0,Yes,No,No,No internet service,No internet service,No internet service,No internet service,No internet service,No internet service,One year,No,Credit card (automatic),28.84,13.7,Yes
8167-ZJSUE,Male,0,No,No,5,Yes,Yes,No,No internet service,No internet service,No internet service,No internet service,No internet service,No internet service,Two year,Yes,Mailed check,28.34,153.93,No
5034-PIEDN,Female,0,Yes,No,64,Yes,No,No,No internet service,No internet service,No internet service,No internet service,No internet service,No internet service,Month-to-month,No,Electronic check,28.67,1847.72,No
6770-IMCQK,Female,0,No,No,0,Yes,Yes,Fiber optic,No,Yes,No,Yes,No,Yes,One year,Yes,Credit card (automatic),76.59,5.85,No
6317-BXGED,Female,0,Yes,Yes,66,Yes,No,No,No internet service,No internet service,No internet service,No internet service,No internet service,No internet service,Month-to-month,No,Mailed check,29.87,1974.12,No
6905-PZCJO,Male,1,No,No,59,Yes,No,Fiber optic,No,Yes,No,No,Yes,No,Two year,Yes,Electronic check,100.39,5936.34,No
8488-LDSER,Female,0,Yes,No,2,Yes,Yes,No,No internet service,No internet service,No internet service,No internet service,No internet service,No internet service,Month-to-month,Yes,Mailed check,19.91,50.57,No
